Run_ID	Created_At	PR	Failed_s390x_Jobs	Failed_Job_URLs	Run_URL	Title
33132802963	2026-08-28T01:25:17Z	-	test-java-plugins / Slow tests (noble, s390x, edge, 3.12)	https://github.com/canonical/craft-parts/actions/runs/33132802963/job/98725931392	https://github.com/canonical/craft-parts/actions/runs/33132802963	ci: use empty strings to prevent workflow evaluation failures
33102906349	2026-08-27T18:19:39Z	-	test-java-plugins / Slow tests (noble, s390x, edge, 3.12)	https://github.com/canonical/craft-parts/actions/runs/33102906349/job/98626499031	https://github.com/canonical/craft-parts/actions/runs/33102906349	fix: refresh build snaps if already installed
33084867601	2026-08-27T14:54:40Z	-	test-java-plugins / Slow tests (noble, s390x, edge, 3.12)	https://github.com/canonical/craft-parts/actions/runs/33084867601/job/98561931201	https://github.com/canonical/craft-parts/actions/runs/33084867601	chore: release 2.35.1
33035789392	2026-08-27T03:14:58Z	-	test-java-plugins / Slow tests (noble, s390x, edge, 3.12)	https://github.com/canonical/craft-parts/actions/runs/33035789392/job/98398061698	https://github.com/canonical/craft-parts/actions/runs/33035789392	feat: use '@' for separating deb names and versions
32987636689	2026-08-26T16:18:17Z	-	test-common / Slow tests (noble, s390x, edge, 3.12); test-other-plugins / Slow tests (noble, s390x, edge, 3.12); test-python-plugins / Slow tests (noble, s390x, edge, 3.12); test-java-plugins / Slow tests (noble, s390x, edge, 3.12); test-common / Fast tests (noble, s390x, edge)	https://github.com/canonical/craft-parts/actions/runs/32987636689/job/98237555310; https://github.com/canonical/craft-parts/actions/runs/32987636689/job/98237555317; https://github.com/canonical/craft-parts/actions/runs/32987636689/job/98237555364; https://github.com/canonical/craft-parts/actions/runs/32987636689/job/98237555438; https://github.com/canonical/craft-parts/actions/runs/32987636689/job/98237556288	https://github.com/canonical/craft-parts/actions/runs/32987636689	build(deps): lock file maintenance
32987578728	2026-08-26T16:17:32Z	-	test-common / Slow tests (noble, s390x, edge, 3.12); test-python-plugins / Slow tests (noble, s390x, edge, 3.12); test-other-plugins / Slow tests (noble, s390x, edge, 3.12); test-common / Fast tests (noble, s390x, edge); test-java-plugins / Slow tests (noble, s390x, edge, 3.12)	https://github.com/canonical/craft-parts/actions/runs/32987578728/job/98237368805; https://github.com/canonical/craft-parts/actions/runs/32987578728/job/98237368878; https://github.com/canonical/craft-parts/actions/runs/32987578728/job/98237368898; https://github.com/canonical/craft-parts/actions/runs/32987578728/job/98237368969; https://github.com/canonical/craft-parts/actions/runs/32987578728/job/98237369093	https://github.com/canonical/craft-parts/actions/runs/32987578728	build(deps): lock file maintenance (main)
32968140588	2026-08-26T12:21:33Z	-	test-java-plugins / Slow tests (noble, s390x, edge, 3.12)	https://github.com/canonical/craft-parts/actions/runs/32968140588/job/98175278777	https://github.com/canonical/craft-parts/actions/runs/32968140588	feat: use '@' for separating deb names and versions
32925237537	2026-08-26T03:07:01Z	-	test-java-plugins / Slow tests (noble, s390x, edge, 3.12)	https://github.com/canonical/craft-parts/actions/runs/32925237537/job/98046757160	https://github.com/canonical/craft-parts/actions/runs/32925237537	feat: use '@' for separating deb names and versions
32917824927	2026-08-26T01:08:14Z	-	test-java-plugins / Slow tests (noble, s390x, edge, 3.12)	https://github.com/canonical/craft-parts/actions/runs/32917824927/job/98025132094	https://github.com/canonical/craft-parts/actions/runs/32917824927	docs(dump): add usage examples
32881748426	2026-08-25T18:05:43Z	-	test-python-plugins / Slow tests (noble, s390x, edge, 3.12)	https://github.com/canonical/craft-parts/actions/runs/32881748426/job/97912649020	https://github.com/canonical/craft-parts/actions/runs/32881748426	docs: update reference for the rust plugin
32878200400	2026-08-25T17:29:37Z	-	test-other-plugins / Slow tests (noble, s390x, edge, 3.12); test-java-plugins / Slow tests (noble, s390x, edge, 3.12); test-common / Slow tests (noble, s390x, edge, 3.12)	https://github.com/canonical/craft-parts/actions/runs/32878200400/job/97935432214; https://github.com/canonical/craft-parts/actions/runs/32878200400/job/97935432266; https://github.com/canonical/craft-parts/actions/runs/32878200400/job/97935432652	https://github.com/canonical/craft-parts/actions/runs/32878200400	fix: refresh build snaps if already installed
32877140160	2026-08-25T17:18:46Z	-	test-common / Slow tests (noble, s390x, edge, 3.12)	https://github.com/canonical/craft-parts/actions/runs/32877140160/job/97897916291	https://github.com/canonical/craft-parts/actions/runs/32877140160	fix: refresh build snaps if already installed
32756255931	2026-08-24T17:22:32Z	-	test-java-plugins / Slow tests (noble, s390x, edge, 3.12)	https://github.com/canonical/craft-parts/actions/runs/32756255931/job/97789111201	https://github.com/canonical/craft-parts/actions/runs/32756255931	fix(deb): refresh apt cache before marking packages
32754973505	2026-08-24T17:09:18Z	-	test-java-plugins / Slow tests (noble, s390x, edge, 3.12)	https://github.com/canonical/craft-parts/actions/runs/32754973505/job/97520492742	https://github.com/canonical/craft-parts/actions/runs/32754973505	build(deps): update pre-commit hook astral-sh/ruff-pre-commit to v0.16.4 (main)
32754919536	2026-08-24T17:08:43Z	-	test-java-plugins / Slow tests (noble, s390x, edge, 3.12)	https://github.com/canonical/craft-parts/actions/runs/32754919536/job/97520441811	https://github.com/canonical/craft-parts/actions/runs/32754919536	feat: improve error message for checksum mismatch (#1683)
32734076781	2026-08-24T13:40:30Z	-	test-java-plugins / Slow tests (noble, s390x, edge, 3.12)	https://github.com/canonical/craft-parts/actions/runs/32734076781/job/97452690610	https://github.com/canonical/craft-parts/actions/runs/32734076781	fix(validator): use stdout for command output
32731953682	2026-08-24T13:18:49Z	-	test-java-plugins / Slow tests (noble, s390x, edge, 3.12)	https://github.com/canonical/craft-parts/actions/runs/32731953682/job/97445930971	https://github.com/canonical/craft-parts/actions/runs/32731953682	build(deps): update pre-commit hook astral-sh/ruff-pre-commit to v0.16.4
32731901069	2026-08-24T13:18:17Z	-	test-java-plugins / Slow tests (noble, s390x, edge, 3.12)	https://github.com/canonical/craft-parts/actions/runs/32731901069/job/97445764538	https://github.com/canonical/craft-parts/actions/runs/32731901069	test: add tests for chowns after file migration (#1680)
32693609794	2026-08-24T05:27:35Z	-	test-java-plugins / Slow tests (noble, s390x, edge, 3.12)	https://github.com/canonical/craft-parts/actions/runs/32693609794/job/97331578072	https://github.com/canonical/craft-parts/actions/runs/32693609794	fix(validator): use stdout for command output
32639217503	2026-08-23T12:22:43Z	-	test-common / Fast tests (noble, s390x, edge); test-java-plugins / Slow tests (noble, s390x, edge, 3.12)	https://github.com/canonical/craft-parts/actions/runs/32639217503/job/97193599183; https://github.com/canonical/craft-parts/actions/runs/32639217503/job/97193599222	https://github.com/canonical/craft-parts/actions/runs/32639217503	feat: show url of package that could not be retrieved
32618187818	2026-08-23T04:33:58Z	-	test-java-plugins / Slow tests (noble, s390x, edge, 3.12)	https://github.com/canonical/craft-parts/actions/runs/32618187818/job/97142178865	https://github.com/canonical/craft-parts/actions/runs/32618187818	build(deps): update pre-commit hook astral-sh/ruff-pre-commit to v0.16.4 (main)
32601900535	2026-08-22T22:14:55Z	-	test-java-plugins / Slow tests (noble, s390x, edge, 3.12)	https://github.com/canonical/craft-parts/actions/runs/32601900535/job/97101336454	https://github.com/canonical/craft-parts/actions/runs/32601900535	fix(plugins/qmake): use source-subdir if declared
32601850195	2026-08-22T22:13:49Z	-	test-java-plugins / Slow tests (noble, s390x, edge, 3.12)	https://github.com/canonical/craft-parts/actions/runs/32601850195/job/97101230198	https://github.com/canonical/craft-parts/actions/runs/32601850195	feat(package/apt): validate all stage packages
32601697771	2026-08-22T22:10:32Z	-	test-java-plugins / Slow tests (noble, s390x, edge, 3.12)	https://github.com/canonical/craft-parts/actions/runs/32601697771/job/97427790940	https://github.com/canonical/craft-parts/actions/runs/32601697771	build(deps): update pre-commit hook astral-sh/ruff-pre-commit to v0.16.4
32595831028	2026-08-22T20:09:02Z	-	test-java-plugins / Slow tests (noble, s390x, edge, 3.12)	https://github.com/canonical/craft-parts/actions/runs/32595831028/job/97086485023	https://github.com/canonical/craft-parts/actions/runs/32595831028	fix(executor): preserve special files during build copy
32573461638	2026-08-22T12:36:47Z	-	test-java-plugins / Slow tests (noble, s390x, edge, 3.12)	https://github.com/canonical/craft-parts/actions/runs/32573461638/job/97032292776	https://github.com/canonical/craft-parts/actions/runs/32573461638	docs: update reference for the rust plugin
32551646245	2026-08-22T04:25:07Z	-	test-other-plugins / Slow tests (noble, s390x, edge, 3.12)	https://github.com/canonical/craft-parts/actions/runs/32551646245/job/96979295740	https://github.com/canonical/craft-parts/actions/runs/32551646245	fix(deb): avoid python-apt for installed package checks
32548293369	2026-08-22T03:11:25Z	-	test-java-plugins / Slow tests (noble, s390x, edge, 3.12)	https://github.com/canonical/craft-parts/actions/runs/32548293369/job/96970685945	https://github.com/canonical/craft-parts/actions/runs/32548293369	feat(package/apt): validate all stage packages
32548204585	2026-08-22T03:09:30Z	-	test-java-plugins / Slow tests (noble, s390x, edge, 3.12)	https://github.com/canonical/craft-parts/actions/runs/32548204585/job/96970422198	https://github.com/canonical/craft-parts/actions/runs/32548204585	feat: improve error message for checksum mismatch
32527752312	2026-08-21T21:16:55Z	-	test-java-plugins / Slow tests (noble, s390x, edge, 3.12)	https://github.com/canonical/craft-parts/actions/runs/32527752312/job/96913310536	https://github.com/canonical/craft-parts/actions/runs/32527752312	fix: add git source mutual exclusivity to schema (#1679)
32498991575	2026-08-21T15:41:47Z	-	test-java-plugins / Slow tests (noble, s390x, edge, 3.12)	https://github.com/canonical/craft-parts/actions/runs/32498991575/job/96824064244	https://github.com/canonical/craft-parts/actions/runs/32498991575	fix: add git source mutual exclusivity to schema
32429220750	2026-08-20T23:34:32Z	-	test-java-plugins / Slow tests (noble, s390x, edge, 3.12)	https://github.com/canonical/craft-parts/actions/runs/32429220750/job/96617302176	https://github.com/canonical/craft-parts/actions/runs/32429220750	feat: Add agent skill to create new plugins
32400289713	2026-08-20T17:55:14Z	-	test-java-plugins / Slow tests (noble, s390x, edge, 3.12)	https://github.com/canonical/craft-parts/actions/runs/32400289713/job/96526603991	https://github.com/canonical/craft-parts/actions/runs/32400289713	ci: make zizmor accept unpinned references to Starflow
32400290072	2026-08-20T17:55:14Z	-	test-java-plugins / Slow tests (noble, s390x, edge, 3.12)	https://github.com/canonical/craft-parts/actions/runs/32400290072/job/96533693787	https://github.com/canonical/craft-parts/actions/runs/32400290072	ci: run tests on Ubuntu 26.04
32400287153	2026-08-20T17:55:13Z	-	test-java-plugins / Slow tests (noble, s390x, edge, 3.12)	https://github.com/canonical/craft-parts/actions/runs/32400287153/job/96779225390	https://github.com/canonical/craft-parts/actions/runs/32400287153	test: delete integration test temp dirs on success in CI
32400285448	2026-08-20T17:55:12Z	-	test-java-plugins / Slow tests (noble, s390x, edge, 3.12)	https://github.com/canonical/craft-parts/actions/runs/32400285448/job/96526577243	https://github.com/canonical/craft-parts/actions/runs/32400285448	ci: don't install lxd (#1677)
32385670530	2026-08-20T15:21:47Z	-	test-java-plugins / Slow tests (noble, s390x, edge, 3.12)	https://github.com/canonical/craft-parts/actions/runs/32385670530/job/96479566385	https://github.com/canonical/craft-parts/actions/runs/32385670530	ci: make zizmor accept unpinned references to Starflow
32385668947	2026-08-20T15:21:46Z	-	test-java-plugins / Slow tests (noble, s390x, edge, 3.12)	https://github.com/canonical/craft-parts/actions/runs/32385668947/job/96479433955	https://github.com/canonical/craft-parts/actions/runs/32385668947	test: delete integration test temp dirs on success in CI
32375068243	2026-08-20T13:34:44Z	-	test-java-plugins / Slow tests (noble, s390x, edge, 3.12)	https://github.com/canonical/craft-parts/actions/runs/32375068243/job/96444583975	https://github.com/canonical/craft-parts/actions/runs/32375068243	test: delete integration test temp dirs on success in CI
32298309300	2026-08-19T20:24:00Z	-	test-java-plugins / Slow tests (noble, s390x, edge, 3.12)	https://github.com/canonical/craft-parts/actions/runs/32298309300/job/96215100486	https://github.com/canonical/craft-parts/actions/runs/32298309300	ci: run tests on Ubuntu 26.04
32271250171	2026-08-19T15:38:19Z	-	test-common / Fast tests (noble, s390x, edge); test-other-plugins / Slow tests (noble, s390x, edge, 3.12); test-java-plugins / Slow tests (noble, s390x, edge, 3.12); test-python-plugins / Slow tests (noble, s390x, edge, 3.12); test-common / Slow tests (noble, s390x, edge, 3.12)	https://github.com/canonical/craft-parts/actions/runs/32271250171/job/96127972182; https://github.com/canonical/craft-parts/actions/runs/32271250171/job/96127972198; https://github.com/canonical/craft-parts/actions/runs/32271250171/job/96127972274; https://github.com/canonical/craft-parts/actions/runs/32271250171/job/96127972534; https://github.com/canonical/craft-parts/actions/runs/32271250171/job/96127972559	https://github.com/canonical/craft-parts/actions/runs/32271250171	build(deps): lock file maintenance (main)
32271245733	2026-08-19T15:38:16Z	-	test-python-plugins / Slow tests (noble, s390x, edge, 3.12); test-java-plugins / Slow tests (noble, s390x, edge, 3.12); test-other-plugins / Slow tests (noble, s390x, edge, 3.12); test-common / Fast tests (noble, s390x, edge); test-common / Slow tests (noble, s390x, edge, 3.12)	https://github.com/canonical/craft-parts/actions/runs/32271245733/job/96127956238; https://github.com/canonical/craft-parts/actions/runs/32271245733/job/96127956334; https://github.com/canonical/craft-parts/actions/runs/32271245733/job/96127956376; https://github.com/canonical/craft-parts/actions/runs/32271245733/job/96127956435; https://github.com/canonical/craft-parts/actions/runs/32271245733/job/96127956488	https://github.com/canonical/craft-parts/actions/runs/32271245733	build(deps): lock file maintenance
32261949319	2026-08-19T14:05:33Z	-	test-java-plugins / Slow tests (noble, s390x, edge, 3.12)	https://github.com/canonical/craft-parts/actions/runs/32261949319/job/96157919733	https://github.com/canonical/craft-parts/actions/runs/32261949319	feat: add stage-slices key
32255074386	2026-08-19T12:53:50Z	-	test-common / Slow tests (noble, s390x, edge, 3.12)	https://github.com/canonical/craft-parts/actions/runs/32255074386/job/96074769002	https://github.com/canonical/craft-parts/actions/runs/32255074386	refactor: remove unused parameter list_only (#1671)
32177263997	2026-08-18T19:33:23Z	-	test-other-plugins / Slow tests (noble, s390x, edge, 3.12); test-common / Slow tests (noble, s390x, edge, 3.12); test-common / Fast tests (noble, s390x, edge); test-python-plugins / Slow tests (noble, s390x, edge, 3.12); test-java-plugins / Slow tests (noble, s390x, edge, 3.12)	https://github.com/canonical/craft-parts/actions/runs/32177263997/job/95841954287; https://github.com/canonical/craft-parts/actions/runs/32177263997/job/95841954306; https://github.com/canonical/craft-parts/actions/runs/32177263997/job/95841954349; https://github.com/canonical/craft-parts/actions/runs/32177263997/job/95841954426; https://github.com/canonical/craft-parts/actions/runs/32177263997/job/95841954461	https://github.com/canonical/craft-parts/actions/runs/32177263997	build(deps): lock file maintenance (main)
32177258537	2026-08-18T19:33:19Z	-	test-common / Slow tests (noble, s390x, edge, 3.12); test-python-plugins / Slow tests (noble, s390x, edge, 3.12); test-common / Fast tests (noble, s390x, edge); test-java-plugins / Slow tests (noble, s390x, edge, 3.12); test-other-plugins / Slow tests (noble, s390x, edge, 3.12)	https://github.com/canonical/craft-parts/actions/runs/32177258537/job/95841939221; https://github.com/canonical/craft-parts/actions/runs/32177258537/job/95841939233; https://github.com/canonical/craft-parts/actions/runs/32177258537/job/95841939249; https://github.com/canonical/craft-parts/actions/runs/32177258537/job/95841939338; https://github.com/canonical/craft-parts/actions/runs/32177258537/job/95841939395	https://github.com/canonical/craft-parts/actions/runs/32177258537	build(deps): lock file maintenance
32172509165	2026-08-18T18:42:34Z	-	test-java-plugins / Slow tests (noble, s390x, edge, 3.12)	https://github.com/canonical/craft-parts/actions/runs/32172509165/job/95826753598	https://github.com/canonical/craft-parts/actions/runs/32172509165	ci: add zizmor actions permission (#1670)
32153747843	2026-08-18T15:19:24Z	-	test-common / Slow tests (noble, s390x, edge, 3.12)	https://github.com/canonical/craft-parts/actions/runs/32153747843/job/95765801231	https://github.com/canonical/craft-parts/actions/runs/32153747843	fix(deb): refresh apt cache before marking packages
31922941951	2026-08-16T02:53:34Z	-	test-java-plugins / Slow tests (noble, s390x, edge, 3.12)	https://github.com/canonical/craft-parts/actions/runs/31922941951/job/95105751367	https://github.com/canonical/craft-parts/actions/runs/31922941951	feat(snaps): use '@' for separating stage-snap names from their channels.
31914738449	2026-08-15T23:26:40Z	-	test-java-plugins / Slow tests (noble, s390x, edge, 3.12)	https://github.com/canonical/craft-parts/actions/runs/31914738449/job/95084840017	https://github.com/canonical/craft-parts/actions/runs/31914738449	build(deps): update pre-commit hook astral-sh/ruff-pre-commit to v0.16.2
31902940075	2026-08-15T19:05:34Z	-	test-java-plugins / Slow tests (noble, s390x, edge, 3.12)	https://github.com/canonical/craft-parts/actions/runs/31902940075/job/95056359210	https://github.com/canonical/craft-parts/actions/runs/31902940075	build(deps): update pre-commit hook astral-sh/ruff-pre-commit to v0.16.3
31834201678	2026-08-14T19:38:50Z	-	test-java-plugins / Slow tests (noble, s390x, edge, 3.12)	https://github.com/canonical/craft-parts/actions/runs/31834201678/job/94876706108	https://github.com/canonical/craft-parts/actions/runs/31834201678	feat: add stage-slices key
31744479481	2026-08-13T21:11:10Z	-	test-java-plugins / Slow tests (noble, s390x, edge, 3.12)	https://github.com/canonical/craft-parts/actions/runs/31744479481/job/94595658233	https://github.com/canonical/craft-parts/actions/runs/31744479481	feat: add stage-slices key
31733527675	2026-08-13T18:58:57Z	-	test-java-plugins / Slow tests (noble, s390x, edge, 3.12)	https://github.com/canonical/craft-parts/actions/runs/31733527675/job/94559606670	https://github.com/canonical/craft-parts/actions/runs/31733527675	fix(executor): handle empty-string organize path
31725222419	2026-08-13T17:20:38Z	-	test-java-plugins / Slow tests (noble, s390x, edge, 3.12)	https://github.com/canonical/craft-parts/actions/runs/31725222419/job/94531829520	https://github.com/canonical/craft-parts/actions/runs/31725222419	fix: prevent file deletion during self-linking in link_or_copy
31721924340	2026-08-13T16:41:08Z	-	test-java-plugins / Slow tests (noble, s390x, edge, 3.12); test-common / Fast tests (noble, s390x, edge); test-python-plugins / Slow tests (noble, s390x, edge, 3.12)	https://github.com/canonical/craft-parts/actions/runs/31721924340/job/94520745606; https://github.com/canonical/craft-parts/actions/runs/31721924340/job/94520745662; https://github.com/canonical/craft-parts/actions/runs/31721924340/job/94520745675	https://github.com/canonical/craft-parts/actions/runs/31721924340	build(deps): lock file maintenance (main)
31721920182	2026-08-13T16:41:05Z	-	test-python-plugins / Slow tests (noble, s390x, edge, 3.12); test-common / Fast tests (noble, s390x, edge); test-common / Slow tests (noble, s390x, edge, 3.12)	https://github.com/canonical/craft-parts/actions/runs/31721920182/job/94520731082; https://github.com/canonical/craft-parts/actions/runs/31721920182/job/94520731297; https://github.com/canonical/craft-parts/actions/runs/31721920182/job/94520731320	https://github.com/canonical/craft-parts/actions/runs/31721920182	build(deps): lock file maintenance
31720802573	2026-08-13T16:27:55Z	-	test-java-plugins / Slow tests (noble, s390x, edge, 3.12)	https://github.com/canonical/craft-parts/actions/runs/31720802573/job/94517013916	https://github.com/canonical/craft-parts/actions/runs/31720802573	fix(npm): escape backslash line continuation in tar command
31720763020	2026-08-13T16:27:27Z	-	test-java-plugins / Slow tests (noble, s390x, edge, 3.12)	https://github.com/canonical/craft-parts/actions/runs/31720763020/job/94516878634	https://github.com/canonical/craft-parts/actions/runs/31720763020	Add zizmor permissions to policy job in policy.yaml (#1668)
31708300973	2026-08-13T14:05:10Z	-	test-java-plugins / Slow tests (noble, s390x, edge, 3.12)	https://github.com/canonical/craft-parts/actions/runs/31708300973/job/94474367834	https://github.com/canonical/craft-parts/actions/runs/31708300973	feat(snaps): use '@' for separating stage-snap names from their channels.
31656236875	2026-08-13T00:59:15Z	-	test-other-plugins / Slow tests (noble, s390x, edge, 3.12)	https://github.com/canonical/craft-parts/actions/runs/31656236875/job/94500202735	https://github.com/canonical/craft-parts/actions/runs/31656236875	chore: add zizmor permissions to policy workflow job
31522566940	2026-08-11T18:24:41Z	-	test-java-plugins / Slow tests (noble, s390x, edge, 3.12)	https://github.com/canonical/craft-parts/actions/runs/31522566940/job/93883282253	https://github.com/canonical/craft-parts/actions/runs/31522566940	feat(snaps): use '@' for separating stage-snap names from their channels.
31517330314	2026-08-11T17:23:43Z	-	test-common / Fast tests (noble, s390x, edge)	https://github.com/canonical/craft-parts/actions/runs/31517330314/job/93865640913	https://github.com/canonical/craft-parts/actions/runs/31517330314	build(deps): lock file maintenance (main)
31517326077	2026-08-11T17:23:40Z	-	test-common / Fast tests (noble, s390x, edge)	https://github.com/canonical/craft-parts/actions/runs/31517326077/job/93865625417	https://github.com/canonical/craft-parts/actions/runs/31517326077	build(deps): lock file maintenance
31517289314	2026-08-11T17:23:14Z	-	test-java-plugins / Slow tests (noble, s390x, edge, 3.12)	https://github.com/canonical/craft-parts/actions/runs/31517289314/job/93865504786	https://github.com/canonical/craft-parts/actions/runs/31517289314	build(deps): update pre-commit hook astral-sh/ruff-pre-commit to v0.16.3 (main)
31517283646	2026-08-11T17:23:10Z	-	test-java-plugins / Slow tests (noble, s390x, edge, 3.12)	https://github.com/canonical/craft-parts/actions/runs/31517283646/job/93865485877	https://github.com/canonical/craft-parts/actions/runs/31517283646	build(deps): update pre-commit hook astral-sh/ruff-pre-commit to v0.16.2
31510229315	2026-08-11T16:01:49Z	-	test-java-plugins / Slow tests (noble, s390x, edge, 3.12)	https://github.com/canonical/craft-parts/actions/runs/31510229315/job/93842231530	https://github.com/canonical/craft-parts/actions/runs/31510229315	docs: declare slug in config
31353292368	2026-08-10T03:41:23Z	-	test-common / Fast tests (noble, s390x, edge); test-java-plugins / Slow tests (noble, s390x, edge, 3.12); test-common / Slow tests (noble, s390x, edge, 3.12); test-python-plugins / Slow tests (noble, s390x, edge, 3.12)	https://github.com/canonical/craft-parts/actions/runs/31353292368/job/93348028655; https://github.com/canonical/craft-parts/actions/runs/31353292368/job/93348028659; https://github.com/canonical/craft-parts/actions/runs/31353292368/job/93348028669; https://github.com/canonical/craft-parts/actions/runs/31353292368/job/93348028682	https://github.com/canonical/craft-parts/actions/runs/31353292368	build(deps): lock file maintenance (main)
30783133060	2026-08-03T03:58:24Z	-	test-common / Slow tests (noble, s390x, edge, 3.12); test-common / Fast tests (noble, s390x, edge); test-other-plugins / Slow tests (noble, s390x, edge, 3.12); test-python-plugins / Slow tests (noble, s390x, edge, 3.12); test-java-plugins / Slow tests (noble, s390x, edge, 3.12)	https://github.com/canonical/craft-parts/actions/runs/30783133060/job/91591532443; https://github.com/canonical/craft-parts/actions/runs/30783133060/job/91591532468; https://github.com/canonical/craft-parts/actions/runs/30783133060/job/91591532472; https://github.com/canonical/craft-parts/actions/runs/30783133060/job/91591532495; https://github.com/canonical/craft-parts/actions/runs/30783133060/job/91591532556	https://github.com/canonical/craft-parts/actions/runs/30783133060	build(deps): lock file maintenance
30624601937	2026-07-31T10:44:45Z	-	test-java-plugins / Slow tests (noble, s390x, edge, 3.12)	https://github.com/canonical/craft-parts/actions/runs/30624601937/job/91136822385	https://github.com/canonical/craft-parts/actions/runs/30624601937	fix(executor): handle empty-string organize path
30441276755	2026-07-29T09:50:41Z	-	test-other-plugins / Slow tests (noble, s390x, edge, 3.12); test-java-plugins / Slow tests (noble, s390x, edge, 3.12)	https://github.com/canonical/craft-parts/actions/runs/30441276755/job/90540905674; https://github.com/canonical/craft-parts/actions/runs/30441276755/job/90540905683	https://github.com/canonical/craft-parts/actions/runs/30441276755	fix(deb): avoid python-apt for installed package checks
30233975316	2026-07-27T03:11:02Z	-	test-common / Fast tests (noble, s390x, edge); test-java-plugins / Slow tests (noble, s390x, edge, 3.12); test-common / Slow tests (noble, s390x, edge, 3.12); test-python-plugins / Slow tests (noble, s390x, edge, 3.12); test-other-plugins / Slow tests (noble, s390x, edge, 3.12)	https://github.com/canonical/craft-parts/actions/runs/30233975316/job/89878026243; https://github.com/canonical/craft-parts/actions/runs/30233975316/job/89878026280; https://github.com/canonical/craft-parts/actions/runs/30233975316/job/89878026319; https://github.com/canonical/craft-parts/actions/runs/30233975316/job/89878026334; https://github.com/canonical/craft-parts/actions/runs/30233975316/job/89878026396	https://github.com/canonical/craft-parts/actions/runs/30233975316	build(deps): lock file maintenance
30192875188	2026-07-26T07:28:45Z	-	test-java-plugins / Slow tests (noble, s390x, edge, 3.12)	https://github.com/canonical/craft-parts/actions/runs/30192875188/job/89769147037	https://github.com/canonical/craft-parts/actions/runs/30192875188	build(deps): update pre-commit hook astral-sh/ruff-pre-commit to v0.16.1 (main)
30180094435	2026-07-25T23:49:49Z	-	test-java-plugins / Slow tests (noble, s390x, edge, 3.12)	https://github.com/canonical/craft-parts/actions/runs/30180094435/job/89735086850	https://github.com/canonical/craft-parts/actions/runs/30180094435	build(deps): update pre-commit hook astral-sh/ruff-pre-commit to v0.16.0
30111869091	2026-07-24T17:09:03Z	-	test-common / Slow tests (noble, s390x, edge, 3.12); test-other-plugins / Slow tests (noble, s390x, edge, 3.12)	https://github.com/canonical/craft-parts/actions/runs/30111869091/job/89543153974; https://github.com/canonical/craft-parts/actions/runs/30111869091/job/89543154001	https://github.com/canonical/craft-parts/actions/runs/30111869091	Add support for ignoring phasing
30095526032	2026-07-24T13:05:32Z	-	test-java-plugins / Slow tests (noble, s390x, edge, 3.12)	https://github.com/canonical/craft-parts/actions/runs/30095526032/job/89498770810	https://github.com/canonical/craft-parts/actions/runs/30095526032	fix: prevent file deletion during self-linking in link_or_copy
29979519481	2026-07-23T04:25:44Z	-	test-common / Slow tests (noble, s390x, edge, 3.12)	https://github.com/canonical/craft-parts/actions/runs/29979519481/job/89118250439	https://github.com/canonical/craft-parts/actions/runs/29979519481	feat: add overlay-recommended-packages (#1651)
29961182529	2026-07-22T21:58:20Z	-	test-java-plugins / Slow tests (noble, s390x, edge, 3.12)	https://github.com/canonical/craft-parts/actions/runs/29961182529/job/89062390447	https://github.com/canonical/craft-parts/actions/runs/29961182529	feat: add overlay-recommended-packages
29948438870	2026-07-22T18:50:36Z	-	test-java-plugins / Slow tests (noble, s390x, edge, 3.12)	https://github.com/canonical/craft-parts/actions/runs/29948438870/job/89019732668	https://github.com/canonical/craft-parts/actions/runs/29948438870	ci: add copilot-collections config (#1655)
29931933097	2026-07-22T15:08:18Z	-	test-java-plugins / Slow tests (noble, s390x, edge, 3.12)	https://github.com/canonical/craft-parts/actions/runs/29931933097/job/88963616719	https://github.com/canonical/craft-parts/actions/runs/29931933097	docs: update craft-providers link
29926748196	2026-07-22T14:03:32Z	-	test-java-plugins / Slow tests (noble, s390x, edge, 3.12)	https://github.com/canonical/craft-parts/actions/runs/29926748196/job/88945767982	https://github.com/canonical/craft-parts/actions/runs/29926748196	docs: update craft-providers link
29920955250	2026-07-22T12:45:35Z	-	test-java-plugins / Slow tests (noble, s390x, edge, 3.12)	https://github.com/canonical/craft-parts/actions/runs/29920955250/job/88926025606	https://github.com/canonical/craft-parts/actions/runs/29920955250	feat: add overlay-recommended-packages
29785757879	2026-07-20T22:59:28Z	-	test-java-plugins / Slow tests (noble, s390x, edge, 3.12)	https://github.com/canonical/craft-parts/actions/runs/29785757879/job/88496844227	https://github.com/canonical/craft-parts/actions/runs/29785757879	build(deps): update actions/setup-node action to v7
29634192088	2026-07-18T06:33:18Z	-	test-java-plugins / Slow tests (noble, s390x, edge, 3.12)	https://github.com/canonical/craft-parts/actions/runs/29634192088/job/88053441082	https://github.com/canonical/craft-parts/actions/runs/29634192088	build(deps): update pre-commit hook astral-sh/ruff-pre-commit to v0.15.22 (main)
29607768635	2026-07-17T19:30:22Z	-	test-java-plugins / Slow tests (noble, s390x, edge, 3.12)	https://github.com/canonical/craft-parts/actions/runs/29607768635/job/87975055233	https://github.com/canonical/craft-parts/actions/runs/29607768635	fix(parts): run override build on working subdir
29584966386	2026-07-17T13:41:58Z	-	test-java-plugins / Slow tests (noble, s390x, edge, 3.12)	https://github.com/canonical/craft-parts/actions/runs/29584966386/job/87899648869	https://github.com/canonical/craft-parts/actions/runs/29584966386	feat: add overlay-recommended-packages
29540671544	2026-07-16T22:50:30Z	-	test-java-plugins / Slow tests (noble, s390x, edge, 3.12)	https://github.com/canonical/craft-parts/actions/runs/29540671544/job/88491936704	https://github.com/canonical/craft-parts/actions/runs/29540671544	docs: fix cmake plugin ref in parts explanation
29457111352	2026-07-15T22:58:15Z	-	test-java-plugins / Slow tests (noble, s390x, edge, 3.12)	https://github.com/canonical/craft-parts/actions/runs/29457111352/job/87492627455	https://github.com/canonical/craft-parts/actions/runs/29457111352	ci: align policy OSV scanner inputs (#1640)
29454807709	2026-07-15T22:15:40Z	-	test-java-plugins / Slow tests (noble, s390x, edge, 3.12)	https://github.com/canonical/craft-parts/actions/runs/29454807709/job/87485521621	https://github.com/canonical/craft-parts/actions/runs/29454807709	docs: update craft-providers link
29452325389	2026-07-15T21:33:03Z	-	test-java-plugins / Slow tests (noble, s390x, edge, 3.12)	https://github.com/canonical/craft-parts/actions/runs/29452325389/job/87478368038	https://github.com/canonical/craft-parts/actions/runs/29452325389	ci: skip tests on documentation-only PRs
29447703773	2026-07-15T20:17:01Z	-	test-common / Fast tests (noble, s390x, edge)	https://github.com/canonical/craft-parts/actions/runs/29447703773/job/87472809665	https://github.com/canonical/craft-parts/actions/runs/29447703773	feat: set `DEBIAN_FRONTEND=noninteractive` by default
29374856085	2026-07-14T23:01:28Z	-	test-java-plugins / Slow tests (noble, s390x, edge, 3.12)	https://github.com/canonical/craft-parts/actions/runs/29374856085/job/87226089556	https://github.com/canonical/craft-parts/actions/runs/29374856085	docs(python): clarify python-requirements usage (#1595)
29364776690	2026-07-14T20:12:02Z	-	test-java-plugins / Slow tests (noble, s390x, edge, 3.12)	https://github.com/canonical/craft-parts/actions/runs/29364776690/job/87193569012	https://github.com/canonical/craft-parts/actions/runs/29364776690	ci: align policy OSV scanner inputs
29349206410	2026-07-14T16:20:09Z	-	test-java-plugins / Slow tests (noble, s390x, edge, 3.12)	https://github.com/canonical/craft-parts/actions/runs/29349206410/job/87140787422	https://github.com/canonical/craft-parts/actions/runs/29349206410	build(deps): update actions/checkout action to v7 (#1638)
29137073793	2026-07-11T02:52:56Z	-	test-java-plugins / Slow tests (noble, s390x, edge, 3.12)	https://github.com/canonical/craft-parts/actions/runs/29137073793/job/86503261326	https://github.com/canonical/craft-parts/actions/runs/29137073793	build(deps): update actions/checkout action to v7 (main)
29136826484	2026-07-11T02:43:50Z	-	test-java-plugins / Slow tests (noble, s390x, edge, 3.12)	https://github.com/canonical/craft-parts/actions/runs/29136826484/job/86502585747	https://github.com/canonical/craft-parts/actions/runs/29136826484	build(deps): lock file maintenance (main)
29134393221	2026-07-11T01:18:39Z	-	test-java-plugins / Slow tests (noble, s390x, edge, 3.12)	https://github.com/canonical/craft-parts/actions/runs/29134393221/job/86495759774	https://github.com/canonical/craft-parts/actions/runs/29134393221	build(deps): update dependency sphinx-substitution-extensions to v2026 (hotfix/2.33)
29062757099	2026-07-10T01:36:25Z	-	test-java-plugins / Slow tests (noble, s390x, edge, 3.12)	https://github.com/canonical/craft-parts/actions/runs/29062757099/job/86267920762	https://github.com/canonical/craft-parts/actions/runs/29062757099	build(deps): update dependency mypy to v2 (main)
29036843519	2026-07-09T17:23:01Z	-	test-java-plugins / Slow tests (noble, s390x, edge, 3.12)	https://github.com/canonical/craft-parts/actions/runs/29036843519/job/86183795361	https://github.com/canonical/craft-parts/actions/runs/29036843519	chore: merge 2.34.1 into main (#1634)
29032639946	2026-07-09T16:14:11Z	-	test-java-plugins / Slow tests (noble, s390x, edge, 3.12)	https://github.com/canonical/craft-parts/actions/runs/29032639946/job/86174436740	https://github.com/canonical/craft-parts/actions/runs/29032639946	chore: merge 2.34.1 into main
29027559053	2026-07-09T14:58:14Z	-	test-other-plugins / Slow tests (noble, s390x, edge, 3.12); test-java-plugins / Slow tests (noble, s390x, edge, 3.12)	https://github.com/canonical/craft-parts/actions/runs/29027559053/job/86151387606; https://github.com/canonical/craft-parts/actions/runs/29027559053/job/86151387612	https://github.com/canonical/craft-parts/actions/runs/29027559053	fix(poetry): don't install the export plugin from apt
28892790955	2026-07-07T19:27:00Z	-	test-java-plugins / Slow tests (noble, s390x, edge, 3.12)	https://github.com/canonical/craft-parts/actions/runs/28892790955/job/85709681952	https://github.com/canonical/craft-parts/actions/runs/28892790955	feat(PROTOTYPE): root_dir for handling monorepos
28693431816	2026-07-04T03:23:58Z	-	test-java-plugins / Slow tests (noble, s390x, edge, 3.12)	https://github.com/canonical/craft-parts/actions/runs/28693431816/job/85098832737	https://github.com/canonical/craft-parts/actions/runs/28693431816	build(deps): update actions/checkout action to v7
28451907958	2026-06-30T14:27:18Z	-	test-java-plugins / Slow tests (noble, s390x, edge, 3.12)	https://github.com/canonical/craft-parts/actions/runs/28451907958/job/84381602563	https://github.com/canonical/craft-parts/actions/runs/28451907958	build(deps): update pre-commit hook astral-sh/ruff-pre-commit to v0.1…
28390588328	2026-06-29T17:27:41Z	-	test-java-plugins / Slow tests (noble, s390x, edge, 3.12)	https://github.com/canonical/craft-parts/actions/runs/28390588328/job/84116396493	https://github.com/canonical/craft-parts/actions/runs/28390588328	build: bump starlette
28299754376	2026-06-27T19:41:55Z	-	test-java-plugins / Slow tests (noble, s390x, edge, 3.12)	https://github.com/canonical/craft-parts/actions/runs/28299754376/job/84110413821	https://github.com/canonical/craft-parts/actions/runs/28299754376	build(deps): update pre-commit hook astral-sh/ruff-pre-commit to v0.1…
28273867863	2026-06-27T01:06:10Z	-	test-java-plugins / Slow tests (noble, s390x, edge, 3.12)	https://github.com/canonical/craft-parts/actions/runs/28273867863/job/83776607842	https://github.com/canonical/craft-parts/actions/runs/28273867863	build(deps): update dependency sphinx-substitution-extensions to v2025.12.15 (hotfix/2.33)
28273837645	2026-06-27T01:05:03Z	-	test-java-plugins / Slow tests (noble, s390x, edge, 3.12); test-other-plugins / Slow tests (noble, s390x, edge, 3.12)	https://github.com/canonical/craft-parts/actions/runs/28273837645/job/83776517589; https://github.com/canonical/craft-parts/actions/runs/28273837645/job/83776517670	https://github.com/canonical/craft-parts/actions/runs/28273837645	build(deps): update dependency mypy to v2
28273822918	2026-06-27T01:04:29Z	-	test-java-plugins / Slow tests (noble, s390x, edge, 3.12)	https://github.com/canonical/craft-parts/actions/runs/28273822918/job/83776472646	https://github.com/canonical/craft-parts/actions/runs/28273822918	build(deps): update actions/checkout action to v7
28273821040	2026-06-27T01:04:25Z	-	test-java-plugins / Slow tests (noble, s390x, edge, 3.12)	https://github.com/canonical/craft-parts/actions/runs/28273821040/job/83776466860	https://github.com/canonical/craft-parts/actions/runs/28273821040	build(deps): update pre-commit hook astral-sh/ruff-pre-commit to v0.1…
28119085713	2026-06-24T18:01:20Z	-	test-java-plugins / Slow tests (noble, s390x, edge, 3.12)	https://github.com/canonical/craft-parts/actions/runs/28119085713/job/83266068283	https://github.com/canonical/craft-parts/actions/runs/28119085713	fix(colcon): add missing build-packages to colcon (#1622)
28100416943	2026-06-24T13:02:09Z	-	test-java-plugins / Slow tests (noble, s390x, edge, 3.12)	https://github.com/canonical/craft-parts/actions/runs/28100416943/job/83200651025	https://github.com/canonical/craft-parts/actions/runs/28100416943	fix(plugins/colcon): disable test targets by default (#1623)
27880761695	2026-06-20T18:57:47Z	-	test-java-plugins / Slow tests (noble, s390x, edge, 3.12)	https://github.com/canonical/craft-parts/actions/runs/27880761695/job/82507807218	https://github.com/canonical/craft-parts/actions/runs/27880761695	build(deps): update bugfixes to v0.15.18
27860933744	2026-06-20T05:02:00Z	-	test-java-plugins / Slow tests (noble, s390x, edge, 3.12); test-other-plugins / Slow tests (noble, s390x, edge, 3.12)	https://github.com/canonical/craft-parts/actions/runs/27860933744/job/82456717328; https://github.com/canonical/craft-parts/actions/runs/27860933744/job/82456717403	https://github.com/canonical/craft-parts/actions/runs/27860933744	build(deps): update bugfixes to v0.15.17
27835261316	2026-06-19T15:43:33Z	-	test-java-plugins / Slow tests (noble, s390x, edge, 3.12)	https://github.com/canonical/craft-parts/actions/runs/27835261316/job/82381643265	https://github.com/canonical/craft-parts/actions/runs/27835261316	fix: dependency handling when organizing to overlay (#1618)
27831938104	2026-06-19T14:35:25Z	-	test-java-plugins / Slow tests (noble, s390x, edge, 3.12)	https://github.com/canonical/craft-parts/actions/runs/27831938104/job/82370607958	https://github.com/canonical/craft-parts/actions/runs/27831938104	build(deps): update dependency sphinx-substitution-extensions to v2026
27830858720	2026-06-19T14:13:46Z	-	test-java-plugins / Slow tests (noble, s390x, edge, 3.12)	https://github.com/canonical/craft-parts/actions/runs/27830858720/job/82366989512	https://github.com/canonical/craft-parts/actions/runs/27830858720	fix(plugins/colcon): disable test targets by default
27825190383	2026-06-19T12:17:15Z	-	test-java-plugins / Slow tests (noble, s390x, edge, 3.12)	https://github.com/canonical/craft-parts/actions/runs/27825190383/job/83044228761	https://github.com/canonical/craft-parts/actions/runs/27825190383	fix(colcon): add missing build-packages to colcon
27820347632	2026-06-19T10:29:29Z	-	test-java-plugins / Slow tests (noble, s390x, edge, 3.12)	https://github.com/canonical/craft-parts/actions/runs/27820347632/job/82331675284	https://github.com/canonical/craft-parts/actions/runs/27820347632	fix(colcon): add missing build-packages to colcon
27716643303	2026-06-17T20:10:07Z	-	test-other-plugins / Slow tests (noble, s390x, edge, 3.12); test-java-plugins / Slow tests (noble, s390x, edge, 3.12)	https://github.com/canonical/craft-parts/actions/runs/27716643303/job/81991167664; https://github.com/canonical/craft-parts/actions/runs/27716643303/job/81991168425	https://github.com/canonical/craft-parts/actions/runs/27716643303	ci: update code owners
27714492076	2026-06-17T19:32:07Z	-	test-java-plugins / Slow tests (noble, s390x, edge, 3.12)	https://github.com/canonical/craft-parts/actions/runs/27714492076/job/81983728727	https://github.com/canonical/craft-parts/actions/runs/27714492076	chore(merge): hotfix/2.33 into main
27713937009	2026-06-17T19:22:15Z	-	test-other-plugins / Slow tests (noble, s390x, edge, 3.12)	https://github.com/canonical/craft-parts/actions/runs/27713937009/job/81981832880	https://github.com/canonical/craft-parts/actions/runs/27713937009	fix: migrate overlay files before running stage or prime (#1617) (#1619)
27709415248	2026-06-17T18:02:19Z	-	test-java-plugins / Slow tests (noble, s390x, edge, 3.12); test-other-plugins / Slow tests (noble, s390x, edge, 3.12)	https://github.com/canonical/craft-parts/actions/runs/27709415248/job/81966310317; https://github.com/canonical/craft-parts/actions/runs/27709415248/job/81966310367	https://github.com/canonical/craft-parts/actions/runs/27709415248	docs(uv): clarify stage-packages usage
27689104090	2026-06-17T12:31:30Z	-	test-other-plugins / Slow tests (noble, s390x, edge, 3.12)	https://github.com/canonical/craft-parts/actions/runs/27689104090/job/81895204243	https://github.com/canonical/craft-parts/actions/runs/27689104090	fix: handle dependencies when organizing to overlay
27685857124	2026-06-17T11:32:07Z	-	test-java-plugins / Slow tests (noble, s390x, edge, 3.12)	https://github.com/canonical/craft-parts/actions/runs/27685857124/job/81884267689	https://github.com/canonical/craft-parts/actions/runs/27685857124	docs(changelog): finalize 2.33.0 (#1549)
27637097773	2026-06-16T17:51:24Z	-	test-java-plugins / Slow tests (noble, s390x, edge, 3.12)	https://github.com/canonical/craft-parts/actions/runs/27637097773/job/81727126282	https://github.com/canonical/craft-parts/actions/runs/27637097773	fix: migrate overlay files before running stage or prime (#1617)
27476951976	2026-06-13T19:36:32Z	-	test-java-plugins / Slow tests (noble, s390x, edge, 3.12)	https://github.com/canonical/craft-parts/actions/runs/27476951976/job/81217892158	https://github.com/canonical/craft-parts/actions/runs/27476951976	build(deps): update bugfixes to v0.15.17
27455611777	2026-06-13T03:45:59Z	-	test-common / Slow tests (noble, s390x, edge, 3.12); test-java-plugins / Slow tests (noble, s390x, edge, 3.12)	https://github.com/canonical/craft-parts/actions/runs/27455611777/job/81159502226; https://github.com/canonical/craft-parts/actions/runs/27455611777/job/81159502290	https://github.com/canonical/craft-parts/actions/runs/27455611777	build(deps): update bugfixes to v0.15.16
27417220141	2026-06-12T12:59:56Z	-	test-java-plugins / Slow tests (noble, s390x, edge, 3.12)	https://github.com/canonical/craft-parts/actions/runs/27417220141/job/81312661444	https://github.com/canonical/craft-parts/actions/runs/27417220141	feat(plugins): allow subclasses to set autoconf parameters
27373454379	2026-06-11T19:53:57Z	-	test-java-plugins / Slow tests (noble, s390x, edge, 3.12)	https://github.com/canonical/craft-parts/actions/runs/27373454379/job/80891463654	https://github.com/canonical/craft-parts/actions/runs/27373454379	fix: migrate overlay files before running stage or prime
27344944706	2026-06-11T11:54:47Z	-	test-java-plugins / Slow tests (noble, s390x, edge, 3.12)	https://github.com/canonical/craft-parts/actions/runs/27344944706/job/80791013157	https://github.com/canonical/craft-parts/actions/runs/27344944706	build(deps): update dependency sphinx-substitution-extensions to v2026 (main)
27288538125	2026-06-10T15:55:33Z	-	test-java-plugins / Slow tests (noble, s390x, edge, 3.12)	https://github.com/canonical/craft-parts/actions/runs/27288538125/job/80602484497	https://github.com/canonical/craft-parts/actions/runs/27288538125	docs: finalize 2.34.0
27280685230	2026-06-10T13:44:30Z	-	test-common / Fast tests (noble, s390x, edge); test-other-plugins / Slow tests (noble, s390x, edge, 3.12)	https://github.com/canonical/craft-parts/actions/runs/27280685230/job/80574082301; https://github.com/canonical/craft-parts/actions/runs/27280685230/job/80574082949	https://github.com/canonical/craft-parts/actions/runs/27280685230	feat: allow the plus sign in partition names
27265305227	2026-06-10T09:00:48Z	-	test-other-plugins / Slow tests (noble, s390x, edge, 3.12); test-java-plugins / Slow tests (noble, s390x, edge, 3.12)	https://github.com/canonical/craft-parts/actions/runs/27265305227/job/80520816828; https://github.com/canonical/craft-parts/actions/runs/27265305227/job/80520817008	https://github.com/canonical/craft-parts/actions/runs/27265305227	docs: finalize 2.34.0
27222875892	2026-06-09T17:09:31Z	-	test-java-plugins / Slow tests (noble, s390x, edge, 3.12)	https://github.com/canonical/craft-parts/actions/runs/27222875892/job/80560212786	https://github.com/canonical/craft-parts/actions/runs/27222875892	feat: allow applications to set build environment
27032697224	2026-06-05T18:26:10Z	-	test-common / Fast tests (noble, s390x, edge)	https://github.com/canonical/craft-parts/actions/runs/27032697224/job/79788810471	https://github.com/canonical/craft-parts/actions/runs/27032697224	feat: allow applications to set build environment
27022456242	2026-06-05T14:59:22Z	-	test-common / Fast tests (noble, s390x, edge)	https://github.com/canonical/craft-parts/actions/runs/27022456242/job/79753702500	https://github.com/canonical/craft-parts/actions/runs/27022456242	Make the `nil` plugin out-of-source
26971001503	2026-06-04T18:19:46Z	-	test-java-plugins / Slow tests (noble, s390x, edge, 3.12)	https://github.com/canonical/craft-parts/actions/runs/26971001503/job/79585915809	https://github.com/canonical/craft-parts/actions/runs/26971001503	fix(deb): avoid re-downloading cached stage-packages
26952366212	2026-06-04T12:41:55Z	-	test-java-plugins / Slow tests (noble, s390x, edge, 3.12); test-other-plugins / Slow tests (noble, s390x, edge, 3.12)	https://github.com/canonical/craft-parts/actions/runs/26952366212/job/79520638459; https://github.com/canonical/craft-parts/actions/runs/26952366212/job/79520638622	https://github.com/canonical/craft-parts/actions/runs/26952366212	feat: allow applications to set build environment
26908697439	2026-06-03T19:42:40Z	-	test-java-plugins / Slow tests (noble, s390x, edge, 3.12)	https://github.com/canonical/craft-parts/actions/runs/26908697439/job/79380548412	https://github.com/canonical/craft-parts/actions/runs/26908697439	fix(executor): preserve special files during build copy
26900413789	2026-06-03T17:05:03Z	-	test-common / Fast tests (noble, s390x, edge); test-java-plugins / Slow tests (noble, s390x, edge, 3.12)	https://github.com/canonical/craft-parts/actions/runs/26900413789/job/79351000595; https://github.com/canonical/craft-parts/actions/runs/26900413789/job/79351000952	https://github.com/canonical/craft-parts/actions/runs/26900413789	ci: test on Python 3.14 and Ubuntu 26.04 (Resolute)
26896799655	2026-06-03T15:58:40Z	-	test-java-plugins / Slow tests (noble, s390x, edge, 3.12)	https://github.com/canonical/craft-parts/actions/runs/26896799655/job/79337952806	https://github.com/canonical/craft-parts/actions/runs/26896799655	build(deps): lock file maintenance
26896763863	2026-06-03T15:58:03Z	-	test-other-plugins / Slow tests (noble, s390x, edge, 3.12)	https://github.com/canonical/craft-parts/actions/runs/26896763863/job/79337824085	https://github.com/canonical/craft-parts/actions/runs/26896763863	build(deps): update ruff-pre-commit to v0.15.15 (main)
26892191704	2026-06-03T14:40:23Z	-	test-java-plugins / Slow tests (noble, s390x, edge, 3.12); test-other-plugins / Slow tests (noble, s390x, edge, 3.12); test-common / Fast tests (noble, s390x, edge)	https://github.com/canonical/craft-parts/actions/runs/26892191704/job/79321036492; https://github.com/canonical/craft-parts/actions/runs/26892191704/job/79321036552; https://github.com/canonical/craft-parts/actions/runs/26892191704/job/79321037073	https://github.com/canonical/craft-parts/actions/runs/26892191704	feat: handle snap components in stage-snaps
26846064278	2026-06-02T20:27:49Z	-	test-java-plugins / Slow tests (noble, s390x, edge, 3.12); test-common / Fast tests (noble, s390x, edge)	https://github.com/canonical/craft-parts/actions/runs/26846064278/job/79165920234; https://github.com/canonical/craft-parts/actions/runs/26846064278/job/79165920343	https://github.com/canonical/craft-parts/actions/runs/26846064278	feat: handle snap components in stage-snaps
26676434442	2026-05-30T06:05:31Z	-	test-java-plugins / Slow tests (noble, s390x, edge, 3.12)	https://github.com/canonical/craft-parts/actions/runs/26676434442/job/78629025468	https://github.com/canonical/craft-parts/actions/runs/26676434442	feat(organize): support build pseudo-partition source
26642973529	2026-05-29T14:26:21Z	-	test-java-plugins / Slow tests (noble, s390x, edge, 3.12)	https://github.com/canonical/craft-parts/actions/runs/26642973529/job/78520795716	https://github.com/canonical/craft-parts/actions/runs/26642973529	feat(organize): support build pseudo-partition source
26519221028	2026-05-27T14:56:53Z	-	test-common / Fast tests (noble, s390x, edge)	https://github.com/canonical/craft-parts/actions/runs/26519221028/job/78105087385	https://github.com/canonical/craft-parts/actions/runs/26519221028	fix(executor): preserve special files during build copy
26502587794	2026-05-27T09:21:30Z	-	test-java-plugins / Slow tests (noble, s390x, edge, 3.12)	https://github.com/canonical/craft-parts/actions/runs/26502587794/job/78046655020	https://github.com/canonical/craft-parts/actions/runs/26502587794	fix(sources): detect local file source changes
26479242788	2026-05-26T22:39:47Z	-	test-java-plugins / Slow tests (noble, s390x, edge, 3.12)	https://github.com/canonical/craft-parts/actions/runs/26479242788/job/77972855568	https://github.com/canonical/craft-parts/actions/runs/26479242788	refactor: use pathlib internally
26472606674	2026-05-26T20:14:54Z	-	test-common / Slow tests (noble, s390x, edge, 3.12); test-common / Fast tests (noble, s390x, edge)	https://github.com/canonical/craft-parts/actions/runs/26472606674/job/77949804251; https://github.com/canonical/craft-parts/actions/runs/26472606674/job/77949804270	https://github.com/canonical/craft-parts/actions/runs/26472606674	fix(git): checkout commit before updating submodules
26466456130	2026-05-26T18:12:19Z	-	test-java-plugins / Slow tests (noble, s390x, edge, 3.12)	https://github.com/canonical/craft-parts/actions/runs/26466456130/job/77927946313	https://github.com/canonical/craft-parts/actions/runs/26466456130	chore: add Copilot collections
26459283158	2026-05-26T15:52:29Z	-	test-java-plugins / Slow tests (noble, s390x, edge, 3.12)	https://github.com/canonical/craft-parts/actions/runs/26459283158/job/77902259778	https://github.com/canonical/craft-parts/actions/runs/26459283158	ci: separate flaky tests into their own job
26367811608	2026-05-24T17:21:39Z	-	test-common / Slow tests (noble, s390x, edge, 3.12)	https://github.com/canonical/craft-parts/actions/runs/26367811608/job/77614569948	https://github.com/canonical/craft-parts/actions/runs/26367811608	fix(git): checkout commit before updating submodules
26339773496	2026-05-23T18:04:02Z	-	test-java-plugins / Slow tests (noble, s390x, edge, 3.12)	https://github.com/canonical/craft-parts/actions/runs/26339773496/job/77539618345	https://github.com/canonical/craft-parts/actions/runs/26339773496	build(deps): update pre-commit hook astral-sh/ruff-pre-commit to v0.1…
26326064317	2026-05-23T06:43:42Z	-	test-java-plugins / Slow tests (noble, s390x, edge, 3.12)	https://github.com/canonical/craft-parts/actions/runs/26326064317/job/77503929716	https://github.com/canonical/craft-parts/actions/runs/26326064317	fix(organize): nest overlay directory globs
26299241434	2026-05-22T16:20:35Z	-	test-java-plugins / Slow tests (noble, s390x, edge, 3.12)	https://github.com/canonical/craft-parts/actions/runs/26299241434/job/77419839004	https://github.com/canonical/craft-parts/actions/runs/26299241434	docs(uv): clarify stage-packages usage
26293512693	2026-05-22T14:25:42Z	-	test-java-plugins / Slow tests (noble, s390x, edge, 3.12)	https://github.com/canonical/craft-parts/actions/runs/26293512693/job/77399855146	https://github.com/canonical/craft-parts/actions/runs/26293512693	feat(overlay): plugins can define overlay commands (#1567)
26291720358	2026-05-22T13:50:18Z	-	test-java-plugins / Slow tests (noble, s390x, edge, 3.12)	https://github.com/canonical/craft-parts/actions/runs/26291720358/job/77393431768	https://github.com/canonical/craft-parts/actions/runs/26291720358	feat(snaps): use '@' for separating stage-snap names from their channels.
26291170532	2026-05-22T13:39:36Z	-	test-java-plugins / Slow tests (noble, s390x, edge, 3.12)	https://github.com/canonical/craft-parts/actions/runs/26291170532/job/77391562065	https://github.com/canonical/craft-parts/actions/runs/26291170532	fix(organize): allow merging directories in overlay with metadata differences
26273664325	2026-05-22T07:07:10Z	-	test-java-plugins / Slow tests (noble, s390x, edge, 3.12)	https://github.com/canonical/craft-parts/actions/runs/26273664325/job/77332721404	https://github.com/canonical/craft-parts/actions/runs/26273664325	fix(errors): generalize partition usage resolution
26227738077	2026-05-21T13:04:55Z	-	test-common / Slow tests (noble, s390x, edge, 3.12); test-common / Fast tests (noble, s390x, edge); test-python-plugins / Slow tests (noble, s390x, edge, 3.12); test-java-plugins / Slow tests (noble, s390x, edge, 3.12)	https://github.com/canonical/craft-parts/actions/runs/26227738077/job/77179243258; https://github.com/canonical/craft-parts/actions/runs/26227738077/job/77179243276; https://github.com/canonical/craft-parts/actions/runs/26227738077/job/77179243400; https://github.com/canonical/craft-parts/actions/runs/26227738077/job/77179243670	https://github.com/canonical/craft-parts/actions/runs/26227738077	docs(uv): clarify stage-packages usage
26208461495	2026-05-21T06:01:05Z	-	test-java-plugins / Slow tests (noble, s390x, edge, 3.12)	https://github.com/canonical/craft-parts/actions/runs/26208461495/job/77113417296	https://github.com/canonical/craft-parts/actions/runs/26208461495	fix(deb): avoid re-downloading cached stage-packages
26190525655	2026-05-20T21:17:28Z	-	test-other-plugins / Slow tests (noble, s390x, edge, 3.12)	https://github.com/canonical/craft-parts/actions/runs/26190525655/job/77057450991	https://github.com/canonical/craft-parts/actions/runs/26190525655	fix(executor): handle empty-string organize path
26188416323	2026-05-20T20:35:14Z	-	test-common / Fast tests (noble, s390x, edge); test-common / Slow tests (noble, s390x, edge, 3.12); test-java-plugins / Slow tests (noble, s390x, edge, 3.12)	https://github.com/canonical/craft-parts/actions/runs/26188416323/job/77152457765; https://github.com/canonical/craft-parts/actions/runs/26188416323/job/77152458314; https://github.com/canonical/craft-parts/actions/runs/26188416323/job/77152458830	https://github.com/canonical/craft-parts/actions/runs/26188416323	fix(organize): reject sources outside install dir
26188233725	2026-05-20T20:31:42Z	-	test-java-plugins / Slow tests (noble, s390x, edge, 3.12)	https://github.com/canonical/craft-parts/actions/runs/26188233725/job/77049447680	https://github.com/canonical/craft-parts/actions/runs/26188233725	chore: add Copilot collections
26169625905	2026-05-20T14:36:19Z	-	test-java-plugins / Slow tests (noble, s390x, edge, 3.12); test-common / Slow tests (noble, s390x, edge, 3.12)	https://github.com/canonical/craft-parts/actions/runs/26169625905/job/77137672575; https://github.com/canonical/craft-parts/actions/runs/26169625905/job/77137672824	https://github.com/canonical/craft-parts/actions/runs/26169625905	feat(snaps): use '@' for separating stage-snap names from their channels.
26163519209	2026-05-20T12:48:00Z	-	test-common / Fast tests (noble, s390x, edge)	https://github.com/canonical/craft-parts/actions/runs/26163519209/job/76961298963	https://github.com/canonical/craft-parts/actions/runs/26163519209	Add Patches Directive
26116804089	2026-05-19T18:23:36Z	-	test-python-plugins / Slow tests (noble, s390x, edge, 3.12); test-java-plugins / Slow tests (noble, s390x, edge, 3.12); test-common / Slow tests (noble, s390x, edge, 3.12); test-common / Fast tests (noble, s390x, edge); test-other-plugins / Slow tests (noble, s390x, edge, 3.12)	https://github.com/canonical/craft-parts/actions/runs/26116804089/job/76808085101; https://github.com/canonical/craft-parts/actions/runs/26116804089/job/76808085264; https://github.com/canonical/craft-parts/actions/runs/26116804089/job/76808085270; https://github.com/canonical/craft-parts/actions/runs/26116804089/job/76808085271; https://github.com/canonical/craft-parts/actions/runs/26116804089/job/76808085330	https://github.com/canonical/craft-parts/actions/runs/26116804089	feat(overlay): plugins can define overlay commands
26114116060	2026-05-19T17:32:24Z	-	test-other-plugins / Slow tests (noble, s390x, edge, 3.12); test-common / Slow tests (noble, s390x, edge, 3.12); test-common / Fast tests (noble, s390x, edge)	https://github.com/canonical/craft-parts/actions/runs/26114116060/job/76798752012; https://github.com/canonical/craft-parts/actions/runs/26114116060/job/76798752236; https://github.com/canonical/craft-parts/actions/runs/26114116060/job/76798752262	https://github.com/canonical/craft-parts/actions/runs/26114116060	feat(overlay): plugins can define overlay commands
26108138269	2026-05-19T15:42:23Z	-	test-python-plugins / Slow tests (noble, s390x, edge, 3.12); test-java-plugins / Slow tests (noble, s390x, edge, 3.12); test-common / Slow tests (noble, s390x, edge, 3.12); test-other-plugins / Slow tests (noble, s390x, edge, 3.12); test-common / Fast tests (noble, s390x, edge)	https://github.com/canonical/craft-parts/actions/runs/26108138269/job/76792534580; https://github.com/canonical/craft-parts/actions/runs/26108138269/job/76792534601; https://github.com/canonical/craft-parts/actions/runs/26108138269/job/76792534618; https://github.com/canonical/craft-parts/actions/runs/26108138269/job/76792534759; https://github.com/canonical/craft-parts/actions/runs/26108138269/job/76792535009	https://github.com/canonical/craft-parts/actions/runs/26108138269	feat(snaps): use '@' for separating stage-snap names from their channels.
26105327410	2026-05-19T14:54:40Z	-	test-common / Fast tests (noble, s390x, edge)	https://github.com/canonical/craft-parts/actions/runs/26105327410/job/76767416562	https://github.com/canonical/craft-parts/actions/runs/26105327410	feat(snaps): use '@' for separating stage-snap names from their channels.
26037111119	2026-05-18T13:39:09Z	-	test-java-plugins / Slow tests (noble, s390x, edge, 3.12)	https://github.com/canonical/craft-parts/actions/runs/26037111119/job/76538215963	https://github.com/canonical/craft-parts/actions/runs/26037111119	build(deps): update dependency sphinx-substitution-extensions to v2026
25998716273	2026-05-17T18:10:54Z	-	test-other-plugins / Slow tests (noble, s390x, edge, 3.12)	https://github.com/canonical/craft-parts/actions/runs/25998716273/job/76417762630	https://github.com/canonical/craft-parts/actions/runs/25998716273	fix(organize): make organizing to the overlay idempotent (#1541)
25998261971	2026-05-17T17:50:33Z	-	test-java-plugins / Slow tests (noble, s390x, edge, 3.12)	https://github.com/canonical/craft-parts/actions/runs/25998261971/job/76416577935	https://github.com/canonical/craft-parts/actions/runs/25998261971	fix(organize): make organizing to the overlay idempotent
25963938977	2026-05-16T14:05:59Z	-	test-java-plugins / Slow tests (noble, s390x, edge, 3.12)	https://github.com/canonical/craft-parts/actions/runs/25963938977/job/76323959328	https://github.com/canonical/craft-parts/actions/runs/25963938977	build(deps): update pre-commit hook astral-sh/ruff-pre-commit to v0.1…
25955229666	2026-05-16T06:40:20Z	-	test-java-plugins / Slow tests (noble, s390x, edge, 3.12)	https://github.com/canonical/craft-parts/actions/runs/25955229666/job/76300568673	https://github.com/canonical/craft-parts/actions/runs/25955229666	build(deps): update dependency mypy to v2 (main)
25949971093	2026-05-16T02:03:42Z	-	test-java-plugins / Slow tests (noble, s390x, edge, 3.12)	https://github.com/canonical/craft-parts/actions/runs/25949971093/job/76285784284	https://github.com/canonical/craft-parts/actions/runs/25949971093	build(deps): update dependency mypy to v2
25800696234	2026-05-13T13:00:16Z	-	test-java-plugins / Slow tests (noble, s390x, edge, 3.12)	https://github.com/canonical/craft-parts/actions/runs/25800696234/job/75789746279	https://github.com/canonical/craft-parts/actions/runs/25800696234	feat: Add agent skill to create new plugins
25721922763	2026-05-12T08:09:26Z	-	test-java-plugins / Slow tests (noble, s390x, edge, 3.12); test-common / Fast tests (noble, s390x, edge)	https://github.com/canonical/craft-parts/actions/runs/25721922763/job/75547893523; https://github.com/canonical/craft-parts/actions/runs/25721922763/job/75547893815	https://github.com/canonical/craft-parts/actions/runs/25721922763	feat(snaps): use '@' for separating stage-snap names from their channels.
25721701657	2026-05-12T08:04:40Z	-	test-python-plugins / Slow tests (noble, s390x, edge, 3.12)	https://github.com/canonical/craft-parts/actions/runs/25721701657/job/75524394386	https://github.com/canonical/craft-parts/actions/runs/25721701657	feat: deprecate OsRelease in favor of distro
25695248415	2026-05-11T20:25:22Z	-	test-java-plugins / Slow tests (noble, s390x, edge, 3.12); test-python-plugins / Slow tests (noble, s390x, edge, 3.12); test-common / Fast tests (noble, s390x, edge); test-common / Slow tests (noble, s390x, edge, 3.12)	https://github.com/canonical/craft-parts/actions/runs/25695248415/job/75441692929; https://github.com/canonical/craft-parts/actions/runs/25695248415/job/75441692945; https://github.com/canonical/craft-parts/actions/runs/25695248415/job/75441692971; https://github.com/canonical/craft-parts/actions/runs/25695248415/job/75441692975	https://github.com/canonical/craft-parts/actions/runs/25695248415	docs: rename plugins '* use' -> '*-use'
25686382818	2026-05-11T17:31:54Z	-	test-python-plugins / Slow tests (noble, s390x, edge, 3.12); test-java-plugins / Slow tests (noble, s390x, edge, 3.12); test-common / Fast tests (noble, s390x, edge); test-common / Slow tests (noble, s390x, edge, 3.12)	https://github.com/canonical/craft-parts/actions/runs/25686382818/job/75411109926; https://github.com/canonical/craft-parts/actions/runs/25686382818/job/75411109967; https://github.com/canonical/craft-parts/actions/runs/25686382818/job/75411110000; https://github.com/canonical/craft-parts/actions/runs/25686382818/job/75411110041	https://github.com/canonical/craft-parts/actions/runs/25686382818	fix(state): track override-overlay changes
25677540136	2026-05-11T14:49:16Z	-	test-python-plugins / Slow tests (noble, s390x, edge, 3.12); test-common / Fast tests (noble, s390x, edge); test-java-plugins / Slow tests (noble, s390x, edge, 3.12); test-common / Slow tests (noble, s390x, edge, 3.12)	https://github.com/canonical/craft-parts/actions/runs/25677540136/job/75546472186; https://github.com/canonical/craft-parts/actions/runs/25677540136/job/75546472289; https://github.com/canonical/craft-parts/actions/runs/25677540136/job/75546472300; https://github.com/canonical/craft-parts/actions/runs/25677540136/job/75546472379	https://github.com/canonical/craft-parts/actions/runs/25677540136	ci: use ubuntu-22.04-arm runners
25677511500	2026-05-11T14:48:45Z	-	test-common / Fast tests (noble, s390x, edge); test-python-plugins / Slow tests (noble, s390x, edge, 3.12); test-java-plugins / Slow tests (noble, s390x, edge, 3.12); test-common / Slow tests (noble, s390x, edge, 3.12)	https://github.com/canonical/craft-parts/actions/runs/25677511500/job/75379534823; https://github.com/canonical/craft-parts/actions/runs/25677511500/job/75379534889; https://github.com/canonical/craft-parts/actions/runs/25677511500/job/75379535011; https://github.com/canonical/craft-parts/actions/runs/25677511500/job/75379535029	https://github.com/canonical/craft-parts/actions/runs/25677511500	build(deps): update pre-commit hook astral-sh/ruff-pre-commit to v0.1…
25676559333	2026-05-11T14:31:54Z	-	test-common / Slow tests (noble, s390x, edge, 3.12); test-python-plugins / Slow tests (noble, s390x, edge, 3.12); test-java-plugins / Slow tests (noble, s390x, edge, 3.12); test-common / Fast tests (noble, s390x, edge)	https://github.com/canonical/craft-parts/actions/runs/25676559333/job/75376195797; https://github.com/canonical/craft-parts/actions/runs/25676559333/job/75376195813; https://github.com/canonical/craft-parts/actions/runs/25676559333/job/75376195916; https://github.com/canonical/craft-parts/actions/runs/25676559333/job/75376196031	https://github.com/canonical/craft-parts/actions/runs/25676559333	chore: merge the latest starbase
25674114842	2026-05-11T13:46:17Z	-	test-python-plugins / Slow tests (noble, s390x, edge, 3.12); test-java-plugins / Slow tests (noble, s390x, edge, 3.12); test-common / Fast tests (noble, s390x, edge); test-common / Slow tests (noble, s390x, edge, 3.12)	https://github.com/canonical/craft-parts/actions/runs/25674114842/job/75367268422; https://github.com/canonical/craft-parts/actions/runs/25674114842/job/75367268462; https://github.com/canonical/craft-parts/actions/runs/25674114842/job/75367268508; https://github.com/canonical/craft-parts/actions/runs/25674114842/job/75367268625	https://github.com/canonical/craft-parts/actions/runs/25674114842	chore: merge the latest starbase
25673588317	2026-05-11T13:36:23Z	-	test-common / Fast tests (noble, s390x, edge); test-python-plugins / Slow tests (noble, s390x, edge, 3.12); test-java-plugins / Slow tests (noble, s390x, edge, 3.12)	https://github.com/canonical/craft-parts/actions/runs/25673588317/job/75365144923; https://github.com/canonical/craft-parts/actions/runs/25673588317/job/75365144930; https://github.com/canonical/craft-parts/actions/runs/25673588317/job/75365145019	https://github.com/canonical/craft-parts/actions/runs/25673588317	chore: merge the latest starbase
25670828763	2026-05-11T12:43:04Z	-	test-java-plugins / Slow tests (noble, s390x, edge, 3.12); test-common / Fast tests (noble, s390x, edge); test-common / Slow tests (noble, s390x, edge, 3.12); test-python-plugins / Slow tests (noble, s390x, edge, 3.12)	https://github.com/canonical/craft-parts/actions/runs/25670828763/job/75368047893; https://github.com/canonical/craft-parts/actions/runs/25670828763/job/75368048191; https://github.com/canonical/craft-parts/actions/runs/25670828763/job/75368048312; https://github.com/canonical/craft-parts/actions/runs/25670828763/job/75368078584	https://github.com/canonical/craft-parts/actions/runs/25670828763	chore: add Copilot collections
25663881382	2026-05-11T10:10:37Z	-	test-python-plugins / Slow tests (noble, s390x, edge, 3.12); test-java-plugins / Slow tests (noble, s390x, edge, 3.12); test-common / Slow tests (noble, s390x, edge, 3.12); test-common / Fast tests (noble, s390x, edge)	https://github.com/canonical/craft-parts/actions/runs/25663881382/job/75378642508; https://github.com/canonical/craft-parts/actions/runs/25663881382/job/75378642645; https://github.com/canonical/craft-parts/actions/runs/25663881382/job/75378643128; https://github.com/canonical/craft-parts/actions/runs/25663881382/job/75378643379	https://github.com/canonical/craft-parts/actions/runs/25663881382	feat(snaps): use '@' for separating stage-snap names from their channels.
25663222372	2026-05-11T09:56:17Z	-	test-python-plugins / Slow tests (noble, s390x, edge, 3.12); test-common / Slow tests (noble, s390x, edge, 3.12)	https://github.com/canonical/craft-parts/actions/runs/25663222372/job/75328942292; https://github.com/canonical/craft-parts/actions/runs/25663222372/job/75328942505	https://github.com/canonical/craft-parts/actions/runs/25663222372	feat(snaps): use '@' for separating stage-snap names from their channels.
25633315243	2026-05-10T16:03:31Z	-	test-python-plugins / Slow tests (noble, s390x, edge, 3.12); test-java-plugins / Slow tests (noble, s390x, edge, 3.12); test-common / Fast tests (noble, s390x, edge)	https://github.com/canonical/craft-parts/actions/runs/25633315243/job/75240751461; https://github.com/canonical/craft-parts/actions/runs/25633315243/job/75240751486; https://github.com/canonical/craft-parts/actions/runs/25633315243/job/75240751544	https://github.com/canonical/craft-parts/actions/runs/25633315243	fix: set compat=1.17
25630602490	2026-05-10T13:58:24Z	-	test-common / Fast tests (noble, s390x, edge); test-java-plugins / Slow tests (noble, s390x, edge, 3.12); test-python-plugins / Slow tests (noble, s390x, edge, 3.12)	https://github.com/canonical/craft-parts/actions/runs/25630602490/job/75233492705; https://github.com/canonical/craft-parts/actions/runs/25630602490/job/75233492719; https://github.com/canonical/craft-parts/actions/runs/25630602490/job/75233492743	https://github.com/canonical/craft-parts/actions/runs/25630602490	Revert "fix: dont pass release to chisel call"
25630094162	2026-05-10T13:34:29Z	-	test-common / Slow tests (noble, s390x, edge, 3.12); test-python-plugins / Slow tests (noble, s390x, edge, 3.12)	https://github.com/canonical/craft-parts/actions/runs/25630094162/job/75232117739; https://github.com/canonical/craft-parts/actions/runs/25630094162/job/75232117764	https://github.com/canonical/craft-parts/actions/runs/25630094162	fix: call 'go mod tidy' at the end
25626407916	2026-05-10T10:31:02Z	-	test-common / Fast tests (noble, s390x, edge)	https://github.com/canonical/craft-parts/actions/runs/25626407916/job/75222245777	https://github.com/canonical/craft-parts/actions/runs/25626407916	feat: hardcode chisel release
25625471741	2026-05-10T09:41:54Z	-	test-common / Fast tests (noble, s390x, edge); test-python-plugins / Slow tests (noble, s390x, edge, 3.12); test-common / Slow tests (noble, s390x, edge, 3.12); test-java-plugins / Slow tests (noble, s390x, edge, 3.12)	https://github.com/canonical/craft-parts/actions/runs/25625471741/job/75219708559; https://github.com/canonical/craft-parts/actions/runs/25625471741/job/75219708567; https://github.com/canonical/craft-parts/actions/runs/25625471741/job/75219708572; https://github.com/canonical/craft-parts/actions/runs/25625471741/job/75219708602	https://github.com/canonical/craft-parts/actions/runs/25625471741	fix(go): use replace directives intead of workspaces
25623091702	2026-05-10T07:37:51Z	-	test-python-plugins / Slow tests (noble, s390x, edge, 3.12); test-common / Fast tests (noble, s390x, edge); test-java-plugins / Slow tests (noble, s390x, edge, 3.12); test-common / Slow tests (noble, s390x, edge, 3.12)	https://github.com/canonical/craft-parts/actions/runs/25623091702/job/75213198392; https://github.com/canonical/craft-parts/actions/runs/25623091702/job/75213198439; https://github.com/canonical/craft-parts/actions/runs/25623091702/job/75213198454; https://github.com/canonical/craft-parts/actions/runs/25623091702/job/75213198495	https://github.com/canonical/craft-parts/actions/runs/25623091702	feat: very hackily add stage-slices
25598189469	2026-05-09T09:53:41Z	-	test-python-plugins / Slow tests (noble, s390x, edge, 3.12); test-java-plugins / Slow tests (noble, s390x, edge, 3.12); test-common / Slow tests (noble, s390x, edge, 3.12); test-common / Fast tests (noble, s390x, edge)	https://github.com/canonical/craft-parts/actions/runs/25598189469/job/75147642443; https://github.com/canonical/craft-parts/actions/runs/25598189469/job/75147642474; https://github.com/canonical/craft-parts/actions/runs/25598189469/job/75147642510; https://github.com/canonical/craft-parts/actions/runs/25598189469/job/75147642515	https://github.com/canonical/craft-parts/actions/runs/25598189469	feat: add gradle-use plugin (#1559)
25589569958	2026-05-09T02:47:21Z	-	test-python-plugins / Slow tests (noble, s390x, edge, 3.12); test-java-plugins / Slow tests (noble, s390x, edge, 3.12); test-common / Fast tests (noble, s390x, edge)	https://github.com/canonical/craft-parts/actions/runs/25589569958/job/75124573890; https://github.com/canonical/craft-parts/actions/runs/25589569958/job/75124573933; https://github.com/canonical/craft-parts/actions/runs/25589569958/job/75124573944	https://github.com/canonical/craft-parts/actions/runs/25589569958	build(deps): update dependency mypy to v2
25587712809	2026-05-09T01:26:06Z	-	test-common / Slow tests (noble, s390x, edge, 3.12); test-other-plugins / Slow tests (noble, s390x, edge, 3.12); test-python-plugins / Slow tests (noble, s390x, edge, 3.12); test-java-plugins / Slow tests (noble, s390x, edge, 3.12); test-common / Fast tests (noble, s390x, edge)	https://github.com/canonical/craft-parts/actions/runs/25587712809/job/75523416566; https://github.com/canonical/craft-parts/actions/runs/25587712809/job/75523416655; https://github.com/canonical/craft-parts/actions/runs/25587712809/job/75523416701; https://github.com/canonical/craft-parts/actions/runs/25587712809/job/75523416740; https://github.com/canonical/craft-parts/actions/runs/25587712809/job/75523416742	https://github.com/canonical/craft-parts/actions/runs/25587712809	refactor: use pathlib internally
25580520913	2026-05-08T21:30:43Z	-	test-python-plugins / Slow tests (noble, s390x, edge, 3.12); test-common / Slow tests (noble, s390x, edge, 3.12); test-common / Fast tests (noble, s390x, edge); test-java-plugins / Slow tests (noble, s390x, edge, 3.12)	https://github.com/canonical/craft-parts/actions/runs/25580520913/job/75379082832; https://github.com/canonical/craft-parts/actions/runs/25580520913/job/75379083590; https://github.com/canonical/craft-parts/actions/runs/25580520913/job/75379083767; https://github.com/canonical/craft-parts/actions/runs/25580520913/job/75379084197	https://github.com/canonical/craft-parts/actions/runs/25580520913	docs: rename plugins '* use' -> '*-use'
25579172992	2026-05-08T20:57:19Z	-	test-common / Slow tests (noble, s390x, edge, 3.12); test-python-plugins / Slow tests (noble, s390x, edge, 3.12); test-common / Fast tests (noble, s390x, edge); test-java-plugins / Slow tests (noble, s390x, edge, 3.12)	https://github.com/canonical/craft-parts/actions/runs/25579172992/job/75093666784; https://github.com/canonical/craft-parts/actions/runs/25579172992/job/75093666829; https://github.com/canonical/craft-parts/actions/runs/25579172992/job/75093666843; https://github.com/canonical/craft-parts/actions/runs/25579172992/job/75093666904	https://github.com/canonical/craft-parts/actions/runs/25579172992	docs: fix npm capitalisation
25565571838	2026-05-08T15:58:15Z	-	test-python-plugins / Slow tests (noble, s390x, edge, 3.12); test-common / Slow tests (noble, s390x, edge, 3.12); test-common / Fast tests (noble, s390x, edge); test-java-plugins / Slow tests (noble, s390x, edge, 3.12)	https://github.com/canonical/craft-parts/actions/runs/25565571838/job/75049311413; https://github.com/canonical/craft-parts/actions/runs/25565571838/job/75049311597; https://github.com/canonical/craft-parts/actions/runs/25565571838/job/75049311605; https://github.com/canonical/craft-parts/actions/runs/25565571838/job/75049311765	https://github.com/canonical/craft-parts/actions/runs/25565571838	refactor: use pathlib internally
25465101739	2026-05-06T22:38:28Z	-	test-common / Fast tests (noble, s390x, edge); test-java-plugins / Slow tests (noble, s390x, edge, 3.12)	https://github.com/canonical/craft-parts/actions/runs/25465101739/job/74716382927; https://github.com/canonical/craft-parts/actions/runs/25465101739/job/74716382939	https://github.com/canonical/craft-parts/actions/runs/25465101739	ci: split QA workflows by runner
25447806436	2026-05-06T16:28:00Z	-	test-other-plugins / Slow tests (noble, s390x, edge, 3.12)	https://github.com/canonical/craft-parts/actions/runs/25447806436/job/74656604866	https://github.com/canonical/craft-parts/actions/runs/25447806436	fix(organize): make organizing to the overlay idempotent
25156082333	2026-04-30T08:43:45Z	-	test-java-plugins / Slow tests (noble, s390x, edge, 3.12)	https://github.com/canonical/craft-parts/actions/runs/25156082333/job/73738140153	https://github.com/canonical/craft-parts/actions/runs/25156082333	fix(organize): reject sources outside install dir
25107069313	2026-04-29T11:48:20Z	-	test-java-plugins / Slow tests (noble, s390x, edge, 3.12)	https://github.com/canonical/craft-parts/actions/runs/25107069313/job/74610106587	https://github.com/canonical/craft-parts/actions/runs/25107069313	feat: add gradle-use plugin (#1559)
24965392771	2026-04-26T19:43:06Z	-	test-java-plugins / Slow tests (noble, s390x, edge, 3.12)	https://github.com/canonical/craft-parts/actions/runs/24965392771/job/73099185897	https://github.com/canonical/craft-parts/actions/runs/24965392771	build(deps): update pre-commit hook astral-sh/ruff-pre-commit to v0.1…
24926076873	2026-04-25T07:49:16Z	-	test-java-plugins / Slow tests (noble, s390x, edge, 3.12)	https://github.com/canonical/craft-parts/actions/runs/24926076873/job/72996141008	https://github.com/canonical/craft-parts/actions/runs/24926076873	fix(organize): reject sources outside install dir
24852710229	2026-04-23T18:45:39Z	-	test-java-plugins / Slow tests (noble, s390x, edge, 3.12)	https://github.com/canonical/craft-parts/actions/runs/24852710229/job/74075378366	https://github.com/canonical/craft-parts/actions/runs/24852710229	fix(organize): make organizing to the overlay idempotent
24851558631	2026-04-23T18:19:48Z	-	test-java-plugins / Slow tests (noble, s390x, edge, 3.12)	https://github.com/canonical/craft-parts/actions/runs/24851558631/job/72753087586	https://github.com/canonical/craft-parts/actions/runs/24851558631	fix(organize): make organizing to the overlay idempotent
24796893748	2026-04-22T18:58:07Z	-	test-other-plugins / Slow tests (noble, s390x, edge, 3.12)	https://github.com/canonical/craft-parts/actions/runs/24796893748/job/72568973072	https://github.com/canonical/craft-parts/actions/runs/24796893748	fix(packages/deb): preserve architecture in primed stage packages
24784240817	2026-04-22T14:32:53Z	-	test-java-plugins / Slow tests (noble, s390x, edge, 3.12); test-common / Slow tests (noble, s390x, edge, 3.12)	https://github.com/canonical/craft-parts/actions/runs/24784240817/job/72524036943; https://github.com/canonical/craft-parts/actions/runs/24784240817/job/72524037014	https://github.com/canonical/craft-parts/actions/runs/24784240817	Add workflow and integration test reproducing libapt ABI mismatch (Issue #1554)
24680512207	2026-04-20T17:23:52Z	-	test-java-plugins / Slow tests (noble, s390x, edge, 3.12)	https://github.com/canonical/craft-parts/actions/runs/24680512207/job/72176199935	https://github.com/canonical/craft-parts/actions/runs/24680512207	docs: add -i option example to both python plugin versions (#1542)
24628329030	2026-04-19T11:46:25Z	-	test-common / Fast tests (noble, s390x, edge)	https://github.com/canonical/craft-parts/actions/runs/24628329030/job/72011146183	https://github.com/canonical/craft-parts/actions/runs/24628329030	build(deps): update pre-commit hook astral-sh/ruff-pre-commit to v0.15.11 (main)
24615937927	2026-04-18T23:06:19Z	-	test-java-plugins / Slow tests (noble, s390x, edge, 3.12)	https://github.com/canonical/craft-parts/actions/runs/24615937927/job/71978021559	https://github.com/canonical/craft-parts/actions/runs/24615937927	build(deps): update pre-commit hook astral-sh/ruff-pre-commit to v0.1…
24578053973	2026-04-17T17:26:33Z	-	test-java-plugins / Slow tests (noble, s390x, edge, 3.12)	https://github.com/canonical/craft-parts/actions/runs/24578053973/job/71868461479	https://github.com/canonical/craft-parts/actions/runs/24578053973	build(deps): bump pytest (#1550)
24528975020	2026-04-16T19:11:01Z	-	test-common / Slow tests (noble, s390x, edge, 3.12)	https://github.com/canonical/craft-parts/actions/runs/24528975020/job/71706812606	https://github.com/canonical/craft-parts/actions/runs/24528975020	docs: add -i option example to both python plugin versions
24519897681	2026-04-16T15:48:21Z	-	test-java-plugins / Slow tests (noble, s390x, edge, 3.12)	https://github.com/canonical/craft-parts/actions/runs/24519897681/job/71674616020	https://github.com/canonical/craft-parts/actions/runs/24519897681	docs: add -i option example to both python plugin versions
24483841503	2026-04-15T23:34:37Z	-	test-java-plugins / Slow tests (noble, s390x, edge, 3.12)	https://github.com/canonical/craft-parts/actions/runs/24483841503/job/71554221111	https://github.com/canonical/craft-parts/actions/runs/24483841503	docs(changelog): finalize 2.33.0 (#1549)
24473920049	2026-04-15T19:26:32Z	-	test-common / Slow tests (noble, s390x, edge, 3.12)	https://github.com/canonical/craft-parts/actions/runs/24473920049/job/71521066318	https://github.com/canonical/craft-parts/actions/runs/24473920049	revert: feat: organize files from build (#1548)
24464814793	2026-04-15T16:02:36Z	-	test-common / Slow tests (noble, s390x, edge, 3.12); test-java-plugins / Slow tests (noble, s390x, edge, 3.12)	https://github.com/canonical/craft-parts/actions/runs/24464814793/job/71489008873; https://github.com/canonical/craft-parts/actions/runs/24464814793/job/71489009412	https://github.com/canonical/craft-parts/actions/runs/24464814793	docs: add example to dump plugin
24445112804	2026-04-15T08:45:09Z	-	test-java-plugins / Slow tests (noble, s390x, edge, 3.12)	https://github.com/canonical/craft-parts/actions/runs/24445112804/job/71419356564	https://github.com/canonical/craft-parts/actions/runs/24445112804	docs: add example to dump plugin
24413276241	2026-04-14T17:25:25Z	-	test-java-plugins / Slow tests (noble, s390x, edge, 3.12)	https://github.com/canonical/craft-parts/actions/runs/24413276241/job/71317011268	https://github.com/canonical/craft-parts/actions/runs/24413276241	Add integration tests for the organize keyword with parametrized YAML fixtures
24404815078	2026-04-14T14:30:22Z	-	test-common / Fast tests (noble, s390x, edge)	https://github.com/canonical/craft-parts/actions/runs/24404815078/job/71285128841	https://github.com/canonical/craft-parts/actions/runs/24404815078	fix(organize): make organizing to the overlay idempotent
24403610126	2026-04-14T14:06:57Z	-	test-common / Fast tests (noble, s390x, edge)	https://github.com/canonical/craft-parts/actions/runs/24403610126/job/71280674418	https://github.com/canonical/craft-parts/actions/runs/24403610126	fix(organize): make organizing to the overlay idempotent
24362508708	2026-04-13T19:26:05Z	-	test-common / Fast tests (noble, s390x, edge)	https://github.com/canonical/craft-parts/actions/runs/24362508708/job/71145747003	https://github.com/canonical/craft-parts/actions/runs/24362508708	fix(organize): make organizing to the overlay idempotent
24356788966	2026-04-13T17:17:17Z	-	test-common / Fast tests (noble, s390x, edge)	https://github.com/canonical/craft-parts/actions/runs/24356788966/job/71125831831	https://github.com/canonical/craft-parts/actions/runs/24356788966	fix(organize): make organizing to the overlay idempotent
24352837091	2026-04-13T15:49:48Z	-	test-common / Fast tests (noble, s390x, edge)	https://github.com/canonical/craft-parts/actions/runs/24352837091/job/71111734540	https://github.com/canonical/craft-parts/actions/runs/24352837091	fix(organize): make organizing to the overlay idempotent
24284799610	2026-04-11T14:44:18Z	-	test-java-plugins / Slow tests (noble, s390x, edge, 3.12)	https://github.com/canonical/craft-parts/actions/runs/24284799610/job/71044088342	https://github.com/canonical/craft-parts/actions/runs/24284799610	build(deps): update pre-commit hook astral-sh/ruff-pre-commit to v0.15.10 (main)
24277219679	2026-04-11T07:01:33Z	-	test-other-plugins / Slow tests (noble, s390x, edge, 3.12); test-java-plugins / Slow tests (noble, s390x, edge, 3.12); test-common / Slow tests (noble, s390x, edge, 3.12)	https://github.com/canonical/craft-parts/actions/runs/24277219679/job/70893137038; https://github.com/canonical/craft-parts/actions/runs/24277219679/job/70893137059; https://github.com/canonical/craft-parts/actions/runs/24277219679/job/70893137089	https://github.com/canonical/craft-parts/actions/runs/24277219679	build(deps): update pre-commit hook astral-sh/ruff-pre-commit to v0.15.10 (main)
24272945780	2026-04-11T02:49:21Z	-	test-common / Slow tests (noble, s390x, edge, 3.12)	https://github.com/canonical/craft-parts/actions/runs/24272945780/job/70881349017	https://github.com/canonical/craft-parts/actions/runs/24272945780	build(deps): update github actions
24272944823	2026-04-11T02:49:18Z	-	test-java-plugins / Slow tests (noble, s390x, edge, 3.12)	https://github.com/canonical/craft-parts/actions/runs/24272944823/job/70881346586	https://github.com/canonical/craft-parts/actions/runs/24272944823	build(deps): update pre-commit hook astral-sh/ruff-pre-commit to v0.15.9
24258583562	2026-04-10T18:44:05Z	-	test-java-plugins / Slow tests (noble, s390x, edge, 3.12)	https://github.com/canonical/craft-parts/actions/runs/24258583562/job/70836346889	https://github.com/canonical/craft-parts/actions/runs/24258583562	feat(packages/deb): parse chisel manifests (#1538)
24213910646	2026-04-09T21:20:09Z	-	test-common / Fast tests (noble, s390x, edge)	https://github.com/canonical/craft-parts/actions/runs/24213910646/job/70689580314	https://github.com/canonical/craft-parts/actions/runs/24213910646	fix(organize): make organizing to the overlay idempotent
24209053748	2026-04-09T19:24:04Z	-	test-other-plugins / Slow tests (noble, s390x, edge, 3.12)	https://github.com/canonical/craft-parts/actions/runs/24209053748/job/70672560085	https://github.com/canonical/craft-parts/actions/runs/24209053748	docs: prepare 2.31.0 release
24102669575	2026-04-07T20:24:13Z	-	test-common / Fast tests (noble, s390x, edge); test-java-plugins / Slow tests (noble, s390x, edge, 3.12)	https://github.com/canonical/craft-parts/actions/runs/24102669575/job/70317811639; https://github.com/canonical/craft-parts/actions/runs/24102669575/job/70317811800	https://github.com/canonical/craft-parts/actions/runs/24102669575	feat: organize files from build
24086100011	2026-04-07T14:14:39Z	-	test-java-plugins / Slow tests (noble, s390x, edge, 3.12)	https://github.com/canonical/craft-parts/actions/runs/24086100011/job/70259368528	https://github.com/canonical/craft-parts/actions/runs/24086100011	fix(test): enable the java plugin tests on resolute (#1530)
24083231351	2026-04-07T13:13:13Z	-	test-java-plugins / Slow tests (noble, s390x, edge, 3.12)	https://github.com/canonical/craft-parts/actions/runs/24083231351/job/70249030142	https://github.com/canonical/craft-parts/actions/runs/24083231351	build(deps): update dependency mypy to ~=1.20.0 (#1536)
24040439331	2026-04-06T16:35:21Z	-	test-java-plugins / Slow tests (noble, s390x, edge, 3.12); test-common / Slow tests (noble, s390x, edge, 3.12)	https://github.com/canonical/craft-parts/actions/runs/24040439331/job/70110540667; https://github.com/canonical/craft-parts/actions/runs/24040439331/job/70110540706	https://github.com/canonical/craft-parts/actions/runs/24040439331	feat(go): Add `enable-check` build attribute and `go-testtags` property to run tests during build
24038576867	2026-04-06T15:44:24Z	-	test-java-plugins / Slow tests (noble, s390x, edge, 3.12)	https://github.com/canonical/craft-parts/actions/runs/24038576867/job/70250800487	https://github.com/canonical/craft-parts/actions/runs/24038576867	docs: clarify .NET plugin self-provisioned SDK compatibility
24032263742	2026-04-06T12:43:58Z	-	test-java-plugins / Slow tests (noble, s390x, edge, 3.12)	https://github.com/canonical/craft-parts/actions/runs/24032263742/job/70083450464	https://github.com/canonical/craft-parts/actions/runs/24032263742	feat: added bazel plugin
23969989269	2026-04-04T03:04:07Z	-	test-java-plugins / Slow tests (noble, s390x, edge, 3.12)	https://github.com/canonical/craft-parts/actions/runs/23969989269/job/69917234044	https://github.com/canonical/craft-parts/actions/runs/23969989269	build(deps): update dependency mypy to ~=1.20.0
23953613772	2026-04-03T16:31:39Z	-	test-java-plugins / Slow tests (noble, s390x, edge, 3.12)	https://github.com/canonical/craft-parts/actions/runs/23953613772/job/69866743230	https://github.com/canonical/craft-parts/actions/runs/23953613772	fix(executor): handle empty-string organize path
23948746275	2026-04-03T13:58:19Z	-	test-java-plugins / Slow tests (noble, s390x, edge, 3.12)	https://github.com/canonical/craft-parts/actions/runs/23948746275/job/69850841239	https://github.com/canonical/craft-parts/actions/runs/23948746275	test(cmake_plugin): update version requirement (#1528)
23900537736	2026-04-02T12:32:53Z	-	test-common / Slow tests (noble, s390x, edge, 3.12)	https://github.com/canonical/craft-parts/actions/runs/23900537736/job/69695792902	https://github.com/canonical/craft-parts/actions/runs/23900537736	build(deps): bump pygments (#1529)
23813014566	2026-03-31T18:23:48Z	-	test-python-plugins / Slow tests (noble, s390x, edge, 3.12); test-java-plugins / Slow tests (noble, s390x, edge, 3.12)	https://github.com/canonical/craft-parts/actions/runs/23813014566/job/69404969154; https://github.com/canonical/craft-parts/actions/runs/23813014566/job/69404969311	https://github.com/canonical/craft-parts/actions/runs/23813014566	feat: added bazel plugin
23810528938	2026-03-31T17:23:45Z	-	test-java-plugins / Slow tests (noble, s390x, edge, 3.12)	https://github.com/canonical/craft-parts/actions/runs/23810528938/job/69396031534	https://github.com/canonical/craft-parts/actions/runs/23810528938	feat: added bazel plugin
23675266783	2026-03-28T02:15:55Z	-	test-java-plugins / Slow tests (noble, s390x, edge, 3.12)	https://github.com/canonical/craft-parts/actions/runs/23675266783/job/68976952197	https://github.com/canonical/craft-parts/actions/runs/23675266783	build(deps): update pre-commit hook astral-sh/ruff-pre-commit to v0.15.7
23651092164	2026-03-27T14:26:39Z	-	test-other-plugins / Slow tests (noble, s390x, edge, 3.12)	https://github.com/canonical/craft-parts/actions/runs/23651092164/job/68895858226	https://github.com/canonical/craft-parts/actions/runs/23651092164	chore(merge): 2.7.1 into main
23617171743	2026-03-26T20:45:37Z	-	test-java-plugins / Slow tests (noble, s390x, edge, 3.12)	https://github.com/canonical/craft-parts/actions/runs/23617171743/job/68787508890	https://github.com/canonical/craft-parts/actions/runs/23617171743	build(deps): update dependency requests to v2.33.0 [security] (hotfix/2.28) - autoclosed
23617154283	2026-03-26T20:45:12Z	-	test-common / Slow tests (noble, s390x, edge, 3.12); test-java-plugins / Slow tests (noble, s390x, edge, 3.12)	https://github.com/canonical/craft-parts/actions/runs/23617154283/job/68902538454; https://github.com/canonical/craft-parts/actions/runs/23617154283/job/68902538655	https://github.com/canonical/craft-parts/actions/runs/23617154283	build(deps): update dependency requests to v2.33.0 [security]
23593662157	2026-03-26T12:13:12Z	-	test-java-plugins / Slow tests (noble, s390x, edge, 3.12)	https://github.com/canonical/craft-parts/actions/runs/23593662157/job/68704793071	https://github.com/canonical/craft-parts/actions/runs/23593662157	feat: added bazel plugin
23552369338	2026-03-25T16:34:08Z	-	test-common / Slow tests (noble, s390x, edge, 3.12)	https://github.com/canonical/craft-parts/actions/runs/23552369338/job/68569628547	https://github.com/canonical/craft-parts/actions/runs/23552369338	fix: 7z(ip) sources support (#1443)
23550880032	2026-03-25T16:02:33Z	-	test-java-plugins / Slow tests (noble, s390x, edge, 3.14); test-common / Slow tests (noble, s390x, edge, 3.12)	https://github.com/canonical/craft-parts/actions/runs/23550880032/job/68580557359; https://github.com/canonical/craft-parts/actions/runs/23550880032/job/68580557956	https://github.com/canonical/craft-parts/actions/runs/23550880032	ci: test on python 3.14
23503702976	2026-03-24T17:37:50Z	-	test-common / Slow tests (noble, s390x, edge, 3.12)	https://github.com/canonical/craft-parts/actions/runs/23503702976/job/68405596744	https://github.com/canonical/craft-parts/actions/runs/23503702976	fix: 7z(ip) sources support (#1443)
23496977449	2026-03-24T15:13:43Z	-	test-common / Slow tests (noble, s390x, edge, 3.12)	https://github.com/canonical/craft-parts/actions/runs/23496977449/job/68380921660	https://github.com/canonical/craft-parts/actions/runs/23496977449	fix(poetry): install export plugin on 25.04+
23494889342	2026-03-24T14:31:12Z	-	test-java-plugins / Slow tests (noble, s390x, edge, 3.14)	https://github.com/canonical/craft-parts/actions/runs/23494889342/job/68373053635	https://github.com/canonical/craft-parts/actions/runs/23494889342	ci: test on python 3.14
23450797990	2026-03-23T17:24:38Z	-	test-java-plugins / Slow tests (noble, s390x, edge, 3.12)	https://github.com/canonical/craft-parts/actions/runs/23450797990/job/68227118875	https://github.com/canonical/craft-parts/actions/runs/23450797990	ci: test on python 3.14
23343678653	2026-03-20T12:53:07Z	-	test-java-plugins / Slow tests (noble, s390x, edge, 3.12)	https://github.com/canonical/craft-parts/actions/runs/23343678653/job/67903357917	https://github.com/canonical/craft-parts/actions/runs/23343678653	docs: remove bounty instructions (#1506)
23328152440	2026-03-20T03:45:17Z	-	test-common / Fast tests (noble, s390x, edge)	https://github.com/canonical/craft-parts/actions/runs/23328152440/job/67853707975	https://github.com/canonical/craft-parts/actions/runs/23328152440	ci: test on python 3.14 and remove 3.13 (v2)
23328121381	2026-03-20T03:43:48Z	-	test-common / Fast tests (noble, s390x, edge)	https://github.com/canonical/craft-parts/actions/runs/23328121381/job/67853616539	https://github.com/canonical/craft-parts/actions/runs/23328121381	ci: test on python 3.14 and remove 3.13
23320340211	2026-03-19T22:40:46Z	-	test-other-plugins / Slow tests (noble, s390x, edge, 3.12)	https://github.com/canonical/craft-parts/actions/runs/23320340211/job/67830035830	https://github.com/canonical/craft-parts/actions/runs/23320340211	docs: finalize 2.30.0 (#1499)
23265890251	2026-03-18T20:38:07Z	-	test-common / Slow tests (noble, s390x, edge, 3.12)	https://github.com/canonical/craft-parts/actions/runs/23265890251/job/67646481741	https://github.com/canonical/craft-parts/actions/runs/23265890251	build(deps): update github actions
23261593402	2026-03-18T18:51:04Z	-	test-common / Slow tests (noble, s390x, edge, 3.12)	https://github.com/canonical/craft-parts/actions/runs/23261593402/job/67631294382	https://github.com/canonical/craft-parts/actions/runs/23261593402	build(deps): lock file maintenance (main)
23256080339	2026-03-18T16:42:39Z	-	test-python-plugins / Slow tests (noble, s390x, edge, 3.12)	https://github.com/canonical/craft-parts/actions/runs/23256080339/job/67611297142	https://github.com/canonical/craft-parts/actions/runs/23256080339	docs: finalize 2.30.0
23252748729	2026-03-18T15:30:42Z	-	test-common / Slow tests (noble, s390x, edge, 3.12); test-java-plugins / Slow tests (noble, s390x, edge, 3.12)	https://github.com/canonical/craft-parts/actions/runs/23252748729/job/67599019704; https://github.com/canonical/craft-parts/actions/runs/23252748729/job/67599019884	https://github.com/canonical/craft-parts/actions/runs/23252748729	build(deps): lock file maintenance (main)
23031279607	2026-03-13T00:59:19Z	-	test-common / Fast tests (noble, s390x, edge)	https://github.com/canonical/craft-parts/actions/runs/23031279607/job/66889996255	https://github.com/canonical/craft-parts/actions/runs/23031279607	feat(go): Add `enable-check` build attribute and `go-testtags` property to run tests during build
22981119257	2026-03-12T00:32:43Z	-	test-java-plugins / Slow tests (noble, s390x, edge, 3.12)	https://github.com/canonical/craft-parts/actions/runs/22981119257/job/66722846155	https://github.com/canonical/craft-parts/actions/runs/22981119257	feat(go): Add `enable-check` build attribute and `go-testtags` property to run tests during build
22975091583	2026-03-11T21:22:03Z	-	test-java-plugins / Slow tests (noble, s390x, edge, 3.12); test-common / Fast tests (noble, s390x, edge)	https://github.com/canonical/craft-parts/actions/runs/22975091583/job/66701589099; https://github.com/canonical/craft-parts/actions/runs/22975091583/job/66701589177	https://github.com/canonical/craft-parts/actions/runs/22975091583	chore: prepare for Python 3.14
22965141445	2026-03-11T17:15:03Z	-	test-java-plugins / Slow tests (noble, s390x, edge, 3.12)	https://github.com/canonical/craft-parts/actions/runs/22965141445/job/66670116892	https://github.com/canonical/craft-parts/actions/runs/22965141445	fix(deb): avoid python-apt for installed package checks
22920469752	2026-03-10T19:26:54Z	-	test-java-plugins / Slow tests (noble, s390x, edge, 3.12)	https://github.com/canonical/craft-parts/actions/runs/22920469752/job/66517223186	https://github.com/canonical/craft-parts/actions/runs/22920469752	feat: added bazel plugin
22808949961	2026-03-07T22:52:15Z	-	test-java-plugins / Slow tests (noble, s390x, edge, 3.12)	https://github.com/canonical/craft-parts/actions/runs/22808949961/job/66162538738	https://github.com/canonical/craft-parts/actions/runs/22808949961	build(deps): update pre-commit hook astral-sh/ruff-pre-commit to v0.15.5
22790832996	2026-03-07T03:11:13Z	-	test-java-plugins / Slow tests (noble, s390x, edge, 3.12)	https://github.com/canonical/craft-parts/actions/runs/22790832996/job/66117005490	https://github.com/canonical/craft-parts/actions/runs/22790832996	build(deps): update github actions
22790827319	2026-03-07T03:10:51Z	-	test-java-plugins / Slow tests (noble, s390x, edge, 3.12)	https://github.com/canonical/craft-parts/actions/runs/22790827319/job/66116989228	https://github.com/canonical/craft-parts/actions/runs/22790827319	build(deps): update dependency sphinx-substitution-extensions to v202…
22636734269	2026-03-03T18:14:38Z	-	test-common / Fast tests (noble, s390x, edge); test-java-plugins / Slow tests (noble, s390x, edge, 3.12)	https://github.com/canonical/craft-parts/actions/runs/22636734269/job/65711026878; https://github.com/canonical/craft-parts/actions/runs/22636734269/job/65711026915	https://github.com/canonical/craft-parts/actions/runs/22636734269	fix(deb): avoid python-apt for installed package checks
22597665047	2026-03-02T22:00:58Z	-	test-java-plugins / Slow tests (noble, s390x, edge, 3.12)	https://github.com/canonical/craft-parts/actions/runs/22597665047/job/65471736783	https://github.com/canonical/craft-parts/actions/runs/22597665047	docs: add starter pack refresh to changelog
22514221544	2026-02-28T05:23:29Z	-	test-common / Fast tests (noble, s390x, edge); test-java-plugins / Slow tests (noble, s390x, edge, 3.12)	https://github.com/canonical/craft-parts/actions/runs/22514221544/job/65439308650; https://github.com/canonical/craft-parts/actions/runs/22514221544/job/65439308655	https://github.com/canonical/craft-parts/actions/runs/22514221544	fix(deb): avoid python-apt for installed package checks
22511151552	2026-02-28T02:11:43Z	-	test-java-plugins / Slow tests (noble, s390x, edge, 3.12)	https://github.com/canonical/craft-parts/actions/runs/22511151552/job/65220456952	https://github.com/canonical/craft-parts/actions/runs/22511151552	build(deps): update dependency pyfakefs to v6
22511138942	2026-02-28T02:11:00Z	-	test-java-plugins / Slow tests (noble, s390x, edge, 3.12)	https://github.com/canonical/craft-parts/actions/runs/22511138942/job/65220421175	https://github.com/canonical/craft-parts/actions/runs/22511138942	build(deps): update dependency pydantic-kitbash to v0.1.1 (main) - autoclosed
22505929385	2026-02-27T22:15:37Z	-	test-other-plugins / Slow tests (noble, s390x, edge, 3.12)	https://github.com/canonical/craft-parts/actions/runs/22505929385/job/65204378054	https://github.com/canonical/craft-parts/actions/runs/22505929385	build(docs): refresh starter pack implementation
22501500217	2026-02-27T19:53:41Z	-	test-java-plugins / Slow tests (noble, s390x, edge, 3.12)	https://github.com/canonical/craft-parts/actions/runs/22501500217/job/65189504483	https://github.com/canonical/craft-parts/actions/runs/22501500217	docs: fix Ruby plugin docs examples (#1474)
22487346325	2026-02-27T13:03:59Z	-	test-java-plugins / Slow tests (noble, s390x, edge, 3.12)	https://github.com/canonical/craft-parts/actions/runs/22487346325/job/65393639989	https://github.com/canonical/craft-parts/actions/runs/22487346325	feat: allow copying apt sources from host to overlay
22466019025	2026-02-26T23:40:07Z	-	test-java-plugins / Slow tests (noble, s390x, edge, 3.12)	https://github.com/canonical/craft-parts/actions/runs/22466019025/job/65072091106	https://github.com/canonical/craft-parts/actions/runs/22466019025	build(docs): refresh starter pack implementation
22460091079	2026-02-26T20:33:49Z	-	test-java-plugins / Slow tests (noble, s390x, edge, 3.12)	https://github.com/canonical/craft-parts/actions/runs/22460091079/job/65051744533	https://github.com/canonical/craft-parts/actions/runs/22460091079	feat: go-use checks if go.mod exists; throws error if not
22453453691	2026-02-26T17:27:56Z	-	test-common / Slow tests (noble, s390x, edge, 3.12)	https://github.com/canonical/craft-parts/actions/runs/22453453691/job/65028225574	https://github.com/canonical/craft-parts/actions/runs/22453453691	fix(ruby): run `gem build` on gems in `build_dir`, not `src_dir`
22439890153	2026-02-26T11:21:57Z	-	test-python-plugins / Slow tests (noble, s390x, edge, 3.12); test-java-plugins / Slow tests (noble, s390x, edge, 3.12)	https://github.com/canonical/craft-parts/actions/runs/22439890153/job/64979274912; https://github.com/canonical/craft-parts/actions/runs/22439890153/job/64979275117	https://github.com/canonical/craft-parts/actions/runs/22439890153	docs: add override-overlay (#1473)
22417954226	2026-02-25T22:04:31Z	-	test-java-plugins / Slow tests (noble, s390x, edge, 3.12)	https://github.com/canonical/craft-parts/actions/runs/22417954226/job/64928200658	https://github.com/canonical/craft-parts/actions/runs/22417954226	fix(ruby): run `gem build` on gems in `build_dir`, not `src_dir`
22411154883	2026-02-25T18:52:00Z	-	test-java-plugins / Slow tests (noble, s390x, edge, 3.12); test-python-plugins / Slow tests (noble, s390x, edge, 3.12); test-common / Fast tests (noble, s390x, edge); test-common / Slow tests (noble, s390x, edge, 3.12)	https://github.com/canonical/craft-parts/actions/runs/22411154883/job/64884750583; https://github.com/canonical/craft-parts/actions/runs/22411154883/job/64884750689; https://github.com/canonical/craft-parts/actions/runs/22411154883/job/64884750695; https://github.com/canonical/craft-parts/actions/runs/22411154883/job/64884750713	https://github.com/canonical/craft-parts/actions/runs/22411154883	feat: Comment out replace statements to relative paths in go.mod
22411123491	2026-02-25T18:51:06Z	-	test-java-plugins / Slow tests (noble, s390x, edge, 3.12); test-other-plugins / Slow tests (noble, s390x, edge, 3.12); test-common / Fast tests (noble, s390x, edge)	https://github.com/canonical/craft-parts/actions/runs/22411123491/job/64884592612; https://github.com/canonical/craft-parts/actions/runs/22411123491/job/64884592671; https://github.com/canonical/craft-parts/actions/runs/22411123491/job/64884592714	https://github.com/canonical/craft-parts/actions/runs/22411123491	chore(merge): main into feature/pro-sources
22407164926	2026-02-25T16:59:19Z	-	test-java-plugins / Slow tests (noble, s390x, edge, 3.12)	https://github.com/canonical/craft-parts/actions/runs/22407164926/job/64895173073	https://github.com/canonical/craft-parts/actions/runs/22407164926	fix(git-source): only shallow fetch if a source-depth is provided
22407136868	2026-02-25T16:58:32Z	-	test-common / Slow tests (noble, s390x, edge, 3.12)	https://github.com/canonical/craft-parts/actions/runs/22407136868/job/64870081311	https://github.com/canonical/craft-parts/actions/runs/22407136868	fix(ruby): run `gem build` on gems in `build_dir`, not `src_dir`
22401561695	2026-02-25T14:37:44Z	-	test-common / Slow tests (noble, s390x, edge, 3.12)	https://github.com/canonical/craft-parts/actions/runs/22401561695/job/64849367744	https://github.com/canonical/craft-parts/actions/runs/22401561695	docs: prepare 2.28.0 release (#1422)
22400972184	2026-02-25T14:22:49Z	-	test-common / Slow tests (noble, s390x, edge, 3.12)	https://github.com/canonical/craft-parts/actions/runs/22400972184/job/64847206458	https://github.com/canonical/craft-parts/actions/runs/22400972184	feat: Comment out replace statements to relative paths in go.mod
22398613229	2026-02-25T13:18:51Z	-	test-common / Fast tests (noble, s390x, edge)	https://github.com/canonical/craft-parts/actions/runs/22398613229/job/64838698745	https://github.com/canonical/craft-parts/actions/runs/22398613229	chore(merge): main into feature/pro-sources
22320434790	2026-02-23T18:57:53Z	-	test-common / Slow tests (noble, s390x, edge, 3.12); test-java-plugins / Slow tests (noble, s390x, edge, 3.12)	https://github.com/canonical/craft-parts/actions/runs/22320434790/job/64577007635; https://github.com/canonical/craft-parts/actions/runs/22320434790/job/64577007678	https://github.com/canonical/craft-parts/actions/runs/22320434790	feat: Comment out replace statements to relative paths in go.mod
22317784971	2026-02-23T17:42:25Z	-	test-java-plugins / Slow tests (noble, s390x, edge, 3.12)	https://github.com/canonical/craft-parts/actions/runs/22317784971/job/64567506108	https://github.com/canonical/craft-parts/actions/runs/22317784971	docs: add override-overlay
22310776850	2026-02-23T14:39:20Z	-	test-common / Fast tests (noble, s390x, edge)	https://github.com/canonical/craft-parts/actions/runs/22310776850/job/64542013476	https://github.com/canonical/craft-parts/actions/runs/22310776850	feat: add npm-use
22306521062	2026-02-23T12:40:38Z	-	test-java-plugins / Slow tests (noble, s390x, edge, 3.12)	https://github.com/canonical/craft-parts/actions/runs/22306521062/job/64527067578	https://github.com/canonical/craft-parts/actions/runs/22306521062	feat: Show part processing order when circular dependencies are detec…
22302330008	2026-02-23T10:31:59Z	-	test-java-plugins / Slow tests (noble, s390x, edge, 3.12)	https://github.com/canonical/craft-parts/actions/runs/22302330008/job/64512973660	https://github.com/canonical/craft-parts/actions/runs/22302330008	ci: upgrade flask
22296528673	2026-02-23T07:20:24Z	-	test-java-plugins / Slow tests (noble, s390x, edge, 3.12)	https://github.com/canonical/craft-parts/actions/runs/22296528673/job/64494218153	https://github.com/canonical/craft-parts/actions/runs/22296528673	build(deps): update dependency mypy to ~=1.19.1 (main)
22296526585	2026-02-23T07:20:19Z	-	test-java-plugins / Slow tests (noble, s390x, edge, 3.12)	https://github.com/canonical/craft-parts/actions/runs/22296526585/job/64494212424	https://github.com/canonical/craft-parts/actions/runs/22296526585	build(deps): update dependency mypy to ~=1.19.1
22296503170	2026-02-23T07:19:18Z	-	test-java-plugins / Slow tests (noble, s390x, edge, 3.12)	https://github.com/canonical/craft-parts/actions/runs/22296503170/job/64494142729	https://github.com/canonical/craft-parts/actions/runs/22296503170	style: fix linting issues for newer ruff (#1465)
22248841514	2026-02-21T02:43:02Z	-	test-java-plugins / Slow tests (noble, s390x, edge, 3.12)	https://github.com/canonical/craft-parts/actions/runs/22248841514/job/64368271614	https://github.com/canonical/craft-parts/actions/runs/22248841514	build(deps): update dependency mypy to ~=1.19.1
22237983261	2026-02-20T19:25:22Z	-	test-common / Fast tests (noble, s390x, edge); test-java-plugins / Slow tests (noble, s390x, edge, 3.12)	https://github.com/canonical/craft-parts/actions/runs/22237983261/job/64334301240; https://github.com/canonical/craft-parts/actions/runs/22237983261/job/64334301272	https://github.com/canonical/craft-parts/actions/runs/22237983261	feat: Comment out replace statements to relative paths in go.mod
22225595081	2026-02-20T13:16:50Z	-	test-java-plugins / Slow tests (noble, s390x, edge, 3.12)	https://github.com/canonical/craft-parts/actions/runs/22225595081/job/64291340162	https://github.com/canonical/craft-parts/actions/runs/22225595081	feat: add override-overlay
22219853391	2026-02-20T10:06:53Z	-	test-java-plugins / Slow tests (noble, s390x, edge, 3.12)	https://github.com/canonical/craft-parts/actions/runs/22219853391/job/64278085857	https://github.com/canonical/craft-parts/actions/runs/22219853391	feat: add npm-use
22120593219	2026-02-17T23:56:10Z	-	test-common / Fast tests (noble, s390x, edge)	https://github.com/canonical/craft-parts/actions/runs/22120593219/job/63941251888	https://github.com/canonical/craft-parts/actions/runs/22120593219	feat: Show part processing order when circular dependencies are detected
22105592481	2026-02-17T15:58:17Z	-	test-java-plugins / Slow tests (noble, s390x, edge, 3.12)	https://github.com/canonical/craft-parts/actions/runs/22105592481/job/63887255201	https://github.com/canonical/craft-parts/actions/runs/22105592481	chore(merge): main into feature/override_overlay (#1459)
22028173206	2026-02-15T02:21:12Z	-	test-java-plugins / Slow tests (noble, s390x, edge, 3.12)	https://github.com/canonical/craft-parts/actions/runs/22028173206/job/63648351271	https://github.com/canonical/craft-parts/actions/runs/22028173206	feat: Show part processing order when circular dependencies are detected
22010447896	2026-02-14T03:38:57Z	-	test-java-plugins / Slow tests (noble, s390x, edge, 3.12)	https://github.com/canonical/craft-parts/actions/runs/22010447896/job/63603084576	https://github.com/canonical/craft-parts/actions/runs/22010447896	build(deps): update dependency black to v26
22010447439	2026-02-14T03:38:54Z	-	test-java-plugins / Slow tests (noble, s390x, edge, 3.12)	https://github.com/canonical/craft-parts/actions/runs/22010447439/job/63603083012	https://github.com/canonical/craft-parts/actions/runs/22010447439	build(deps): update pre-commit hook astral-sh/ruff-pre-commit to v0.15.0
22010442355	2026-02-14T03:38:26Z	-	test-java-plugins / Slow tests (noble, s390x, edge, 3.12)	https://github.com/canonical/craft-parts/actions/runs/22010442355/job/63603068908	https://github.com/canonical/craft-parts/actions/runs/22010442355	build(deps): update dependency rackup to v2.3.1
21990274159	2026-02-13T14:23:08Z	-	test-java-plugins / Slow tests (noble, s390x, edge, 3.12)	https://github.com/canonical/craft-parts/actions/runs/21990274159/job/63535187189	https://github.com/canonical/craft-parts/actions/runs/21990274159	feat(npm): add self-contained support
21990235102	2026-02-13T14:21:56Z	-	test-java-plugins / Slow tests (noble, s390x, edge, 3.12)	https://github.com/canonical/craft-parts/actions/runs/21990235102/job/63535047183	https://github.com/canonical/craft-parts/actions/runs/21990235102	ci: fix go_use test (#1455)
21957805555	2026-02-12T17:46:49Z	-	test-java-plugins / Slow tests (noble, s390x, edge, 3.12); test-common / Fast tests (noble, s390x, edge)	https://github.com/canonical/craft-parts/actions/runs/21957805555/job/63426757825; https://github.com/canonical/craft-parts/actions/runs/21957805555/job/63426757965	https://github.com/canonical/craft-parts/actions/runs/21957805555	Fix the use of go-use (Go Workspaces) when using dependencies that include `replace <dep> => <relative path` in the go.mod file
21953971125	2026-02-12T15:57:19Z	-	test-common / Fast tests (noble, s390x, edge)	https://github.com/canonical/craft-parts/actions/runs/21953971125/job/63412368767	https://github.com/canonical/craft-parts/actions/runs/21953971125	Fix the use of go-use (Go Workspaces) when using dependencies that include `replace <dep> => <relative path` in the go.mod file
21847349651	2026-02-10T01:02:56Z	-	test-java-plugins / Slow tests (noble, s390x, edge, 3.12)	https://github.com/canonical/craft-parts/actions/runs/21847349651/job/63046225428	https://github.com/canonical/craft-parts/actions/runs/21847349651	docs: fix headings in 'Overlay step' explanation
21823107147	2026-02-09T11:23:35Z	-	test-common / Slow tests (noble, s390x, edge, 3.12)	https://github.com/canonical/craft-parts/actions/runs/21823107147/job/62961222487	https://github.com/canonical/craft-parts/actions/runs/21823107147	Add `UV_LINK_MODE=copy`
21818504545	2026-02-09T08:56:22Z	-	test-java-plugins / Slow tests (noble, s390x, edge, 3.12)	https://github.com/canonical/craft-parts/actions/runs/21818504545/job/62945627009	https://github.com/canonical/craft-parts/actions/runs/21818504545	fix: Use `UV_LOCKED` instead of `UV_FROZEN`
21773555427	2026-02-07T03:39:26Z	-	test-common / Slow tests (noble, s390x, edge, 3.12)	https://github.com/canonical/craft-parts/actions/runs/21773555427/job/62825689460	https://github.com/canonical/craft-parts/actions/runs/21773555427	build(deps): update gradle to v8.14.4
21773551289	2026-02-07T03:39:01Z	-	test-java-plugins / Slow tests (noble, s390x, edge, 3.12)	https://github.com/canonical/craft-parts/actions/runs/21773551289/job/62825677553	https://github.com/canonical/craft-parts/actions/runs/21773551289	build(deps): update dependency rackup to v2.3.1
21773550857	2026-02-07T03:38:59Z	-	test-other-plugins / Slow tests (noble, s390x, edge, 3.12)	https://github.com/canonical/craft-parts/actions/runs/21773550857/job/62825676448	https://github.com/canonical/craft-parts/actions/runs/21773550857	build(deps): update dependency pydantic-kitbash to v0.1.1
21773549249	2026-02-07T03:38:49Z	-	test-java-plugins / Slow tests (noble, s390x, edge, 3.12)	https://github.com/canonical/craft-parts/actions/runs/21773549249/job/62825671740	https://github.com/canonical/craft-parts/actions/runs/21773549249	build(deps): update dependency org.apache.maven.plugins:maven-compile…
21773548608	2026-02-07T03:38:46Z	-	test-java-plugins / Slow tests (noble, s390x, edge, 3.12)	https://github.com/canonical/craft-parts/actions/runs/21773548608/job/62825670312	https://github.com/canonical/craft-parts/actions/runs/21773548608	build(deps): update dependency mypy to ~=1.19.1
21773543174	2026-02-07T03:38:22Z	-	test-common / Slow tests (noble, s390x, edge, 3.12); test-java-plugins / Slow tests (noble, s390x, edge, 3.12)	https://github.com/canonical/craft-parts/actions/runs/21773543174/job/62825657401; https://github.com/canonical/craft-parts/actions/runs/21773543174/job/62825657444	https://github.com/canonical/craft-parts/actions/runs/21773543174	build(deps): update bugfixes
21757914521	2026-02-06T16:29:55Z	-	test-java-plugins / Slow tests (noble, s390x, edge, 3.12)	https://github.com/canonical/craft-parts/actions/runs/21757914521/job/62773461131	https://github.com/canonical/craft-parts/actions/runs/21757914521	feat(npm): add self-contained support
21754043605	2026-02-06T14:28:05Z	-	test-java-plugins / Slow tests (noble, s390x, edge, 3.12)	https://github.com/canonical/craft-parts/actions/runs/21754043605/job/62759319866	https://github.com/canonical/craft-parts/actions/runs/21754043605	feat(npm): add self-contained support
21663406477	2026-02-04T08:02:23Z	-	test-java-plugins / Slow tests (noble, s390x, edge, 3.12)	https://github.com/canonical/craft-parts/actions/runs/21663406477/job/62789230404	https://github.com/canonical/craft-parts/actions/runs/21663406477	fix(apt_cache): set all candidate versions before marking packages
21594059531	2026-02-02T14:30:18Z	-	test-java-plugins / Slow tests (noble, s390x, edge, 3.12)	https://github.com/canonical/craft-parts/actions/runs/21594059531/job/62221500380	https://github.com/canonical/craft-parts/actions/runs/21594059531	feat: implement mid-step callbacks (#1441)
21523580572	2026-01-30T16:52:02Z	-	test-java-plugins / Slow tests (noble, s390x, edge, 3.12)	https://github.com/canonical/craft-parts/actions/runs/21523580572/job/62021182816	https://github.com/canonical/craft-parts/actions/runs/21523580572	feat: implement mid-step callbacks
21517414960	2026-01-30T13:27:43Z	-	test-java-plugins / Slow tests (noble, s390x, edge, 3.12)	https://github.com/canonical/craft-parts/actions/runs/21517414960/job/61999680205	https://github.com/canonical/craft-parts/actions/runs/21517414960	feat: implement mid-step callbacks
21516136302	2026-01-30T12:40:09Z	-	test-java-plugins / Slow tests (noble, s390x, edge, 3.12)	https://github.com/canonical/craft-parts/actions/runs/21516136302/job/61994889989	https://github.com/canonical/craft-parts/actions/runs/21516136302	feat: implement mid-step callbacks
21438490161	2026-01-28T12:36:55Z	-	test-java-plugins / Slow tests (noble, s390x, edge, 3.12)	https://github.com/canonical/craft-parts/actions/runs/21438490161/job/61735142590	https://github.com/canonical/craft-parts/actions/runs/21438490161	feat: add colcon plugin (#1434)
21400892702	2026-01-27T14:24:13Z	-	test-java-plugins / Slow tests (noble, s390x, edge, 3.12)	https://github.com/canonical/craft-parts/actions/runs/21400892702/job/61611354250	https://github.com/canonical/craft-parts/actions/runs/21400892702	feat: colcon plugin
21397728838	2026-01-27T12:46:30Z	-	test-java-plugins / Slow tests (noble, s390x, edge, 3.12)	https://github.com/canonical/craft-parts/actions/runs/21397728838/job/61600221426	https://github.com/canonical/craft-parts/actions/runs/21397728838	feat: colcon plugin
21293684583	2026-01-23T16:41:29Z	-	test-java-plugins / Slow tests (noble, s390x, edge, 3.12)	https://github.com/canonical/craft-parts/actions/runs/21293684583/job/61293830346	https://github.com/canonical/craft-parts/actions/runs/21293684583	feat: colcon plugin
21208994562	2026-01-21T12:08:15Z	-	test-other-plugins / Slow tests (noble, s390x, edge, 3.12)	https://github.com/canonical/craft-parts/actions/runs/21208994562/job/61018963227	https://github.com/canonical/craft-parts/actions/runs/21208994562	feat(gradle_plugin): add gradle-use-daemon key
21081924311	2026-01-16T21:48:57Z	-	test-common / Fast tests (noble, s390x, edge)	https://github.com/canonical/craft-parts/actions/runs/21081924311/job/60637356677	https://github.com/canonical/craft-parts/actions/runs/21081924311	chore: prepare for Python 3.14
20997702676	2026-01-14T14:29:09Z	-	test-common / Slow tests (noble, s390x, edge, 3.12)	https://github.com/canonical/craft-parts/actions/runs/20997702676/job/60358805290	https://github.com/canonical/craft-parts/actions/runs/20997702676	build: update urllib3
20912392846	2026-01-12T08:17:38Z	-	test-python-plugins / Slow tests (noble, s390x, edge, 3.12)	https://github.com/canonical/craft-parts/actions/runs/20912392846/job/60077832965	https://github.com/canonical/craft-parts/actions/runs/20912392846	feat(gradle_plugin): add self-contained attribute support
20822176803	2026-01-08T15:31:18Z	-	test-java-plugins / Slow tests (noble, s390x, edge, 3.12)	https://github.com/canonical/craft-parts/actions/runs/20822176803/job/59813528466	https://github.com/canonical/craft-parts/actions/runs/20822176803	docs: prepare 2.28.0 release
20819008248	2026-01-08T13:48:03Z	-	test-common / Slow tests (noble, s390x, edge, 3.12)	https://github.com/canonical/craft-parts/actions/runs/20819008248/job/59802083733	https://github.com/canonical/craft-parts/actions/runs/20819008248	docs: clarify .NET plugin self-provisioned SDK compatibility
20755536493	2026-01-06T16:56:38Z	-	test-common / Slow tests (noble, s390x, edge, 3.12)	https://github.com/canonical/craft-parts/actions/runs/20755536493/job/59596494901	https://github.com/canonical/craft-parts/actions/runs/20755536493	fix: Update urllib3 to 2.6.1 to resolve security vulnerabilities (#1411)
20731325170	2026-01-05T22:37:20Z	-	test-java-plugins / Slow tests (noble, s390x, edge, 3.12)	https://github.com/canonical/craft-parts/actions/runs/20731325170/job/59519687362	https://github.com/canonical/craft-parts/actions/runs/20731325170	fix(maven-use): infer groupId from parent
20719982640	2026-01-05T15:20:51Z	-	test-common / Slow tests (noble, s390x, edge, 3.12)	https://github.com/canonical/craft-parts/actions/runs/20719982640/job/59480849420	https://github.com/canonical/craft-parts/actions/runs/20719982640	docs: update overlay filter field description
20625251116	2025-12-31T18:54:10Z	-	test-java-plugins / Slow tests (noble, s390x, edge, 3.12)	https://github.com/canonical/craft-parts/actions/runs/20625251116/job/59234652203	https://github.com/canonical/craft-parts/actions/runs/20625251116	build(deps): lock file maintenance (main)
20344716269	2025-12-18T17:00:21Z	-	test-java-plugins / Slow tests (noble, s390x, edge, 3.12)	https://github.com/canonical/craft-parts/actions/runs/20344716269/job/58453795386	https://github.com/canonical/craft-parts/actions/runs/20344716269	feat: Ruby plugin self-contained mode
20315532175	2025-12-17T19:57:20Z	-	test-java-plugins / Slow tests (noble, s390x, edge, 3.12)	https://github.com/canonical/craft-parts/actions/runs/20315532175/job/58357974050	https://github.com/canonical/craft-parts/actions/runs/20315532175	fix: standardize paths in ruby plugin
20244146756	2025-12-15T19:03:46Z	-	test-java-plugins / Slow tests (noble, s390x, edge, 3.12)	https://github.com/canonical/craft-parts/actions/runs/20244146756/job/58119690588	https://github.com/canonical/craft-parts/actions/runs/20244146756	fix: standardize paths in ruby plugin
20241514009	2025-12-15T17:31:07Z	-	test-python-plugins / Slow tests (noble, s390x, edge, 3.12); test-common / Fast tests (noble, s390x, edge); test-common / Slow tests (noble, s390x, edge, 3.12); test-java-plugins / Slow tests (noble, s390x, edge, 3.12)	https://github.com/canonical/craft-parts/actions/runs/20241514009/job/58110612428; https://github.com/canonical/craft-parts/actions/runs/20241514009/job/58110612522; https://github.com/canonical/craft-parts/actions/runs/20241514009/job/58110612534; https://github.com/canonical/craft-parts/actions/runs/20241514009/job/58110612574	https://github.com/canonical/craft-parts/actions/runs/20241514009	fix: standardize paths in ruby plugin
20166260869	2025-12-12T12:07:22Z	-	test-common / Fast tests (noble, s390x, edge)	https://github.com/canonical/craft-parts/actions/runs/20166260869/job/57890291715	https://github.com/canonical/craft-parts/actions/runs/20166260869	feat: add override-overlay
20116971690	2025-12-10T23:47:00Z	-	test-java-plugins / Slow tests (noble, s390x, edge, 3.12)	https://github.com/canonical/craft-parts/actions/runs/20116971690/job/57728617292	https://github.com/canonical/craft-parts/actions/runs/20116971690	fix: standardize paths in ruby plugin
20050893729	2025-12-09T03:28:43Z	-	test-common / Slow tests (noble, s390x, edge, 3.12)	https://github.com/canonical/craft-parts/actions/runs/20050893729/job/57506375830	https://github.com/canonical/craft-parts/actions/runs/20050893729	fix: standardize paths in ruby plugin
20045435691	2025-12-08T22:50:02Z	-	test-common / Fast tests (noble, s390x, edge)	https://github.com/canonical/craft-parts/actions/runs/20045435691/job/57489767147	https://github.com/canonical/craft-parts/actions/runs/20045435691	fix: standardize paths in ruby plugin
20043667004	2025-12-08T21:37:50Z	-	test-java-plugins / Slow tests (noble, s390x, edge, 3.12)	https://github.com/canonical/craft-parts/actions/runs/20043667004/job/57483943557	https://github.com/canonical/craft-parts/actions/runs/20043667004	test: add integration tests for make plugin
19915279622	2025-12-04T02:09:13Z	-	test-common / Fast tests (noble, s390x, edge)	https://github.com/canonical/craft-parts/actions/runs/19915279622/job/57092588413	https://github.com/canonical/craft-parts/actions/runs/19915279622	feat: add ruby plugin 
19877622521	2025-12-03T00:06:31Z	-	test-common / Slow tests (noble, s390x, edge, 3.12)	https://github.com/canonical/craft-parts/actions/runs/19877622521/job/56968562502	https://github.com/canonical/craft-parts/actions/runs/19877622521	feat: add ruby plugin 
19840148081	2025-12-01T22:48:54Z	-	test-python-plugins / Slow tests (noble, s390x, edge, 3.12); test-other-plugins / Slow tests (noble, s390x, edge, 3.12)	https://github.com/canonical/craft-parts/actions/runs/19840148081/job/56846693363; https://github.com/canonical/craft-parts/actions/runs/19840148081/job/56846693509	https://github.com/canonical/craft-parts/actions/runs/19840148081	fix(tests): ignore dotnet v2 integration tests on too-old systems (#1…
19834425526	2025-12-01T19:11:59Z	-	test-java-plugins / Slow tests (noble, s390x, edge, 3.12)	https://github.com/canonical/craft-parts/actions/runs/19834425526/job/57309791835	https://github.com/canonical/craft-parts/actions/runs/19834425526	build(deps): lock file maintenance (main)
19833263560	2025-12-01T18:29:26Z	-	test-java-plugins / Slow tests (noble, s390x, edge, 3.12)	https://github.com/canonical/craft-parts/actions/runs/19833263560/job/56824333272	https://github.com/canonical/craft-parts/actions/runs/19833263560	feat: add ruby plugin 
19821632595	2025-12-01T11:49:32Z	-	test-common / Slow tests (noble, s390x, edge, 3.12)	https://github.com/canonical/craft-parts/actions/runs/19821632595/job/56785075350	https://github.com/canonical/craft-parts/actions/runs/19821632595	build(deps): update actions/checkout action to v6
19805247411	2025-11-30T21:39:58Z	-	test-java-plugins / Slow tests (noble, s390x, edge, 3.12)	https://github.com/canonical/craft-parts/actions/runs/19805247411/job/56738396000	https://github.com/canonical/craft-parts/actions/runs/19805247411	feat: add ruby plugin 
19780247356	2025-11-29T06:33:46Z	-	test-common / Slow tests (noble, s390x, edge, 3.12); test-python-plugins / Slow tests (noble, s390x, edge, 3.12); test-java-plugins / Slow tests (noble, s390x, edge, 3.12)	https://github.com/canonical/craft-parts/actions/runs/19780247356/job/56679399566; https://github.com/canonical/craft-parts/actions/runs/19780247356/job/56679399584; https://github.com/canonical/craft-parts/actions/runs/19780247356/job/56679399616	https://github.com/canonical/craft-parts/actions/runs/19780247356	build(deps): update actions/checkout action to v6 (main)
19778345617	2025-11-29T03:30:27Z	-	test-common / Slow tests (noble, s390x, edge, 3.12)	https://github.com/canonical/craft-parts/actions/runs/19778345617/job/56674809661	https://github.com/canonical/craft-parts/actions/runs/19778345617	build(deps): update actions/checkout action to v6
19711128427	2025-11-26T16:44:31Z	-	test-common / Slow tests (noble, s390x, edge, 3.12); test-other-plugins / Slow tests (noble, s390x, edge, 3.12)	https://github.com/canonical/craft-parts/actions/runs/19711128427/job/56471756989; https://github.com/canonical/craft-parts/actions/runs/19711128427/job/56471757289	https://github.com/canonical/craft-parts/actions/runs/19711128427	feat(plugins): add plugin groups
19681323937	2025-11-25T19:16:12Z	-	test-java-plugins / Slow tests (noble, s390x, edge, 3.12)	https://github.com/canonical/craft-parts/actions/runs/19681323937/job/56375818636	https://github.com/canonical/craft-parts/actions/runs/19681323937	build(deps): lock file maintenance (main)
19657868629	2025-11-25T04:05:41Z	-	test-python-plugins / Slow tests (noble, s390x, edge, 3.12)	https://github.com/canonical/craft-parts/actions/runs/19657868629/job/56298321399	https://github.com/canonical/craft-parts/actions/runs/19657868629	feat: allow to override jdeps
19655546497	2025-11-25T01:53:38Z	-	test-common / Slow tests (noble, s390x, edge, 3.12)	https://github.com/canonical/craft-parts/actions/runs/19655546497/job/56291244651	https://github.com/canonical/craft-parts/actions/runs/19655546497	feat: allow to override jdeps
19616195431	2025-11-23T19:30:13Z	-	test-java-plugins / Slow tests (noble, s390x, edge, 3.12)	https://github.com/canonical/craft-parts/actions/runs/19616195431/job/56169116571	https://github.com/canonical/craft-parts/actions/runs/19616195431	feat: allow to override jdeps
19565154188	2025-11-21T08:53:20Z	-	test-common / Slow tests (noble, s390x, edge, 3.12)	https://github.com/canonical/craft-parts/actions/runs/19565154188/job/56025370935	https://github.com/canonical/craft-parts/actions/runs/19565154188	feat: allow to override jdeps
19517001507	2025-11-19T21:27:33Z	-	test-java-plugins / Slow tests (noble, s390x, edge, 3.12)	https://github.com/canonical/craft-parts/actions/runs/19517001507/job/56036291391	https://github.com/canonical/craft-parts/actions/runs/19517001507	feat: add ruby plugin 
19508224539	2025-11-19T16:14:39Z	-	test-java-plugins / Slow tests (noble, s390x, edge, 3.12)	https://github.com/canonical/craft-parts/actions/runs/19508224539/job/55840448944	https://github.com/canonical/craft-parts/actions/runs/19508224539	feat: add ruby plugin 
19500391894	2025-11-19T11:54:08Z	-	test-common / Fast tests (noble, s390x, edge)	https://github.com/canonical/craft-parts/actions/runs/19500391894/job/55812789920	https://github.com/canonical/craft-parts/actions/runs/19500391894	feat: add ruby plugin 
19485955680	2025-11-19T01:01:40Z	-	test-common / Fast tests (noble, s390x, edge)	https://github.com/canonical/craft-parts/actions/runs/19485955680/job/55768244298	https://github.com/canonical/craft-parts/actions/runs/19485955680	build(deps): lock file maintenance (main)
19485954534	2025-11-19T01:01:37Z	-	test-common / Fast tests (noble, s390x, edge); test-python-plugins / Slow tests (noble, s390x, edge, 3.12); test-java-plugins / Slow tests (noble, s390x, edge, 3.12)	https://github.com/canonical/craft-parts/actions/runs/19485954534/job/55768241050; https://github.com/canonical/craft-parts/actions/runs/19485954534/job/55768241094; https://github.com/canonical/craft-parts/actions/runs/19485954534/job/55768241157	https://github.com/canonical/craft-parts/actions/runs/19485954534	build(deps): lock file maintenance
19348402883	2025-11-13T22:56:08Z	-	test-other-plugins / Slow tests (noble, s390x, edge, 3.12)	https://github.com/canonical/craft-parts/actions/runs/19348402883/job/55354436297	https://github.com/canonical/craft-parts/actions/runs/19348402883	feat: add ruby plugin 
19310963722	2025-11-12T20:29:54Z	-	test-java-plugins / Slow tests (noble, s390x, edge, 3.12)	https://github.com/canonical/craft-parts/actions/runs/19310963722/job/55230807037	https://github.com/canonical/craft-parts/actions/runs/19310963722	build(deps): update pre-commit hook astral-sh/ruff-pre-commit to v0.14.4 (main)
19248936050	2025-11-10T23:03:52Z	-	test-common / Fast tests (noble, s390x, edge)	https://github.com/canonical/craft-parts/actions/runs/19248936050/job/55029557994	https://github.com/canonical/craft-parts/actions/runs/19248936050	build(deps): lock file maintenance (main)
19248934965	2025-11-10T23:03:49Z	-	test-common / Slow tests (noble, s390x, edge, 3.12); test-common / Fast tests (noble, s390x, edge); test-python-plugins / Slow tests (noble, s390x, edge, 3.12); test-java-plugins / Slow tests (noble, s390x, edge, 3.12)	https://github.com/canonical/craft-parts/actions/runs/19248934965/job/55029553781; https://github.com/canonical/craft-parts/actions/runs/19248934965/job/55029553792; https://github.com/canonical/craft-parts/actions/runs/19248934965/job/55029553820; https://github.com/canonical/craft-parts/actions/runs/19248934965/job/55029553868	https://github.com/canonical/craft-parts/actions/runs/19248934965	build(deps): lock file maintenance
19184532499	2025-11-08T00:01:56Z	-	test-java-plugins / Slow tests (noble, s390x, edge, 3.12)	https://github.com/canonical/craft-parts/actions/runs/19184532499/job/54848426959	https://github.com/canonical/craft-parts/actions/runs/19184532499	build(deps): update pre-commit hook astral-sh/ruff-pre-commit to v0.14.3
19146793336	2025-11-06T19:04:47Z	-	test-common / Fast tests (noble, s390x, edge); test-java-plugins / Slow tests (noble, s390x, edge, 3.12)	https://github.com/canonical/craft-parts/actions/runs/19146793336/job/54726419598; https://github.com/canonical/craft-parts/actions/runs/19146793336/job/54726419703	https://github.com/canonical/craft-parts/actions/runs/19146793336	Fix the use of go-use (Go Workspaces) when using dependencies that include `replace <dep> => <relative path` in the go.mod file
19063403133	2025-11-04T09:07:14Z	-	test-common / Fast tests (noble, s390x, edge)	https://github.com/canonical/craft-parts/actions/runs/19063403133/job/54448138072	https://github.com/canonical/craft-parts/actions/runs/19063403133	feat: allow to override jdeps
19027899877	2025-11-03T08:09:34Z	-	test-common / Fast tests (noble, s390x, edge)	https://github.com/canonical/craft-parts/actions/runs/19027899877/job/54334987983	https://github.com/canonical/craft-parts/actions/runs/19027899877	build(deps): lock file maintenance (main)
19027899206	2025-11-03T08:09:32Z	-	test-common / Fast tests (noble, s390x, edge)	https://github.com/canonical/craft-parts/actions/runs/19027899206/job/54472610943	https://github.com/canonical/craft-parts/actions/runs/19027899206	build(deps): lock file maintenance
19022797806	2025-11-03T03:13:28Z	-	test-common / Fast tests (noble, s390x, edge); test-common / Slow tests (noble, s390x, edge, 3.12); test-java-plugins / Slow tests (noble, s390x, edge, 3.12)	https://github.com/canonical/craft-parts/actions/runs/19022797806/job/54320838025; https://github.com/canonical/craft-parts/actions/runs/19022797806/job/54320838111; https://github.com/canonical/craft-parts/actions/runs/19022797806/job/54320838159	https://github.com/canonical/craft-parts/actions/runs/19022797806	build(deps): lock file maintenance (main)
19010028088	2025-11-02T09:01:10Z	-	test-common / Fast tests (noble, s390x, edge)	https://github.com/canonical/craft-parts/actions/runs/19010028088/job/54289603420	https://github.com/canonical/craft-parts/actions/runs/19010028088	feat: allow to override jdeps
18923287054	2025-10-29T22:01:10Z	-	test-common / Fast tests (noble, s390x, edge)	https://github.com/canonical/craft-parts/actions/runs/18923287054/job/54024667946	https://github.com/canonical/craft-parts/actions/runs/18923287054	fix: ignored outdated files should still be pulled
18850150246	2025-10-27T17:27:46Z	-	test-common / Fast tests (noble, s390x, edge)	https://github.com/canonical/craft-parts/actions/runs/18850150246/job/53784430093	https://github.com/canonical/craft-parts/actions/runs/18850150246	fix: shallow clone with source-commit if possible
18844889829	2025-10-27T14:40:02Z	-	test-java-plugins / Slow tests (noble, s390x, edge, 3.12)	https://github.com/canonical/craft-parts/actions/runs/18844889829/job/53766229830	https://github.com/canonical/craft-parts/actions/runs/18844889829	build(deps): update pre-commit hook astral-sh/ruff-pre-commit to v0.1…
18829191296	2025-10-27T03:47:57Z	-	test-common / Slow tests (noble, s390x, edge, 3.12); test-java-plugins / Slow tests (noble, s390x, edge, 3.12); test-python-plugins / Slow tests (noble, s390x, edge, 3.12); test-common / Fast tests (noble, s390x, edge); test-other-plugins / Slow tests (noble, s390x, edge, 3.12)	https://github.com/canonical/craft-parts/actions/runs/18829191296/job/54333106624; https://github.com/canonical/craft-parts/actions/runs/18829191296/job/54333106692; https://github.com/canonical/craft-parts/actions/runs/18829191296/job/54333106732; https://github.com/canonical/craft-parts/actions/runs/18829191296/job/54333106770; https://github.com/canonical/craft-parts/actions/runs/18829191296/job/54333106814	https://github.com/canonical/craft-parts/actions/runs/18829191296	build(deps): lock file maintenance
18784588549	2025-10-24T15:34:55Z	-	test-java-plugins / Slow tests (noble, s390x, edge, 3.12)	https://github.com/canonical/craft-parts/actions/runs/18784588549/job/53599459242	https://github.com/canonical/craft-parts/actions/runs/18784588549	fix: shallow clone with source-commit if possible
18784008296	2025-10-24T15:12:25Z	-	test-common / Fast tests (noble, s390x, edge); test-java-plugins / Slow tests (noble, s390x, edge, 3.12)	https://github.com/canonical/craft-parts/actions/runs/18784008296/job/53597401963; https://github.com/canonical/craft-parts/actions/runs/18784008296/job/53597402024	https://github.com/canonical/craft-parts/actions/runs/18784008296	fix: shallow clone with source-commit if possible
18756864702	2025-10-23T17:34:31Z	-	test-common / Fast tests (noble, s390x, edge)	https://github.com/canonical/craft-parts/actions/runs/18756864702/job/53510959867	https://github.com/canonical/craft-parts/actions/runs/18756864702	fix: shallow clone with source-commit if possible
18754157722	2025-10-23T15:49:33Z	-	test-common / Fast tests (noble, s390x, edge); test-java-plugins / Slow tests (noble, s390x, edge, 3.12)	https://github.com/canonical/craft-parts/actions/runs/18754157722/job/53501534022; https://github.com/canonical/craft-parts/actions/runs/18754157722/job/53501534103	https://github.com/canonical/craft-parts/actions/runs/18754157722	fix: shallow clone with source-commit if possible
18724466767	2025-10-22T17:24:42Z	-	test-common / Fast tests (noble, s390x, edge)	https://github.com/canonical/craft-parts/actions/runs/18724466767/job/53405322240	https://github.com/canonical/craft-parts/actions/runs/18724466767	fix: shallow clone with source-commit if possible
18694801270	2025-10-21T19:07:36Z	-	test-common / Fast tests (noble, s390x, edge)	https://github.com/canonical/craft-parts/actions/runs/18694801270/job/53312733415	https://github.com/canonical/craft-parts/actions/runs/18694801270	ci: test on Python 3.14
18693590539	2025-10-21T18:19:01Z	-	test-java-plugins / Slow tests (noble, s390x, edge, 3.12)	https://github.com/canonical/craft-parts/actions/runs/18693590539/job/53305185571	https://github.com/canonical/craft-parts/actions/runs/18693590539	build(deps): update dependency mypy to ~=1.18.2
18693545959	2025-10-21T18:17:17Z	-	test-java-plugins / Slow tests (noble, s390x, edge, 3.12)	https://github.com/canonical/craft-parts/actions/runs/18693545959/job/53305037079	https://github.com/canonical/craft-parts/actions/runs/18693545959	build(deps): update dependency pytest-cov to v7 (#1375)
18559848666	2025-10-16T11:32:16Z	-	test-common / Fast tests (noble, s390x, edge)	https://github.com/canonical/craft-parts/actions/runs/18559848666/job/52905917635	https://github.com/canonical/craft-parts/actions/runs/18559848666	fix: make sure the destination does not exist before organizing
18533465938	2025-10-15T15:06:11Z	-	test-common / Fast tests (noble, s390x, edge); test-java-plugins / Slow tests (noble, s390x, edge, 3.12)	https://github.com/canonical/craft-parts/actions/runs/18533465938/job/52822479586; https://github.com/canonical/craft-parts/actions/runs/18533465938/job/52822479886	https://github.com/canonical/craft-parts/actions/runs/18533465938	fix: make sure the destination does not exist before organizing
18505364753	2025-10-14T17:49:12Z	-	test-java-plugins / Slow tests (noble, s390x, edge, 3.12)	https://github.com/canonical/craft-parts/actions/runs/18505364753/job/52732738494	https://github.com/canonical/craft-parts/actions/runs/18505364753	feat(chisel): ignore unmaintained/unstable releases
18488223363	2025-10-14T06:59:21Z	-	test-common / Fast tests (noble, s390x, edge)	https://github.com/canonical/craft-parts/actions/runs/18488223363/job/52675763836	https://github.com/canonical/craft-parts/actions/runs/18488223363	[PROTOTYPE] stage filter applied to overlay content
18351385787	2025-10-08T16:25:27Z	-	test-java-plugins / Slow tests (noble, s390x, edge, 3.12)	https://github.com/canonical/craft-parts/actions/runs/18351385787/job/52272006707	https://github.com/canonical/craft-parts/actions/runs/18351385787	docs: normalise plugin references (#1349)
18346441854	2025-10-08T13:32:51Z	-	test-java-plugins / Slow tests (noble, s390x, edge, 3.12)	https://github.com/canonical/craft-parts/actions/runs/18346441854/job/52254283468	https://github.com/canonical/craft-parts/actions/runs/18346441854	fix: remove noisy logging
18340966932	2025-10-08T10:00:04Z	-	test-java-plugins / Slow tests (noble, s390x, edge, 3.12)	https://github.com/canonical/craft-parts/actions/runs/18340966932/job/52236222582	https://github.com/canonical/craft-parts/actions/runs/18340966932	feat: suppress detached head message
18291820955	2025-10-06T19:14:57Z	-	test-java-plugins / Slow tests (noble, s390x, edge, 3.12)	https://github.com/canonical/craft-parts/actions/runs/18291820955/job/52080676553	https://github.com/canonical/craft-parts/actions/runs/18291820955	docs: Release 2.25.0
18291115150	2025-10-06T18:46:03Z	-	test-java-plugins / Slow tests (noble, s390x, edge, 3.12)	https://github.com/canonical/craft-parts/actions/runs/18291115150/job/52078316601	https://github.com/canonical/craft-parts/actions/runs/18291115150	ci: remove unwanted Java 25 from GitHub hosted runners (#1354)
18122687932	2025-09-30T07:47:31Z	-	test-java-plugins / Slow tests (noble, s390x, edge, 3.12)	https://github.com/canonical/craft-parts/actions/runs/18122687932/job/51570663377	https://github.com/canonical/craft-parts/actions/runs/18122687932	fix: add setup command to meson
18097346403	2025-09-29T12:42:51Z	-	test-java-plugins / Slow tests (noble, s390x, edge, 3.12)	https://github.com/canonical/craft-parts/actions/runs/18097346403/job/51491366741	https://github.com/canonical/craft-parts/actions/runs/18097346403	fix: add setup command to meson
18050586348	2025-09-26T22:15:40Z	-	test-java-plugins / Slow tests (noble, s390x, edge, 3.12)	https://github.com/canonical/craft-parts/actions/runs/18050586348/job/51371542878	https://github.com/canonical/craft-parts/actions/runs/18050586348	chore: rename starter pack submodule (#1341)
18047531592	2025-09-26T19:34:14Z	-	test-java-plugins / Slow tests (noble, s390x, edge, 3.12)	https://github.com/canonical/craft-parts/actions/runs/18047531592/job/51361807712	https://github.com/canonical/craft-parts/actions/runs/18047531592	fix(docs): fix a typo (#1345)
18043521814	2025-09-26T16:27:51Z	-	test-java-plugins / Slow tests (noble, s390x, edge, 3.12)	https://github.com/canonical/craft-parts/actions/runs/18043521814/job/51348518550	https://github.com/canonical/craft-parts/actions/runs/18043521814	docs: prepare for 2.24.0 release
17939833929	2025-09-23T08:14:18Z	-	test-java-plugins / Slow tests (noble, s390x, edge, 3.12)	https://github.com/canonical/craft-parts/actions/runs/17939833929/job/51013587541	https://github.com/canonical/craft-parts/actions/runs/17939833929	fix: normalize wildcard entries in filesets (#1318)
17925203184	2025-09-22T18:44:07Z	-	test-java-plugins / Slow tests (noble, s390x, edge, 3.12)	https://github.com/canonical/craft-parts/actions/runs/17925203184/job/50969468088	https://github.com/canonical/craft-parts/actions/runs/17925203184	build(deps): update dependency docutils to v0.22.2 (main)
17922390941	2025-09-22T16:50:15Z	-	test-java-plugins / Slow tests (noble, s390x, edge, 3.12)	https://github.com/canonical/craft-parts/actions/runs/17922390941/job/50960354415	https://github.com/canonical/craft-parts/actions/runs/17922390941	docs: improve the file migration explanation
17869563812	2025-09-19T20:54:06Z	-	test-java-plugins / Slow tests (noble, s390x, edge, 3.12)	https://github.com/canonical/craft-parts/actions/runs/17869563812/job/50820314450	https://github.com/canonical/craft-parts/actions/runs/17869563812	style(docs): make linkcheck quieter and faster
17863275527	2025-09-19T15:52:00Z	-	test-java-plugins / Slow tests (noble, s390x, edge, 3.12)	https://github.com/canonical/craft-parts/actions/runs/17863275527/job/50813167199	https://github.com/canonical/craft-parts/actions/runs/17863275527	ci: test non java/python plugins on more platforms
17841930276	2025-09-18T21:31:30Z	-	test-java-plugins / Slow tests (noble, s390x, edge, 3.12)	https://github.com/canonical/craft-parts/actions/runs/17841930276/job/50733261109	https://github.com/canonical/craft-parts/actions/runs/17841930276	docs: add new Python plugin to the changelog (#1319)
17838586486	2025-09-18T18:57:09Z	-	test-common / Fast tests (noble, s390x, edge)	https://github.com/canonical/craft-parts/actions/runs/17838586486/job/50721960832	https://github.com/canonical/craft-parts/actions/runs/17838586486	test: run tests in a random order
17832636394	2025-09-18T14:52:25Z	-	test-common / Fast tests (noble, s390x, edge)	https://github.com/canonical/craft-parts/actions/runs/17832636394/job/50701461510	https://github.com/canonical/craft-parts/actions/runs/17832636394	fix: do not collide on "similar" symlinks between overlay and install dir
17827368736	2025-09-18T11:34:47Z	-	test-common / Fast tests (noble, s390x, edge)	https://github.com/canonical/craft-parts/actions/runs/17827368736/job/50683583339	https://github.com/canonical/craft-parts/actions/runs/17827368736	fix: normalize wildcard entries in filesets
17826345944	2025-09-18T10:51:33Z	-	test-java-plugins / Slow tests (noble, s390x, edge, 3.12)	https://github.com/canonical/craft-parts/actions/runs/17826345944/job/50680345043	https://github.com/canonical/craft-parts/actions/runs/17826345944	feat: merge feature/pro-sources into main
17814819870	2025-09-18T01:03:34Z	-	test-common / Fast tests (noble, s390x, edge)	https://github.com/canonical/craft-parts/actions/runs/17814819870/job/50646008137	https://github.com/canonical/craft-parts/actions/runs/17814819870	test: run tests in a random order
17800970022	2025-09-17T14:28:21Z	-	test-common / Fast tests (noble, s390x, edge)	https://github.com/canonical/craft-parts/actions/runs/17800970022/job/50600373776	https://github.com/canonical/craft-parts/actions/runs/17800970022	feat(plugins): new usrmerge-ready Python plugin
17798628705	2025-09-17T13:07:16Z	-	test-java-plugins / Slow tests (noble, s390x, edge, 3.12)	https://github.com/canonical/craft-parts/actions/runs/17798628705/job/50592211512	https://github.com/canonical/craft-parts/actions/runs/17798628705	ci: test java plugins on more platforms (#1303)
17783588960	2025-09-17T01:15:42Z	-	test-other-plugins / Slow tests (noble, s390x, edge, 3.12)	https://github.com/canonical/craft-parts/actions/runs/17783588960/job/50547049084	https://github.com/canonical/craft-parts/actions/runs/17783588960	ci: test non java/python plugins on more platforms
17777781475	2025-09-16T20:11:18Z	-	test-common / Fast tests (noble, s390x, edge)	https://github.com/canonical/craft-parts/actions/runs/17777781475/job/50529675694	https://github.com/canonical/craft-parts/actions/runs/17777781475	test: run tests in a random order
17603510407	2025-09-10T04:48:01Z	-	test / Fast tests (noble, s390x, edge)	https://github.com/canonical/craft-parts/actions/runs/17603510407/job/50009808726	https://github.com/canonical/craft-parts/actions/runs/17603510407	ci: run non-plugin tests on more platforms
17602569843	2025-09-10T03:46:21Z	-	test / Fast tests (noble, s390x, edge)	https://github.com/canonical/craft-parts/actions/runs/17602569843/job/50007260928	https://github.com/canonical/craft-parts/actions/runs/17602569843	ci: run non-plugin tests on more platforms
17602477978	2025-09-10T03:40:23Z	-	test / Fast tests (noble, s390x, edge)	https://github.com/canonical/craft-parts/actions/runs/17602477978/job/50007007958	https://github.com/canonical/craft-parts/actions/runs/17602477978	ci: run non-plugin tests on more platforms
17602038932	2025-09-10T03:13:53Z	-	test / Fast tests (noble, s390x, edge)	https://github.com/canonical/craft-parts/actions/runs/17602038932/job/50005845092	https://github.com/canonical/craft-parts/actions/runs/17602038932	ci: run non-plugin tests on more platforms
17601582076	2025-09-10T02:46:24Z	-	test / Fast tests (noble, s390x, edge)	https://github.com/canonical/craft-parts/actions/runs/17601582076/job/50004406863	https://github.com/canonical/craft-parts/actions/runs/17601582076	ci: run non-plugin tests on more platforms
17601539374	2025-09-10T02:44:00Z	-	test-java-plugins / Slow tests (noble, s390x, edge, 3.12)	https://github.com/canonical/craft-parts/actions/runs/17601539374/job/50004294034	https://github.com/canonical/craft-parts/actions/runs/17601539374	ci: run java plugin tests on more platforms
17601460099	2025-09-10T02:39:25Z	-	test-other-plugins / Slow tests (noble, s390x, edge, 3.12)	https://github.com/canonical/craft-parts/actions/runs/17601460099/job/50004038444	https://github.com/canonical/craft-parts/actions/runs/17601460099	ci: run other plugin tests on more platforms
