version 2
JvmtiExport can_access_local_variables 0
JvmtiExport can_hotswap_or_post_breakpoint 0
JvmtiExport can_post_on_exceptions 0
# 276 ciObject found
instanceKlass jdk/internal/jimage/ImageLocation
ciMethodData java/lang/Object <init> ()V 2 2634423 orig 48 0 0 0 1 0 0 0 0 0 0 0 0 176 155 42 112 0 0 0 0 0 0 0 0 0 0 0 0 0 0 0 0 0 0 0 0 0 0 0 0 0 0 0 0 0 0 0 0 data 4 0x0 0x900000000000000 0x1 0x0 oops 0 methods 0
ciMethodData java/lang/String coder ()B 2 1206142 orig 48 0 0 0 0 0 0 0 0 0 0 0 0 176 155 42 112 0 0 0 0 0 0 0 0 0 0 0 0 0 0 0 0 0 0 0 0 0 0 0 0 0 0 0 0 0 0 0 0 data 11 0x700000300000000 0x0 0x38 0x12677e 0x300000a00000000 0x12677e 0x18 0x0 0x900000000000000 0x1 0x0 oops 0 methods 0
ciMethodData java/lang/String length ()I 2 1057881 orig 48 0 0 0 0 0 0 0 0 0 0 0 0 176 155 42 112 0 0 0 0 0 0 0 0 0 0 0 0 0 0 0 0 0 0 0 0 0 0 0 0 0 0 0 0 0 0 0 0 data 15 0x500000600000000 0x102455 0x0 0x0 0x0 0x0 0x0 0x0 0x0 0x0 0x0 0x0 0x900000000000000 0x1 0x0 oops 0 methods 0
ciMethodData java/lang/StringBuilder <init> ()V 2 61810 orig 48 0 0 0 0 0 0 0 0 0 0 0 0 176 155 42 112 0 0 0 0 0 0 0 0 0 0 0 0 0 0 0 0 0 0 0 0 0 0 0 0 0 0 0 0 0 0 0 0 data 6 0x200000300000000 0xf172 0x0 0x900000000000000 0x1 0x0 oops 0 methods 0
ciMethodData java/lang/AbstractStringBuilder <init> (I)V 2 8596 orig 48 0 0 0 0 0 0 0 0 0 0 0 0 176 155 42 112 0 0 0 0 0 0 0 0 0 0 0 0 0 0 0 0 0 0 0 0 0 0 0 0 0 0 0 0 0 0 0 0 data 21 0x200000100000000 0x2194 0x700000700000000 0x0 0x38 0x2194 0x300001600000000 0x2194 0x28 0x200001b00000000 0x0 0x0 0x0 0x0 0x0 0x0 0x0 0x900000000000000 0x2 0x0 0x0 oops 0 methods 0
ciMethodData java/lang/StringBuilder append (Ljava/lang/String;)Ljava/lang/StringBuilder; 2 170332 orig 48 0 0 0 0 0 0 0 0 0 0 0 0 176 155 42 112 0 0 0 0 0 0 0 0 0 0 0 0 0 0 0 0 0 0 0 0 0 0 0 0 0 0 0 0 0 0 0 0 data 7 0x200000200000000 0x2995c 0x0 0x900000000000000 0x2 0xe 0x0 oops 0 methods 0
ciMethodData java/lang/AbstractStringBuilder append (Ljava/lang/String;)Ljava/lang/AbstractStringBuilder; 2 5778 orig 48 0 0 0 0 0 0 0 0 0 0 0 0 176 155 42 112 0 0 0 0 0 0 0 0 0 0 0 0 0 0 0 0 0 0 0 0 0 0 0 0 0 0 0 0 0 0 0 0 data 38 0x700000100000000 0x1692 0x50 0x0 0x500000500000000 0x0 0x0 0x0 0x0 0x0 0x500000a00000000 0x1692 0x0 0x0 0x0 0x0 0x500001500000000 0x1692 0x0 0x0 0x0 0x0 0x500001e00000000 0x1692 0x0 0x0 0x0 0x0 0x0 0x0 0x0 0x0 0x0 0x0 0x900000000000000 0x2 0xe 0x0 oops 0 methods 0
ciMethodData java/lang/StringBuilder toString ()Ljava/lang/String; 2 63250 orig 48 0 0 0 0 0 0 0 0 0 0 0 0 176 155 42 112 0 0 0 0 0 0 0 0 0 0 0 0 0 0 0 0 0 0 0 0 0 0 0 0 0 0 0 0 0 0 0 0 data 6 0x200000500000000 0xf712 0x0 0x900000000000000 0x1 0x0 oops 0 methods 0
ciMethodData java/lang/String <init> (Ljava/lang/StringBuilder;)V 2 63250 orig 48 0 0 0 0 0 0 0 0 0 0 0 0 176 155 42 112 0 0 0 0 0 0 0 0 0 0 0 0 0 0 0 0 0 0 0 0 0 0 0 0 0 0 0 0 0 0 0 0 data 7 0x200000300000000 0xf712 0x0 0x900000000000000 0x2 0x0 0x0 oops 0 methods 0
ciMethodData java/lang/String <init> (Ljava/lang/AbstractStringBuilder;Ljava/lang/Void;)V 2 8538 orig 48 0 0 0 0 0 0 0 0 0 0 0 0 176 155 42 112 0 0 0 0 0 0 0 0 0 0 0 0 0 0 0 0 0 0 0 0 0 0 0 0 0 0 0 0 0 0 0 0 data 54 0x200000100000000 0x215a 0x500000500000000 0x215a 0x0 0x0 0x0 0x0 0x500000a00000000 0x2048 0x3ff10005e88 0x112 0x0 0x0 0x500001000000000 0x215a 0x0 0x0 0x0 0x0 0x700001300000000 0x0 0x48 0x215a 0x200002000000000 0x215a 0x300002600000000 0x215a 0x88 0x700002c00000000 0x0 0x60 0x0 0x700003300000000 0x0 0x40 0x0 0x200003b00000000 0x0 0x200004800000000 0x0 0x200005b00000000 0x0 0x0 0x0 0x0 0x0 0x0 0x0 0x900000000000000 0x3 0x0 0x0 0x0 oops 1 10 java/lang/StringBuilder methods 0
ciMethodData java/lang/String getBytes ([BIB)V 2 5194 orig 48 0 0 0 0 0 0 0 0 0 0 0 0 176 155 42 112 0 0 0 0 0 0 0 0 0 0 0 0 0 0 0 0 0 0 0 0 0 0 0 0 0 0 0 0 0 0 0 0 data 29 0x500000100000000 0x144a 0x0 0x0 0x0 0x0 0x700000500000000 0x0 0x48 0x144a 0x200001600000000 0x144a 0x300001900000000 0x144a 0x28 0x200002800000000 0x0 0x0 0x0 0x0 0x0 0x0 0x0 0x900000000000000 0x4 0x0 0xffffffffffffffff 0x0 0x0 oops 0 methods 0
ciMethodData java/lang/AbstractStringBuilder ensureCapacityInternal (I)V 2 7408 orig 48 0 0 0 0 0 0 0 0 0 0 0 0 176 155 42 112 0 0 0 0 0 0 0 0 0 0 0 0 0 0 0 0 0 0 0 0 0 0 0 0 0 0 0 0 0 0 0 0 data 22 0x700000e00000000 0x193e 0x60 0x3b2 0x500001800000000 0x3b2 0x0 0x0 0x0 0x0 0x200002000000000 0x3b2 0x0 0x0 0x0 0x0 0x0 0x0 0x900000000000000 0x2 0xc 0x0 oops 0 methods 0
ciMethodData java/lang/AbstractStringBuilder newCapacity (I)I 2 8443 orig 48 0 0 0 0 0 0 0 0 0 0 0 0 176 155 42 112 0 0 0 0 0 0 0 0 0 0 0 0 0 0 0 0 0 0 0 0 0 0 0 0 0 0 0 0 0 0 0 0 data 18 0x200001d00000000 0x20fb 0x700002600000000 0x20fb 0x30 0x0 0x200002f00000000 0x0 0x0 0x0 0x0 0x0 0x0 0x0 0x900000000000000 0x2 0x0 0x0 oops 0 methods 0
ciMethodData java/util/Arrays copyOf ([BI)[B 2 18325 orig 48 0 0 0 0 0 0 0 0 0 0 0 0 176 155 42 112 0 0 0 0 0 0 0 0 0 0 0 0 0 0 0 0 0 0 0 0 0 0 0 0 0 0 0 0 0 0 0 0 data 30 0x700000300000000 0x43c5 0x80 0x3d0 0x500000700000000 0x0 0x3ffa80f7dd0 0x3d0 0x0 0x0 0x400000a00000000 0x0 0x3ffa80f7dd0 0x3d0 0x0 0x0 0x200001900000000 0x43c5 0x200001c00000000 0x43c5 0x0 0x0 0x0 0x0 0x0 0x0 0x900000000000000 0x2 0xffffffffffffffff 0x0 oops 2 6 [B 12 [B methods 0
ciMethodData java/lang/AbstractStringBuilder isLatin1 ()Z 2 78774 orig 48 0 0 0 0 0 0 0 0 0 0 0 0 176 155 42 112 0 0 0 0 0 0 0 0 0 0 0 0 0 0 0 0 0 0 0 0 0 0 0 0 0 0 0 0 0 0 0 0 data 15 0x700000300000000 0x0 0x58 0x133b6 0x700000a00000000 0x0 0x38 0x133b6 0x300000e00000000 0x133b6 0x18 0x0 0x900000000000000 0x1 0x0 oops 0 methods 0
ciMethodData java/lang/AbstractStringBuilder putStringAt (ILjava/lang/String;)V 2 5603 orig 48 0 0 0 0 0 0 0 0 0 0 0 0 176 155 42 112 0 0 0 0 0 0 0 0 0 0 0 0 0 0 0 0 0 0 0 0 0 0 0 0 0 0 0 0 0 0 0 0 data 23 0x500000200000000 0x15e3 0x0 0x0 0x0 0x0 0x500000f00000000 0x15e3 0x0 0x0 0x0 0x0 0x0 0x0 0x0 0x0 0x0 0x0 0x900000000000000 0x3 0xc 0x0 0x0 oops 0 methods 0
ciMethodData java/lang/AbstractStringBuilder inflateIfNeededFor (Ljava/lang/String;)V 2 5603 orig 48 0 0 0 0 0 0 0 0 0 0 0 0 176 155 42 112 0 0 0 0 0 0 0 0 0 0 0 0 0 0 0 0 0 0 0 0 0 0 0 0 0 0 0 0 0 0 0 0 data 30 0x700000300000000 0x0 0xa0 0x15e3 0x500000b00000000 0x15e3 0x0 0x0 0x0 0x0 0x700000e00000000 0x15e3 0x50 0x0 0x500001200000000 0x0 0x0 0x0 0x0 0x0 0x0 0x0 0x0 0x0 0x0 0x0 0x900000000000000 0x2 0xc 0x0 oops 0 methods 0
ciMethodData java/util/Arrays copyOfRange ([BII)[B 2 83081 orig 48 0 0 0 0 0 0 0 0 0 0 0 0 176 155 42 112 0 0 0 0 0 0 0 0 0 0 0 0 0 0 0 0 0 0 0 0 0 0 0 0 0 0 0 0 0 0 0 0 data 33 0x700000100000000 0xfa2a 0x40 0x4a5f 0x700000700000000 0x1e0f 0x30 0x2c50 0x200000d00000000 0x1267a 0x500001200000000 0x0 0x3ffa80f7dd0 0x1e0f 0x0 0x0 0x400001500000000 0x0 0x3ffa80f7dd0 0x1e0f 0x0 0x0 0x0 0x0 0x0 0x0 0x0 0x0 0x900000000000000 0x3 0x0 0x0 0x0 oops 2 12 [B 18 [B methods 0
ciMethodData java/util/Arrays copyOfRangeByte ([BII)[B 2 75385 orig 48 0 0 0 0 0 0 0 0 0 0 0 0 176 155 42 112 0 0 0 0 0 0 0 0 0 0 0 0 0 0 0 0 0 0 0 0 0 0 0 0 0 0 0 0 0 0 0 0 data 17 0x200000200000000 0x12679 0x200001800000000 0x12679 0x200001b00000000 0x12679 0x0 0x0 0x0 0x0 0x0 0x0 0x900000000000000 0x3 0x0 0x0 0x0 oops 0 methods 0
ciMethodData java/util/Arrays checkLength (II)V 2 75385 orig 48 0 0 0 0 0 0 0 0 0 0 0 0 176 155 42 112 0 0 0 0 0 0 0 0 0 0 0 0 0 0 0 0 0 0 0 0 0 0 0 0 0 0 0 0 0 0 0 0 data 42 0x700000200000000 0x12679 0x100 0x0 0x200000d00000000 0x0 0x500001100000000 0x0 0x0 0x0 0x0 0x0 0x500001700000000 0x0 0x0 0x0 0x0 0x0 0x500001b00000000 0x0 0x0 0x0 0x0 0x0 0x500001e00000000 0x0 0x0 0x0 0x0 0x0 0x200002100000000 0x0 0x0 0x0 0x0 0x0 0x0 0x0 0x900000000000000 0x2 0x0 0x0 oops 0 methods 0
ciMethodData java/lang/StringLatin1 canEncode (C)Z 2 11177 orig 48 0 0 0 0 0 0 0 0 0 0 0 0 176 155 42 112 0 0 0 0 0 0 0 0 0 0 0 0 0 0 0 0 0 0 0 0 0 0 0 0 0 0 0 0 0 0 0 0 data 11 0x700000400000000 0x0 0x38 0x2ba9 0x300000800000000 0x2ba9 0x18 0x0 0x900000000000000 0x1 0x0 oops 0 methods 0
ciMethodData java/lang/StringBuilder length ()I 2 50835 orig 48 0 0 0 0 0 0 0 0 0 0 0 0 176 155 42 112 0 0 0 0 0 0 0 0 0 0 0 0 0 0 0 0 0 0 0 0 0 0 0 0 0 0 0 0 0 0 0 0 data 6 0x200000100000000 0xc693 0x0 0x900000000000000 0x1 0x0 oops 0 methods 0
ciMethodData java/lang/StringBuilder append (C)Ljava/lang/StringBuilder; 2 170372 orig 48 0 0 0 0 0 0 0 0 0 0 0 0 176 155 42 112 0 0 0 0 0 0 0 0 0 0 0 0 0 0 0 0 0 0 0 0 0 0 0 0 0 0 0 0 0 0 0 0 data 7 0x200000200000000 0x29984 0x0 0x900000000000000 0x2 0x0 0x0 oops 0 methods 0
ciMethodData java/lang/AbstractStringBuilder append (C)Ljava/lang/AbstractStringBuilder; 2 8764 orig 48 0 0 0 0 0 0 0 0 0 0 0 0 176 155 42 112 0 0 0 0 0 0 0 0 0 0 0 0 0 0 0 0 0 0 0 0 0 0 0 0 0 0 0 0 0 0 0 0 data 53 0x500000700000000 0x223c 0x0 0x0 0x0 0x0 0x500000b00000000 0x223c 0x0 0x0 0x0 0x0 0x700000e00000000 0x0 0x68 0x223c 0x200001200000000 0x223c 0x700001500000000 0x0 0x38 0x223c 0x300002a00000000 0x223c 0xa8 0x500002e00000000 0x0 0x0 0x0 0x0 0x0 0x700003100000000 0x0 0x50 0x0 0x500003500000000 0x0 0x0 0x0 0x0 0x0 0x200004800000000 0x0 0x0 0x0 0x0 0x0 0x0 0x0 0x900000000000000 0x2 0x0 0x0 oops 0 methods 0
ciMethod jdk/internal/jimage/ImageStream getBuffer ()Ljava/nio/ByteBuffer; 304 0 152 0 -1
ciMethodData jdk/internal/jimage/ImageLocation getAttribute (I)J 2 47049 orig 48 0 0 0 0 0 0 0 0 0 0 0 0 176 155 42 112 0 0 0 0 0 0 0 0 0 0 0 0 0 0 0 0 0 0 0 0 0 0 0 0 0 0 0 0 0 0 0 0 data 40 0x700000100000000 0x0 0x40 0xb7c9 0x700000700000000 0xb7c9 0xd0 0x0 0x200001200000000 0x0 0x500001700000000 0x0 0x0 0x0 0x0 0x0 0x500001b00000000 0x0 0x0 0x0 0x0 0x0 0x500001e00000000 0x0 0x0 0x0 0x0 0x0 0x200002100000000 0x0 0x0 0x0 0x0 0x0 0x0 0x0 0x900000000000000 0x2 0x0 0x0 oops 0 methods 0
ciMethod jdk/tools/jlink/internal/ImageStringsWriter get (I)Ljava/lang/String; 7300 90842 58262 0 3276
ciMethodData jdk/internal/jimage/ImageLocation getAttributeString (I)Ljava/lang/String; 2 62275 orig 48 0 0 0 0 0 0 0 0 0 0 0 0 176 155 42 112 0 0 0 0 0 0 0 0 0 0 0 0 0 0 0 0 0 0 0 0 0 0 0 0 0 0 0 0 0 0 0 0 data 52 0x700000100000000 0x0 0x40 0xf344 0x700000700000000 0xf344 0xd0 0x0 0x200001200000000 0x0 0x500001700000000 0x0 0x0 0x0 0x0 0x0 0x500001b00000000 0x0 0x0 0x0 0x0 0x0 0x500001e00000000 0x0 0x0 0x0 0x0 0x0 0x200002100000000 0x0 0x500002600000000 0x0 0x3ffa8282118 0xf344 0x0 0x0 0x500003000000000 0x0 0x3fef459dfe8 0xf344 0x0 0x0 0x0 0x0 0x0 0x0 0x0 0x0 0x900000000000000 0x2 0x0 0x0 oops 2 32 jdk/tools/jlink/internal/ImageLocationWriter 38 jdk/tools/jlink/internal/ImageStringsWriter methods 0
ciMethodData jdk/internal/jimage/ImageLocation getFullName (Z)Ljava/lang/String; 2 31818 orig 48 0 0 0 0 0 0 0 0 0 0 0 0 176 155 42 112 0 0 0 0 0 0 0 0 0 0 0 0 0 0 0 0 0 0 0 0 0 0 0 0 0 0 0 0 0 0 0 0 data 130 0x200000400000000 0x7c4a 0x500000900000000 0x0 0x3ffa8282118 0x7c4a 0x0 0x0 0x700000c00000000 0x4 0x130 0x7c46 0x700001000000000 0x7c46 0x50 0x0 0x500001600000000 0x0 0x0 0x0 0x0 0x0 0x500001d00000000 0x7c46 0x0 0x0 0x0 0x0 0x500002300000000 0x0 0x3ffa8282118 0x7c46 0x0 0x0 0x500002600000000 0x7c46 0x0 0x0 0x0 0x0 0x500002d00000000 0x7c46 0x0 0x0 0x0 0x0 0x500003200000000 0x0 0x3ffa8282118 0x7c4a 0x0 0x0 0x700003500000000 0x81f 0xb0 0x742b 0x500003a00000000 0x0 0x3ffa8282118 0x742b 0x0 0x0 0x500003d00000000 0x742b 0x0 0x0 0x0 0x0 0x500004400000000 0x742b 0x0 0x0 0x0 0x0 0x500004a00000000 0x0 0x3ffa8282118 0x7c4a 0x0 0x0 0x500004d00000000 0x7c4a 0x0 0x0 0x0 0x0 0x500005200000000 0x0 0x3ffa8282118 0x7c4a 0x0 0x0 0x700005500000000 0x81c 0xb0 0x742e 0x500005b00000000 0x742e 0x0 0x0 0x0 0x0 0x500006100000000 0x0 0x3ffa8282118 0x742e 0x0 0x0 0x500006400000000 0x742e 0x0 0x0 0x0 0x0 0x500006900000000 0x7c4a 0x0 0x0 0x0 0x0 0x0 0x0 0x0 0x0 0x0 0x0 0x900000000000000 0x2 0x0 0x0 oops 7 4 jdk/tools/jlink/internal/ImageLocationWriter 30 jdk/tools/jlink/internal/ImageLocationWriter 48 jdk/tools/jlink/internal/ImageLocationWriter 58 jdk/tools/jlink/internal/ImageLocationWriter 76 jdk/tools/jlink/internal/ImageLocationWriter 88 jdk/tools/jlink/internal/ImageLocationWriter 104 jdk/tools/jlink/internal/ImageLocationWriter methods 0
ciMethodData jdk/internal/jimage/ImageLocation getModuleOffset ()I 2 31471 orig 48 0 0 0 0 0 0 0 0 0 0 0 0 176 155 42 112 0 0 0 0 0 0 0 0 0 0 0 0 0 0 0 0 0 0 0 0 0 0 0 0 0 0 0 0 0 0 0 0 data 15 0x500000200000000 0x0 0x3ffa8282118 0x7af0 0x0 0x0 0x0 0x0 0x0 0x0 0x0 0x0 0x900000000000000 0x1 0x0 oops 1 2 jdk/tools/jlink/internal/ImageLocationWriter methods 0
ciMethodData jdk/internal/jimage/ImageLocation getModule ()Ljava/lang/String; 2 31583 orig 48 0 0 0 0 0 0 0 0 0 0 0 0 176 155 42 112 0 0 0 0 0 0 0 0 0 0 0 0 0 0 0 0 0 0 0 0 0 0 0 0 0 0 0 0 0 0 0 0 data 15 0x500000200000000 0x0 0x3ffa8282118 0x7b60 0x0 0x0 0x0 0x0 0x0 0x0 0x0 0x0 0x900000000000000 0x1 0x0 oops 1 2 jdk/tools/jlink/internal/ImageLocationWriter methods 0
ciMethodData jdk/internal/jimage/ImageLocation getParentOffset ()I 2 31587 orig 48 0 0 0 0 0 0 0 0 0 0 0 0 176 155 42 112 0 0 0 0 0 0 0 0 0 0 0 0 0 0 0 0 0 0 0 0 0 0 0 0 0 0 0 0 0 0 0 0 data 15 0x500000200000000 0x0 0x3ffa8282118 0x7b64 0x0 0x0 0x0 0x0 0x0 0x0 0x0 0x0 0x900000000000000 0x1 0x0 oops 1 2 jdk/tools/jlink/internal/ImageLocationWriter methods 0
ciMethodData jdk/internal/jimage/ImageLocation getBase ()Ljava/lang/String; 2 31587 orig 48 0 0 0 0 0 0 0 0 0 0 0 0 176 155 42 112 0 0 0 0 0 0 0 0 0 0 0 0 0 0 0 0 0 0 0 0 0 0 0 0 0 0 0 0 0 0 0 0 data 15 0x500000200000000 0x0 0x3ffa8282118 0x7b64 0x0 0x0 0x0 0x0 0x0 0x0 0x0 0x0 0x900000000000000 0x1 0x0 oops 1 2 jdk/tools/jlink/internal/ImageLocationWriter methods 0
ciMethodData jdk/internal/jimage/ImageLocation getExtensionOffset ()I 2 31587 orig 48 0 0 0 0 0 0 0 0 0 0 0 0 176 155 42 112 0 0 0 0 0 0 0 0 0 0 0 0 0 0 0 0 0 0 0 0 0 0 0 0 0 0 0 0 0 0 0 0 data 15 0x500000200000000 0x0 0x3ffa8282118 0x7b64 0x0 0x0 0x0 0x0 0x0 0x0 0x0 0x0 0x900000000000000 0x1 0x0 oops 1 2 jdk/tools/jlink/internal/ImageLocationWriter methods 0
ciMethodData jdk/internal/jimage/ImageLocation getExtension ()Ljava/lang/String; 2 29511 orig 48 0 0 0 0 0 0 0 0 0 0 0 0 176 155 42 112 0 0 0 0 0 0 0 0 0 0 0 0 0 0 0 0 0 0 0 0 0 0 0 0 0 0 0 0 0 0 0 0 data 15 0x500000200000000 0x0 0x3ffa8282118 0x7348 0x0 0x0 0x0 0x0 0x0 0x0 0x0 0x0 0x900000000000000 0x1 0x0 oops 1 2 jdk/tools/jlink/internal/ImageLocationWriter methods 0
ciMethodData jdk/internal/jimage/ImageLocation getParent ()Ljava/lang/String; 2 29499 orig 48 0 0 0 0 0 0 0 0 0 0 0 0 176 155 42 112 0 0 0 0 0 0 0 0 0 0 0 0 0 0 0 0 0 0 0 0 0 0 0 0 0 0 0 0 0 0 0 0 data 15 0x500000200000000 0x0 0x3ffa8282118 0x733c 0x0 0x0 0x0 0x0 0x0 0x0 0x0 0x0 0x900000000000000 0x1 0x0 oops 1 2 jdk/tools/jlink/internal/ImageLocationWriter methods 0
ciMethodData jdk/tools/jlink/internal/ImageStringsWriter get (I)Ljava/lang/String; 2 54612 orig 48 0 0 0 0 0 0 0 0 0 0 0 0 176 155 42 112 0 0 0 0 0 0 0 0 0 0 0 0 0 0 0 0 0 0 0 0 0 0 0 0 0 0 0 0 0 0 0 0 data 84 0x500000400000000 0x0 0x3ff101ff840 0xd554 0x0 0x0 0x500000900000000 0xd554 0x0 0x0 0x0 0x0 0x700000e00000000 0x0 0x40 0xd554 0x700001300000000 0xd554 0x30 0x0 0x200001c00000000 0x0 0x700002900000000 0x0 0xa0 0xc832d 0x500002f00000000 0x0 0x3ff10201ec8 0xc832d 0x0 0x0 0x700003200000000 0xbadd8 0x38 0xd555 0x300003900000000 0xd555 0x30 0x300003f00000000 0xbadd9 0xffffffffffffff78 0x700004500000000 0xd555 0x30 0x0 0x200004e00000000 0x0 0x500005f00000000 0xd555 0x0 0x0 0x0 0x0 0x500006600000000 0x0 0x3ff10201ec8 0xd555 0x0 0x0 0x500006d00000000 0x0 0x3ff10201ec8 0xd555 0x0 0x0 0x500007400000000 0x0 0x3ff10201ec8 0xd555 0x0 0x0 0x200007a00000000 0xd555 0x0 0x0 0x0 0x0 0x0 0x0 0x900000000000000 0x2 0x0 0x0 oops 5 2 jdk/internal/jimage/ImageStream 28 java/nio/HeapByteBuffer 56 java/nio/HeapByteBuffer 62 java/nio/HeapByteBuffer 68 java/nio/HeapByteBuffer methods 0
ciInstanceKlass java/lang/Cloneable 1 0 7 100 1 100 1 1 1
# instanceKlass jdk/tools/jlink/builder/DefaultImageBuilder$$Lambda+0x000003ff300f38a8
instanceKlass  @bci jdk/tools/jlink/builder/DefaultImageBuilder storeFiles (Ljdk/tools/jlink/plugin/ResourcePool;)V 106 <appendix> member <vmtarget> ; # jdk/tools/jlink/builder/DefaultImageBuilder$$Lambda+0x000003ff300f3670
instanceKlass  @bci jdk/tools/jlink/builder/DefaultImageBuilder storeFiles (Ljdk/tools/jlink/plugin/ResourcePool;)V 95 <appendix> argL0 ; # jdk/tools/jlink/builder/DefaultImageBuilder$$Lambda+0x000003ff300f3420
instanceKlass  @bci jdk/tools/jlink/builder/DefaultImageBuilder checkDuplicateResources (Ljdk/tools/jlink/plugin/ResourcePool;)V 73 <appendix> member <vmtarget> ; # jdk/tools/jlink/builder/DefaultImageBuilder$$Lambda+0x000003ff300f31e8
instanceKlass  @bci jdk/tools/jlink/builder/DefaultImageBuilder checkDuplicateResources (Ljdk/tools/jlink/plugin/ResourcePool;)V 62 <appendix> argL0 ; # jdk/tools/jlink/builder/DefaultImageBuilder$$Lambda+0x000003ff300f2f98
instanceKlass  @bci java/util/stream/Collectors lambda$groupingBy$53 (Ljava/util/function/Function;Ljava/util/function/Supplier;Ljava/util/function/BiConsumer;Ljava/util/Map;Ljava/lang/Object;)V 20 <appendix> member <vmtarget> ; # java/util/stream/Collectors$$Lambda+0x000003ff300b0610
instanceKlass jdk/tools/jlink/builder/DefaultImageBuilder$1
instanceKlass  @bci java/util/stream/Collectors groupingBy (Ljava/util/function/Function;Ljava/util/stream/Collector;)Ljava/util/stream/Collector; 1 <appendix> argL0 ; # java/util/stream/Collectors$$Lambda+0x000003ff300b03f0
instanceKlass  @bci jdk/tools/jlink/builder/DefaultImageBuilder checkDuplicateResources (Ljdk/tools/jlink/plugin/ResourcePool;)V 30 <appendix> argL0 ; # jdk/tools/jlink/builder/DefaultImageBuilder$$Lambda+0x000003ff300f2b50
instanceKlass  @bci jdk/tools/jlink/builder/DefaultImageBuilder checkDuplicateResources (Ljdk/tools/jlink/plugin/ResourcePool;)V 25 <appendix> member <vmtarget> ; # jdk/tools/jlink/builder/DefaultImageBuilder$$Lambda+0x000003ff300f2908
instanceKlass  @bci jdk/tools/jlink/builder/DefaultImageBuilder checkDuplicateResources (Ljdk/tools/jlink/plugin/ResourcePool;)V 14 <appendix> argL0 ; # jdk/tools/jlink/builder/DefaultImageBuilder$$Lambda+0x000003ff300f26b8
instanceKlass  @bci jdk/tools/jlink/internal/ImagePluginStack$LastPoolManager entries ()Ljava/util/stream/Stream; 28 <appendix> member <vmtarget> ; # jdk/tools/jlink/internal/ImagePluginStack$LastPoolManager$$Lambda+0x000003ff300f2480
instanceKlass  @bci jdk/tools/jlink/builder/DefaultImageBuilder storeFiles (Ljdk/tools/jlink/plugin/ResourcePool;)V 13 <appendix> argL0 ; # jdk/tools/jlink/builder/DefaultImageBuilder$$Lambda+0x000003ff300f2240
instanceKlass jdk/tools/jlink/internal/ResourcePoolConfiguration$2
instanceKlass  @bci jdk/tools/jlink/internal/ResourcePoolConfiguration descriptorOf (Ljdk/tools/jlink/plugin/ResourcePoolModule;)Ljava/lang/module/ModuleDescriptor; 152 <appendix> member <vmtarget> ; # jdk/tools/jlink/internal/ResourcePoolConfiguration$$Lambda+0x000003ff300f7ba8
instanceKlass  @bci jdk/tools/jlink/internal/ResourcePoolConfiguration descriptorOf (Ljdk/tools/jlink/plugin/ResourcePoolModule;)Ljava/lang/module/ModuleDescriptor; 134 <appendix> member <vmtarget> ; # jdk/tools/jlink/internal/ResourcePoolConfiguration$$Lambda+0x000003ff300f7970
instanceKlass  @bci java/lang/module/ModuleDescriptor$Builder packages (Ljava/util/Set;)Ljava/lang/module/ModuleDescriptor$Builder; 17 <appendix> argL0 ; # java/lang/module/ModuleDescriptor$Builder$$Lambda+0x800000002
instanceKlass  @bci jdk/tools/jlink/internal/ResourcePoolConfiguration descriptorOf (Ljdk/tools/jlink/plugin/ResourcePoolModule;)Ljava/lang/module/ModuleDescriptor; 105 <appendix> member <vmtarget> ; # jdk/tools/jlink/internal/ResourcePoolConfiguration$$Lambda+0x000003ff300f7738
instanceKlass  @bci jdk/tools/jlink/internal/ResourcePoolConfiguration descriptorOf (Ljdk/tools/jlink/plugin/ResourcePoolModule;)Ljava/lang/module/ModuleDescriptor; 85 <appendix> member <vmtarget> ; # jdk/tools/jlink/internal/ResourcePoolConfiguration$$Lambda+0x000003ff300f7500
instanceKlass  @bci jdk/tools/jlink/internal/ResourcePoolConfiguration descriptorOf (Ljdk/tools/jlink/plugin/ResourcePoolModule;)Ljava/lang/module/ModuleDescriptor; 65 <appendix> member <vmtarget> ; # jdk/tools/jlink/internal/ResourcePoolConfiguration$$Lambda+0x000003ff300f72c8
instanceKlass  @bci jdk/tools/jlink/internal/ResourcePoolConfiguration descriptorOf (Ljdk/tools/jlink/plugin/ResourcePoolModule;)Ljava/lang/module/ModuleDescriptor; 45 <appendix> member <vmtarget> ; # jdk/tools/jlink/internal/ResourcePoolConfiguration$$Lambda+0x000003ff300f7090
instanceKlass  @bci jdk/tools/jlink/internal/ResourcePoolConfiguration descriptorOf (Ljdk/tools/jlink/plugin/ResourcePoolModule;)Ljava/lang/module/ModuleDescriptor; 25 <appendix> member <vmtarget> ; # jdk/tools/jlink/internal/ResourcePoolConfiguration$$Lambda+0x000003ff300f6e58
instanceKlass  @bci jdk/tools/jlink/internal/ResourcePoolConfiguration allModRefs (Ljdk/tools/jlink/plugin/ResourcePool;)Ljava/util/Map; 16 <appendix> argL0 ; # jdk/tools/jlink/internal/ResourcePoolConfiguration$$Lambda+0x000003ff300f6c18
instanceKlass  @bci jdk/tools/jlink/internal/ResourcePoolConfiguration allModRefs (Ljdk/tools/jlink/plugin/ResourcePool;)Ljava/util/Map; 11 <appendix> argL0 ; # jdk/tools/jlink/internal/ResourcePoolConfiguration$$Lambda+0x000003ff300f69d8
instanceKlass  @bci jdk/tools/jlink/internal/ResourcePoolConfiguration checkPackages (Ljdk/tools/jlink/plugin/ResourcePool;)V 11 <appendix> argL0 ; # jdk/tools/jlink/internal/ResourcePoolConfiguration$$Lambda+0x000003ff300f67a8
instanceKlass jdk/tools/jlink/internal/ImagePluginStack$LastPoolManager$LastModule
instanceKlass  @bci jdk/tools/jlink/internal/ImagePluginStack$LastPoolManager modules ()Ljava/util/stream/Stream; 24 <appendix> member <vmtarget> ; # jdk/tools/jlink/internal/ImagePluginStack$LastPoolManager$$Lambda+0x000003ff300f62e0
instanceKlass jdk/tools/jlink/internal/ResourcePoolConfiguration
instanceKlass jdk/tools/jlink/internal/ResourcePoolManager$1
instanceKlass  @bci jdk/tools/jlink/internal/ImageFileCreator generateJImage (Ljdk/tools/jlink/internal/ResourcePoolManager;Ljdk/tools/jlink/internal/BasicImageWriter;Ljdk/tools/jlink/internal/ImagePluginStack;Ljava/io/DataOutputStream;)Ljdk/tools/jlink/plugin/ResourcePool; 142 <appendix> member <vmtarget> ; # jdk/tools/jlink/internal/ImageFileCreator$$Lambda+0x000003ff300f57c8
instanceKlass java/lang/foreign/MemorySegment
instanceKlass  @bci jdk/tools/jlink/internal/PerfectHashBuilder collidedEntries (Ljdk/tools/jlink/internal/PerfectHashBuilder$Bucket;I)Z 84 <appendix> member <vmtarget> ; # jdk/tools/jlink/internal/PerfectHashBuilder$$Lambda+0x000003ff300f5398
instanceKlass  @bci java/util/stream/SortedOps$RefSortingSink end ()V 48 <appendix> member <vmtarget> ; # java/util/stream/SortedOps$RefSortingSink$$Lambda+0x000003ff300af978
instanceKlass  @bci jdk/tools/jlink/internal/PerfectHashBuilder createBuckets ()[Ljdk/tools/jlink/internal/PerfectHashBuilder$Bucket; 61 <appendix> member <vmtarget> ; # jdk/tools/jlink/internal/PerfectHashBuilder$$Lambda+0x000003ff300f5170
instanceKlass  @bci jdk/tools/jlink/internal/PerfectHashBuilder createBuckets ()[Ljdk/tools/jlink/internal/PerfectHashBuilder$Bucket; 45 <appendix> argL0 ; # jdk/tools/jlink/internal/PerfectHashBuilder$$Lambda+0x000003ff300f4f20
instanceKlass  @bci jdk/tools/jlink/internal/PerfectHashBuilder createBuckets ()[Ljdk/tools/jlink/internal/PerfectHashBuilder$Bucket; 26 <appendix> member <vmtarget> ; # jdk/tools/jlink/internal/PerfectHashBuilder$$Lambda+0x000003ff300f4ce8
instanceKlass  @bci jdk/tools/jlink/internal/BasicImageWriter generatePerfectHash ()V 17 <appendix> member <vmtarget> ; # jdk/tools/jlink/internal/BasicImageWriter$$Lambda+0x000003ff300f46c0
instanceKlass jdk/tools/jlink/internal/PerfectHashBuilder$Bucket
instanceKlass jdk/tools/jlink/internal/PerfectHashBuilder$Entry
instanceKlass jdk/tools/jlink/internal/PerfectHashBuilder
instanceKlass jdk/tools/jlink/internal/ImageResourcesTree$LocationsAdder
instanceKlass jdk/tools/jlink/internal/ImageResourcesTree$PackageNode$PackageReference
instanceKlass jdk/tools/jlink/internal/ImageResourcesTree$Node
instanceKlass jdk/tools/jlink/internal/ImageResourcesTree$Tree
instanceKlass jdk/tools/jlink/internal/ImageResourcesTree
instanceKlass  @bci jdk/tools/jlink/internal/ImageFileCreator generateJImage (Ljdk/tools/jlink/internal/ResourcePoolManager;Ljdk/tools/jlink/internal/BasicImageWriter;Ljdk/tools/jlink/internal/ImagePluginStack;Ljava/io/DataOutputStream;)Ljdk/tools/jlink/plugin/ResourcePool; 97 <appendix> form vmentry <vmtarget> ; # java/lang/invoke/LambdaForm$DMH+0x000003ff300f1800
instanceKlass  @bci jdk/tools/jlink/internal/ImageFileCreator generateJImage (Ljdk/tools/jlink/internal/ResourcePoolManager;Ljdk/tools/jlink/internal/BasicImageWriter;Ljdk/tools/jlink/internal/ImagePluginStack;Ljava/io/DataOutputStream;)Ljdk/tools/jlink/plugin/ResourcePool; 97 <appendix> member <vmtarget> ; # jdk/tools/jlink/internal/ImageFileCreator$$Lambda+0x000003ff300d6930
instanceKlass  @cpi jdk/tools/jlink/internal/ImageFileCreator 537 form vmentry <vmtarget> ; # java/lang/invoke/LambdaForm$DMH+0x000003ff300f1400
instanceKlass java/util/Formatter$Flags
instanceKlass java/util/Formattable
instanceKlass java/util/Formatter$FixedString
instanceKlass java/util/Formatter$FormatSpecifier
instanceKlass java/util/Formatter$FormatString
instanceKlass java/util/Formatter$Conversion
instanceKlass  @bci java/util/regex/CharPredicates ASCII_DIGIT ()Ljava/util/regex/Pattern$BmpCharPredicate; 0 <appendix> argL0 ; # java/util/regex/CharPredicates$$Lambda+0x800000024
instanceKlass java/util/regex/CharPredicates
instanceKlass java/util/Formatter
instanceKlass  @bci jdk/tools/jlink/internal/plugins/ReleaseInfoPlugin releaseFileContent ()[B 40 <appendix> member <vmtarget> ; # jdk/tools/jlink/internal/plugins/ReleaseInfoPlugin$$Lambda+0x000003ff300d66f8
instanceKlass  @bci jdk/tools/jlink/internal/plugins/ReleaseInfoPlugin transform (Ljdk/tools/jlink/plugin/ResourcePool;Ljdk/tools/jlink/plugin/ResourcePoolBuilder;)Ljdk/tools/jlink/plugin/ResourcePool; 98 <appendix> argL0 ; # jdk/tools/jlink/internal/plugins/ReleaseInfoPlugin$$Lambda+0x000003ff300d64b8
instanceKlass  @bci jdk/tools/jlink/internal/plugins/ReleaseInfoPlugin parseVersion (Ljava/lang/module/ModuleDescriptor$Version;)Ljava/lang/String; 15 <appendix> argL0 ; # jdk/tools/jlink/internal/plugins/ReleaseInfoPlugin$$Lambda+0x000003ff300d6278
instanceKlass  @bci jdk/tools/jlink/internal/plugins/ReleaseInfoPlugin transform (Ljdk/tools/jlink/plugin/ResourcePool;Ljdk/tools/jlink/plugin/ResourcePoolBuilder;)Ljdk/tools/jlink/plugin/ResourcePool; 68 <appendix> member <vmtarget> ; # jdk/tools/jlink/internal/plugins/ReleaseInfoPlugin$$Lambda+0x000003ff300d6040
instanceKlass  @bci jdk/tools/jlink/internal/plugins/LegalNoticeFilePlugin transform (Ljdk/tools/jlink/plugin/ResourcePool;Ljdk/tools/jlink/plugin/ResourcePoolBuilder;)Ljdk/tools/jlink/plugin/ResourcePool; 109 <appendix> member <vmtarget> ; # jdk/tools/jlink/internal/plugins/LegalNoticeFilePlugin$$Lambda+0x000003ff300d5e08
instanceKlass  @bci jdk/tools/jlink/internal/plugins/LegalNoticeFilePlugin transform (Ljdk/tools/jlink/plugin/ResourcePool;Ljdk/tools/jlink/plugin/ResourcePoolBuilder;)Ljdk/tools/jlink/plugin/ResourcePool; 93 <appendix> argL0 ; # jdk/tools/jlink/internal/plugins/LegalNoticeFilePlugin$$Lambda+0x000003ff300d5bc8
instanceKlass  @bci jdk/tools/jlink/internal/plugins/LegalNoticeFilePlugin transform (Ljdk/tools/jlink/plugin/ResourcePool;Ljdk/tools/jlink/plugin/ResourcePoolBuilder;)Ljdk/tools/jlink/plugin/ResourcePool; 69 <appendix> member <vmtarget> ; # jdk/tools/jlink/internal/plugins/LegalNoticeFilePlugin$$Lambda+0x000003ff300d5990
instanceKlass  @bci jdk/tools/jlink/internal/plugins/LegalNoticeFilePlugin transform (Ljdk/tools/jlink/plugin/ResourcePool;Ljdk/tools/jlink/plugin/ResourcePoolBuilder;)Ljdk/tools/jlink/plugin/ResourcePool; 53 <appendix> argL0 ; # jdk/tools/jlink/internal/plugins/LegalNoticeFilePlugin$$Lambda+0x000003ff300d5740
instanceKlass  @bci jdk/tools/jlink/internal/plugins/LegalNoticeFilePlugin dedupLegalNoticeEntry (Ljdk/tools/jlink/plugin/ResourcePoolEntry;)V 64 <appendix> member <vmtarget> ; # jdk/tools/jlink/internal/plugins/LegalNoticeFilePlugin$$Lambda+0x000003ff300d5240
instanceKlass  @bci jdk/tools/jlink/internal/plugins/LegalNoticeFilePlugin dedupLegalNoticeEntry (Ljdk/tools/jlink/plugin/ResourcePoolEntry;)V 53 <appendix> argL0 ; # jdk/tools/jlink/internal/plugins/LegalNoticeFilePlugin$$Lambda+0x000003ff300d4ff0
instanceKlass  @bci jdk/tools/jlink/internal/plugins/LegalNoticeFilePlugin dedupLegalNoticeEntry (Ljdk/tools/jlink/plugin/ResourcePoolEntry;)V 31 <appendix> argL0 ; # jdk/tools/jlink/internal/plugins/LegalNoticeFilePlugin$$Lambda+0x000003ff300d4db0
instanceKlass  @bci jdk/tools/jlink/internal/plugins/LegalNoticeFilePlugin transform (Ljdk/tools/jlink/plugin/ResourcePool;Ljdk/tools/jlink/plugin/ResourcePoolBuilder;)Ljdk/tools/jlink/plugin/ResourcePool; 37 <appendix> member <vmtarget> ; # jdk/tools/jlink/internal/plugins/LegalNoticeFilePlugin$$Lambda+0x000003ff300d4b78
instanceKlass  @bci jdk/tools/jlink/internal/plugins/LegalNoticeFilePlugin transform (Ljdk/tools/jlink/plugin/ResourcePool;Ljdk/tools/jlink/plugin/ResourcePoolBuilder;)Ljdk/tools/jlink/plugin/ResourcePool; 26 <appendix> argL0 ; # jdk/tools/jlink/internal/plugins/LegalNoticeFilePlugin$$Lambda+0x000003ff300d4928
instanceKlass  @bci jdk/tools/jlink/internal/plugins/LegalNoticeFilePlugin transform (Ljdk/tools/jlink/plugin/ResourcePool;Ljdk/tools/jlink/plugin/ResourcePoolBuilder;)Ljdk/tools/jlink/plugin/ResourcePool; 16 <appendix> argL0 ; # jdk/tools/jlink/internal/plugins/LegalNoticeFilePlugin$$Lambda+0x000003ff300d46e8
instanceKlass  @bci jdk/tools/jlink/internal/plugins/GenerateJLIClassesPlugin transform (Ljdk/tools/jlink/plugin/ResourcePool;Ljdk/tools/jlink/plugin/ResourcePoolBuilder;)Ljdk/tools/jlink/plugin/ResourcePool; 38 <appendix> member <vmtarget> ; # jdk/tools/jlink/internal/plugins/GenerateJLIClassesPlugin$$Lambda+0x000003ff300d44b0
instanceKlass  @bci java/lang/invoke/GenerateJLIClassesHelper$HolderClassBuilder build ()Ljava/util/Map; 695 <appendix> member <vmtarget> ; # java/lang/invoke/GenerateJLIClassesHelper$HolderClassBuilder$$Lambda+0x8000000df
# instanceKlass java/lang/invoke/LambdaForm$MH+0x000003ff300f1000
# instanceKlass java/lang/invoke/LambdaForm$MH+0x000003ff300f0c00
# instanceKlass java/lang/invoke/LambdaForm$MH+0x000003ff300f0800
# instanceKlass java/lang/invoke/LambdaForm$MH+0x000003ff300f0400
# instanceKlass java/lang/invoke/LambdaForm$MH+0x000003ff300f0000
# instanceKlass java/lang/invoke/LambdaForm$MH+0x000003ff300efc00
# instanceKlass java/lang/invoke/LambdaForm$MH+0x000003ff300ef800
# instanceKlass java/lang/invoke/LambdaForm$MH+0x000003ff300ef400
# instanceKlass java/lang/invoke/LambdaForm$MH+0x000003ff300ef000
# instanceKlass java/lang/invoke/LambdaForm$MH+0x000003ff300eec00
# instanceKlass java/lang/invoke/LambdaForm$MH+0x000003ff300ee800
# instanceKlass java/lang/invoke/LambdaForm$MH+0x000003ff300ee400
# instanceKlass java/lang/invoke/LambdaForm$MH+0x000003ff300ee000
# instanceKlass java/lang/invoke/LambdaForm$DMH+0x000003ff300edc00
# instanceKlass java/lang/invoke/LambdaForm$MH+0x000003ff300ed800
# instanceKlass java/lang/invoke/LambdaForm$MH+0x000003ff300ed400
# instanceKlass java/lang/invoke/LambdaForm$MH+0x000003ff300ed000
# instanceKlass java/lang/invoke/LambdaForm$DMH+0x000003ff300ecc00
# instanceKlass java/lang/invoke/LambdaForm$MH+0x000003ff300ec800
# instanceKlass java/lang/invoke/LambdaForm$MH+0x000003ff300ec400
# instanceKlass java/lang/invoke/LambdaForm$DMH+0x000003ff300ec000
# instanceKlass java/lang/invoke/LambdaForm$MH+0x000003ff300ebc00
# instanceKlass java/lang/invoke/LambdaForm$DMH+0x000003ff300eb800
# instanceKlass java/lang/invoke/LambdaForm$MH+0x000003ff300eb400
# instanceKlass java/lang/invoke/LambdaForm$DMH+0x000003ff300eb000
# instanceKlass java/lang/invoke/LambdaForm$MH+0x000003ff300eac00
# instanceKlass java/lang/invoke/LambdaForm$DMH+0x000003ff300ea800
# instanceKlass java/lang/invoke/LambdaForm$MH+0x000003ff300ea400
# instanceKlass java/lang/invoke/LambdaForm$DMH+0x000003ff300ea000
# instanceKlass java/lang/invoke/LambdaForm$MH+0x000003ff300e9c00
# instanceKlass java/lang/invoke/LambdaForm$MH+0x000003ff300e9800
# instanceKlass java/lang/invoke/LambdaForm$MH+0x000003ff300e9400
# instanceKlass java/lang/invoke/LambdaForm$MH+0x000003ff300e9000
# instanceKlass java/lang/invoke/LambdaForm$DMH+0x000003ff300e8c00
# instanceKlass java/lang/invoke/LambdaForm$MH+0x000003ff300e8800
# instanceKlass java/lang/invoke/LambdaForm$DMH+0x000003ff300e8400
# instanceKlass java/lang/invoke/LambdaForm$MH+0x000003ff300e8000
# instanceKlass java/lang/invoke/LambdaForm$DMH+0x000003ff300e7c00
# instanceKlass java/lang/invoke/LambdaForm$MH+0x000003ff300e7800
# instanceKlass java/lang/invoke/LambdaForm$DMH+0x000003ff300e7400
# instanceKlass java/lang/invoke/LambdaForm$MH+0x000003ff300e7000
# instanceKlass java/lang/invoke/LambdaForm$DMH+0x000003ff300e6c00
# instanceKlass java/lang/invoke/LambdaForm$MH+0x000003ff300e6800
# instanceKlass java/lang/invoke/LambdaForm$DMH+0x000003ff300e6400
# instanceKlass java/lang/invoke/LambdaForm$MH+0x000003ff300e6000
# instanceKlass java/lang/invoke/LambdaForm$DMH+0x000003ff300e5c00
# instanceKlass java/lang/invoke/LambdaForm$MH+0x000003ff300e5800
# instanceKlass java/lang/invoke/LambdaForm$DMH+0x000003ff300e5400
# instanceKlass java/lang/invoke/LambdaForm$MH+0x000003ff300e5000
# instanceKlass java/lang/invoke/LambdaForm$DMH+0x000003ff300e4c00
# instanceKlass java/lang/invoke/LambdaForm$MH+0x000003ff300e4800
# instanceKlass java/lang/invoke/LambdaForm$DMH+0x000003ff300e4400
# instanceKlass java/lang/invoke/LambdaForm$MH+0x000003ff300e4000
# instanceKlass java/lang/invoke/LambdaForm$DMH+0x000003ff300e3c00
# instanceKlass java/lang/invoke/LambdaForm$MH+0x000003ff300e3800
# instanceKlass java/lang/invoke/LambdaForm$DMH+0x000003ff300e3400
# instanceKlass java/lang/invoke/LambdaForm$MH+0x000003ff300e3000
# instanceKlass java/lang/invoke/LambdaForm$DMH+0x000003ff300e2c00
# instanceKlass java/lang/invoke/LambdaForm$MH+0x000003ff300e2800
# instanceKlass java/lang/invoke/LambdaForm$DMH+0x000003ff300e2400
# instanceKlass java/lang/invoke/LambdaForm$MH+0x000003ff300e2000
# instanceKlass java/lang/invoke/LambdaForm$DMH+0x000003ff300e1c00
# instanceKlass java/lang/invoke/LambdaForm$MH+0x000003ff300e1800
# instanceKlass java/lang/invoke/LambdaForm$DMH+0x000003ff300e1400
# instanceKlass java/lang/invoke/LambdaForm$MH+0x000003ff300e1000
# instanceKlass java/lang/invoke/LambdaForm$MH+0x000003ff300e0c00
# instanceKlass java/lang/invoke/LambdaForm$MH+0x000003ff300e0800
# instanceKlass java/lang/invoke/LambdaForm$MH+0x000003ff300e0400
# instanceKlass java/lang/invoke/LambdaForm$DMH+0x000003ff300e0000
# instanceKlass java/lang/invoke/LambdaForm$MH+0x000003ff300dfc00
# instanceKlass java/lang/invoke/LambdaForm$DMH+0x000003ff300df800
# instanceKlass java/lang/invoke/LambdaForm$MH+0x000003ff300df400
# instanceKlass java/lang/invoke/LambdaForm$DMH+0x000003ff300df000
# instanceKlass java/lang/invoke/LambdaForm$MH+0x000003ff300dec00
# instanceKlass java/lang/invoke/LambdaForm$MH+0x000003ff300de800
# instanceKlass java/lang/invoke/LambdaForm$DMH+0x000003ff300de400
# instanceKlass java/lang/invoke/LambdaForm$MH+0x000003ff300de000
# instanceKlass java/lang/invoke/LambdaForm$MH+0x000003ff300ddc00
# instanceKlass java/lang/invoke/LambdaForm$DMH+0x000003ff300dd800
# instanceKlass java/lang/invoke/LambdaForm$MH+0x000003ff300dd400
# instanceKlass java/lang/invoke/LambdaForm$MH+0x000003ff300dd000
# instanceKlass java/lang/invoke/LambdaForm$MH+0x000003ff300dcc00
# instanceKlass java/lang/invoke/LambdaForm$MH+0x000003ff300dc800
# instanceKlass java/lang/invoke/LambdaForm$MH+0x000003ff300dc400
# instanceKlass java/lang/invoke/LambdaForm$DMH+0x000003ff300dc000
# instanceKlass java/lang/invoke/LambdaForm$MH+0x000003ff300dbc00
# instanceKlass java/lang/invoke/LambdaForm$MH+0x000003ff300db800
# instanceKlass java/lang/invoke/LambdaForm$MH+0x000003ff300db400
# instanceKlass java/lang/invoke/LambdaForm$MH+0x000003ff300db000
# instanceKlass java/lang/invoke/LambdaForm$MH+0x000003ff300dac00
# instanceKlass java/lang/invoke/LambdaForm$MH+0x000003ff300da800
# instanceKlass java/lang/invoke/LambdaForm$MH+0x000003ff300da400
# instanceKlass java/lang/invoke/LambdaForm$MH+0x000003ff300da000
# instanceKlass java/lang/invoke/LambdaForm$DMH+0x000003ff300d9c00
# instanceKlass java/lang/invoke/LambdaForm$MH+0x000003ff300d9800
# instanceKlass java/lang/invoke/LambdaForm$MH+0x000003ff300d9400
# instanceKlass java/lang/invoke/LambdaForm$DMH+0x000003ff300d9000
# instanceKlass java/lang/invoke/LambdaForm$MH+0x000003ff300d8c00
# instanceKlass java/lang/invoke/LambdaForm$DMH+0x000003ff300d8800
# instanceKlass java/lang/invoke/LambdaForm$MH+0x000003ff300d8400
# instanceKlass java/lang/invoke/LambdaForm$DMH+0x000003ff300d8000
# instanceKlass java/lang/invoke/LambdaForm$MH+0x000003ff300d3c00
# instanceKlass java/lang/invoke/LambdaForm$DMH+0x000003ff300d3800
# instanceKlass java/lang/invoke/LambdaForm$MH+0x000003ff300d3400
# instanceKlass java/lang/invoke/LambdaForm$MH+0x000003ff300d3000
# instanceKlass java/lang/invoke/LambdaForm$MH+0x000003ff300d2c00
# instanceKlass java/lang/invoke/LambdaForm$MH+0x000003ff300d2800
instanceKlass  @bci java/lang/invoke/GenerateJLIClassesHelper generateHolderClasses (Ljava/util/stream/Stream;)Ljava/util/Map; 25 <appendix> member <vmtarget> ; # java/lang/invoke/GenerateJLIClassesHelper$$Lambda+0x80000006b
instanceKlass  @bci java/lang/invoke/GenerateJLIClassesHelper generateHolderClasses (Ljava/util/stream/Stream;)Ljava/util/Map; 14 <appendix> argL0 ; # java/lang/invoke/GenerateJLIClassesHelper$$Lambda+0x80000006a
instanceKlass java/lang/invoke/GenerateJLIClassesHelper$HolderClassBuilder
instanceKlass java/lang/invoke/GenerateJLIClassesHelper
instanceKlass  @bci jdk/tools/jlink/internal/plugins/GenerateJLIClassesPlugin transform (Ljdk/tools/jlink/plugin/ResourcePool;Ljdk/tools/jlink/plugin/ResourcePoolBuilder;)Ljdk/tools/jlink/plugin/ResourcePool; 7 <appendix> member <vmtarget> ; # jdk/tools/jlink/internal/plugins/GenerateJLIClassesPlugin$$Lambda+0x000003ff300d4268
instanceKlass java/io/BufferedReader$1
instanceKlass sun/nio/fs/BasicFileAttributesHolder
instanceKlass java/nio/file/Files$3
instanceKlass java/nio/file/FileTreeWalker$Event
instanceKlass sun/nio/fs/UnixFileKey
instanceKlass java/nio/file/FileTreeWalker$DirectoryNode
instanceKlass java/nio/file/FileTreeWalker
instanceKlass java/nio/file/SimpleFileVisitor
instanceKlass jdk/tools/jlink/internal/plugins/StripNativeDebugSymbolsPlugin$StrippedDebugInfoBinary
instanceKlass sun/util/logging/PlatformLogger
instanceKlass sun/util/logging/PlatformLogger$ConfigurableBridge$LoggerConfiguration
instanceKlass jdk/internal/logger/BootstrapLogger$RedirectedLoggers
instanceKlass jdk/internal/logger/LazyLoggers$LazyLoggerAccessor
instanceKlass jdk/internal/logger/LazyLoggers$LoggerAccessor
instanceKlass jdk/internal/logger/AbstractLoggerWrapper
instanceKlass sun/util/logging/internal/LoggingProviderImpl$LogManagerAccess
instanceKlass jdk/internal/logger/BootstrapLogger$DetectBackend$1
instanceKlass jdk/internal/logger/BootstrapLogger$DetectBackend
instanceKlass java/io/FileOutputStream$1
instanceKlass jdk/internal/logger/BootstrapLogger
instanceKlass sun/util/logging/PlatformLogger$ConfigurableBridge
instanceKlass sun/util/logging/PlatformLogger$Bridge
instanceKlass java/lang/System$Logger
instanceKlass jdk/internal/logger/DefaultLoggerFinder$1
instanceKlass java/lang/System$LoggerFinder
instanceKlass jdk/internal/logger/LazyLoggers$LazyLoggerFactories
instanceKlass jdk/internal/logger/LazyLoggers$1
instanceKlass jdk/internal/logger/LazyLoggers
instanceKlass  @bci java/lang/ProcessHandleImpl privilegedThreadSetName (Ljava/lang/Thread;Ljava/lang/String;)V 2 <appendix> member <vmtarget> ; # java/lang/ProcessHandleImpl$$Lambda+0x000003ff300a9d60
instanceKlass java/util/concurrent/ForkJoinTask$Aux
instanceKlass  @bci java/lang/ProcessImpl initStreams ([IZ)V 131 <appendix> member <vmtarget> ; # java/lang/ProcessImpl$$Lambda+0x000003ff300a8e98
instanceKlass  @bci java/lang/ProcessHandleImpl privilegedThreadSetDaemon (Ljava/lang/Thread;Z)V 2 <appendix> form vmentry <vmtarget> ; # java/lang/invoke/LambdaForm$DMH+0x000003ff300d2400
instanceKlass  @bci java/lang/ProcessHandleImpl privilegedThreadSetDaemon (Ljava/lang/Thread;Z)V 2 <appendix> member <vmtarget> ; # java/lang/ProcessHandleImpl$$Lambda+0x000003ff300a8c70
instanceKlass java/lang/ProcessHandleImpl$1
instanceKlass java/util/concurrent/ForkJoinTask
instanceKlass java/util/concurrent/CompletableFuture$AsynchronousCompletionTask
instanceKlass java/util/concurrent/ForkJoinPool$2
instanceKlass jdk/internal/access/JavaUtilConcurrentFJPAccess
instanceKlass java/util/concurrent/ForkJoinPool$DefaultForkJoinWorkerThreadFactory
instanceKlass java/util/concurrent/ForkJoinPool$WorkQueue
instanceKlass java/util/concurrent/ForkJoinPool$ForkJoinWorkerThreadFactory
instanceKlass java/util/concurrent/CompletableFuture$AltResult
instanceKlass java/util/concurrent/CompletableFuture
instanceKlass java/util/concurrent/CompletionStage
instanceKlass java/util/concurrent/Future
instanceKlass java/lang/ProcessImpl$1
instanceKlass  @bci java/lang/ProcessImpl <init> ([B[BI[BI[B[IZZ)V 75 <adapter> ; # java/lang/invoke/LambdaForm$MH+0x000003ff300d2000
# instanceKlass java/lang/invoke/LambdaForm$DMH+0x000003ff300d1c00
instanceKlass  @bci java/lang/ProcessImpl <init> ([B[BI[BI[B[IZZ)V 75 <appendix> form vmentry <vmtarget> ; # java/lang/invoke/LambdaForm$DMH+0x000003ff300d1800
instanceKlass  @bci java/lang/ProcessImpl <init> ([B[BI[BI[B[IZZ)V 75 <appendix> member <vmtarget> ; # java/lang/ProcessImpl$$Lambda+0x000003ff300a6518
instanceKlass jdk/internal/vm/ThreadContainers
instanceKlass jdk/internal/vm/StackableScope
instanceKlass java/util/concurrent/LinkedTransferQueue$DualNode
instanceKlass java/util/concurrent/TransferQueue
instanceKlass java/util/concurrent/BlockingQueue
instanceKlass java/util/concurrent/ThreadPoolExecutor$AbortPolicy
instanceKlass java/util/concurrent/RejectedExecutionHandler
instanceKlass java/util/concurrent/AbstractExecutorService
instanceKlass java/util/concurrent/Executors
instanceKlass  @bci java/lang/ProcessHandleImpl lambda$static$1 ()Ljava/util/concurrent/Executor; 45 <appendix> form vmentry <vmtarget> ; # java/lang/invoke/LambdaForm$DMH+0x000003ff300d1400
instanceKlass  @bci java/lang/ProcessHandleImpl lambda$static$1 ()Ljava/util/concurrent/Executor; 45 <appendix> member <vmtarget> ; # java/lang/ProcessHandleImpl$$Lambda+0x000003ff300a3688
instanceKlass  @cpi java/lang/ProcessHandleImpl 436 form vmentry <vmtarget> ; # java/lang/invoke/LambdaForm$DMH+0x000003ff300d1000
# instanceKlass java/lang/invoke/LambdaForm$DMH+0x000003ff300d0c00
instanceKlass jdk/internal/util/random/RandomSupport
instanceKlass  @bci java/lang/ProcessHandleImpl <clinit> ()V 32 <appendix> argL0 ; # java/lang/ProcessHandleImpl$$Lambda+0x000003ff300a3468
instanceKlass java/lang/ProcessHandleImpl
instanceKlass java/lang/ProcessHandle
instanceKlass java/lang/ProcessEnvironment$ExternalData
instanceKlass java/lang/ProcessEnvironment
instanceKlass java/lang/Process
instanceKlass java/lang/ProcessBuilder$Redirect
instanceKlass java/lang/ProcessBuilder
instanceKlass sun/nio/fs/UnixFileModeAttribute$1
instanceKlass java/nio/file/attribute/PosixFilePermissions$1
instanceKlass java/util/RegularEnumSet$EnumSetIterator
instanceKlass java/nio/file/attribute/PosixFilePermissions
instanceKlass java/nio/file/TempFileHelper$PosixPermissions
# instanceKlass java/lang/invoke/LambdaForm$MH+0x000003ff300d0800
instanceKlass java/util/AbstractList$Itr
instanceKlass java/util/Random
instanceKlass java/util/random/RandomGenerator
instanceKlass sun/nio/fs/LinuxFileSystem$SupportedFileFileAttributeViewsHolder
instanceKlass java/nio/file/TempFileHelper
instanceKlass  @bci jdk/tools/jlink/internal/plugins/StripNativeDebugSymbolsPlugin transform (Ljdk/tools/jlink/plugin/ResourcePool;Ljdk/tools/jlink/plugin/ResourcePoolBuilder;)Ljdk/tools/jlink/plugin/ResourcePool; 28 <appendix> member <vmtarget> ; # jdk/tools/jlink/internal/plugins/StripNativeDebugSymbolsPlugin$$Lambda+0x000003ff300c3a50
instanceKlass jdk/tools/jlink/internal/plugins/StripNativeDebugSymbolsPlugin$StrippedDebugInfoBinaryBuilder
instanceKlass jdk/internal/classfile/instruction/NewMultiArrayInstruction
instanceKlass jdk/internal/classfile/attribute/AnnotationDefaultAttribute
instanceKlass jdk/internal/classfile/attribute/RuntimeInvisibleAnnotationsAttribute
instanceKlass jdk/internal/classfile/attribute/DeprecatedAttribute
instanceKlass jdk/internal/classfile/attribute/EnclosingMethodAttribute
instanceKlass jdk/internal/classfile/attribute/RecordAttribute
instanceKlass jdk/internal/classfile/instruction/InvokeDynamicInstruction
instanceKlass jdk/internal/classfile/instruction/TableSwitchInstruction
instanceKlass jdk/internal/classfile/impl/DirectCodeBuilder$5
instanceKlass jdk/internal/classfile/instruction/SwitchCase
instanceKlass jdk/internal/classfile/instruction/LookupSwitchInstruction
instanceKlass jdk/internal/classfile/attribute/PermittedSubclassesAttribute
instanceKlass jdk/internal/classfile/attribute/LocalVariableTypeTableAttribute
instanceKlass jdk/internal/classfile/attribute/SignatureAttribute
instanceKlass jdk/internal/classfile/attribute/RuntimeVisibleAnnotationsAttribute
instanceKlass jdk/internal/classfile/instruction/IncrementInstruction
instanceKlass jdk/internal/classfile/instruction/TypeCheckInstruction
instanceKlass  @bci jdk/internal/classfile/impl/ChainedMethodBuilder <init> (Ljdk/internal/classfile/MethodBuilder;Ljava/util/function/Consumer;)V 28 <appendix> argL2 form vmentry <vmtarget> ; # java/lang/invoke/LambdaForm$MH+0x000003ff300d0400
instanceKlass java/lang/invoke/MethodHandleImpl$CountingWrapper$1
instanceKlass jdk/internal/classfile/impl/DirectCodeBuilder$6
instanceKlass jdk/internal/classfile/attribute/ExceptionsAttribute
instanceKlass jdk/internal/classfile/attribute/NestMembersAttribute
instanceKlass jdk/internal/classfile/instruction/BranchInstruction
instanceKlass jdk/internal/classfile/impl/DirectCodeBuilder$7
instanceKlass jdk/internal/classfile/instruction/ExceptionCatch
instanceKlass jdk/internal/classfile/attribute/StackMapTableAttribute
instanceKlass jdk/internal/classfile/attribute/LocalVariableTableAttribute
instanceKlass jdk/internal/classfile/attribute/LineNumberTableAttribute
instanceKlass jdk/internal/classfile/attribute/NestHostAttribute
instanceKlass jdk/internal/classfile/impl/CodeImpl$3
instanceKlass jdk/internal/classfile/impl/CodeImpl$ExceptionHandlerAction
instanceKlass  @bci jdk/internal/classfile/impl/CodeImpl inflateTypeAnnotations ()V 22 <appendix> argL0 ; # jdk/internal/classfile/impl/CodeImpl$$Lambda+0x000003ff30093a80
instanceKlass jdk/internal/classfile/attribute/RuntimeInvisibleTypeAnnotationsAttribute
instanceKlass  @bci jdk/internal/classfile/impl/CodeImpl inflateTypeAnnotations ()V 7 <appendix> argL0 ; # jdk/internal/classfile/impl/CodeImpl$$Lambda+0x000003ff30093650
instanceKlass jdk/internal/classfile/attribute/RuntimeVisibleTypeAnnotationsAttribute
instanceKlass  @bci jdk/internal/classfile/CodeTransform resolve (Ljdk/internal/classfile/CodeBuilder;)Ljdk/internal/classfile/ClassfileTransform$ResolvedTransform; 20 <appendix> member <vmtarget> ; # jdk/internal/classfile/CodeTransform$$Lambda+0x000003ff30092a48
instanceKlass  @bci jdk/internal/classfile/CodeTransform resolve (Ljdk/internal/classfile/CodeBuilder;)Ljdk/internal/classfile/ClassfileTransform$ResolvedTransform; 13 <appendix> member <vmtarget> ; # jdk/internal/classfile/CodeTransform$$Lambda+0x000003ff30092820
instanceKlass  @bci jdk/internal/classfile/CodeTransform resolve (Ljdk/internal/classfile/CodeBuilder;)Ljdk/internal/classfile/ClassfileTransform$ResolvedTransform; 6 <appendix> member <vmtarget> ; # jdk/internal/classfile/CodeTransform$$Lambda+0x000003ff300925e8
instanceKlass jdk/internal/classfile/impl/DirectMethodBuilder$1
instanceKlass jdk/internal/classfile/instruction/MonitorInstruction
instanceKlass jdk/internal/classfile/instruction/ThrowInstruction
instanceKlass jdk/internal/classfile/instruction/ConvertInstruction
instanceKlass jdk/internal/classfile/instruction/OperatorInstruction
instanceKlass jdk/internal/classfile/instruction/ArrayLoadInstruction
instanceKlass jdk/internal/classfile/instruction/NopInstruction
instanceKlass jdk/internal/classfile/impl/CodeImpl$4
instanceKlass jdk/internal/classfile/attribute/CodeAttribute
instanceKlass jdk/internal/classfile/CodeModel
instanceKlass jdk/internal/classfile/attribute/MethodParametersAttribute
instanceKlass  @bci jdk/internal/classfile/MethodTransform resolve (Ljdk/internal/classfile/MethodBuilder;)Ljdk/internal/classfile/ClassfileTransform$ResolvedTransform; 20 <appendix> member <vmtarget> ; # jdk/internal/classfile/MethodTransform$$Lambda+0x000003ff3008f138
instanceKlass  @bci jdk/internal/classfile/MethodTransform resolve (Ljdk/internal/classfile/MethodBuilder;)Ljdk/internal/classfile/ClassfileTransform$ResolvedTransform; 13 <appendix> member <vmtarget> ; # jdk/internal/classfile/MethodTransform$$Lambda+0x000003ff3008ef10
instanceKlass  @bci jdk/internal/classfile/MethodTransform resolve (Ljdk/internal/classfile/MethodBuilder;)Ljdk/internal/classfile/ClassfileTransform$ResolvedTransform; 6 <appendix> member <vmtarget> ; # jdk/internal/classfile/MethodTransform$$Lambda+0x000003ff3008ecd8
instanceKlass jdk/internal/classfile/impl/ChainedMethodBuilder
instanceKlass  @bci jdk/internal/classfile/impl/TransformImpl$MethodCodeTransform resolve (Ljdk/internal/classfile/MethodBuilder;)Ljdk/internal/classfile/ClassfileTransform$ResolvedTransform; 6 <appendix> member <vmtarget> ; # jdk/internal/classfile/impl/TransformImpl$MethodCodeTransform$$Lambda+0x000003ff3008e7b0
instanceKlass jdk/internal/classfile/Superclass
instanceKlass jdk/internal/classfile/attribute/SourceDebugExtensionAttribute
instanceKlass  @bci jdk/internal/classfile/impl/TransformImpl chainRunnable (Ljava/lang/Runnable;Ljava/lang/Runnable;)Ljava/lang/Runnable; 2 <appendix> member <vmtarget> ; # jdk/internal/classfile/impl/TransformImpl$$Lambda+0x000003ff3008df30
instanceKlass  @bci jdk/internal/classfile/ClassTransform resolve (Ljdk/internal/classfile/ClassBuilder;)Ljdk/internal/classfile/ClassfileTransform$ResolvedTransform; 20 <appendix> member <vmtarget> ; # jdk/internal/classfile/ClassTransform$$Lambda+0x000003ff3008dd08
instanceKlass  @bci jdk/internal/classfile/ClassTransform resolve (Ljdk/internal/classfile/ClassBuilder;)Ljdk/internal/classfile/ClassfileTransform$ResolvedTransform; 13 <appendix> member <vmtarget> ; # jdk/internal/classfile/ClassTransform$$Lambda+0x000003ff3008dae0
instanceKlass  @cpi jdk/internal/classfile/MethodTransform 150 form vmentry <vmtarget> ; # java/lang/invoke/LambdaForm$DMH+0x000003ff300d0000
instanceKlass  @bci jdk/internal/classfile/ClassTransform resolve (Ljdk/internal/classfile/ClassBuilder;)Ljdk/internal/classfile/ClassfileTransform$ResolvedTransform; 6 <appendix> member <vmtarget> ; # jdk/internal/classfile/ClassTransform$$Lambda+0x000003ff3008d8a8
instanceKlass  @cpi jdk/internal/classfile/MethodTransform 144 form vmentry <vmtarget> ; # java/lang/invoke/LambdaForm$DMH+0x000003ff300cfc00
instanceKlass  @bci jdk/internal/classfile/impl/ChainedMethodBuilder <init> (Ljdk/internal/classfile/MethodBuilder;Ljava/util/function/Consumer;)V 28 <adapter> ; # java/lang/invoke/LambdaForm$MH+0x000003ff300cf800
# instanceKlass java/lang/invoke/LambdaForm$DMH+0x000003ff300cf400
instanceKlass  @bci jdk/internal/classfile/impl/ChainedMethodBuilder <init> (Ljdk/internal/classfile/MethodBuilder;Ljava/util/function/Consumer;)V 28 <appendix> form vmentry <vmtarget> ; # java/lang/invoke/LambdaForm$MH+0x000003ff300cf000
instanceKlass  @bci jdk/internal/classfile/impl/ChainedMethodBuilder <init> (Ljdk/internal/classfile/MethodBuilder;Ljava/util/function/Consumer;)V 28 <appendix> form names 4 function resolvedHandle form vmentry <vmtarget> ; # java/lang/invoke/LambdaForm$DMH+0x000003ff300cec00
instanceKlass  @bci jdk/internal/classfile/impl/ChainedMethodBuilder <init> (Ljdk/internal/classfile/MethodBuilder;Ljava/util/function/Consumer;)V 28 <appendix> argL4 form vmentry <vmtarget> ; # java/lang/invoke/LambdaForm$MH+0x000003ff300ce800
# instanceKlass java/lang/invoke/LambdaForm$DMH+0x000003ff300ce400
instanceKlass java/lang/invoke/ClassSpecializer$Factory$1Var
instanceKlass  @bci jdk/internal/classfile/impl/ChainedMethodBuilder <init> (Ljdk/internal/classfile/MethodBuilder;Ljava/util/function/Consumer;)V 28 <appendix> argL4 form names 4 function resolvedHandle form vmentry <vmtarget> ; # java/lang/invoke/LambdaForm$DMH+0x000003ff300ce000
# instanceKlass java/lang/invoke/LambdaForm$MH+0x000003ff300cdc00
# instanceKlass java/lang/invoke/LambdaForm$MH+0x000003ff300cd800
instanceKlass  @bci jdk/internal/classfile/impl/ChainedMethodBuilder <init> (Ljdk/internal/classfile/MethodBuilder;Ljava/util/function/Consumer;)V 28 <appendix> argL1 form vmentry <vmtarget> ; # java/lang/invoke/LambdaForm$MH+0x000003ff300cd400
instanceKlass  @bci jdk/internal/classfile/impl/ChainedMethodBuilder <init> (Ljdk/internal/classfile/MethodBuilder;Ljava/util/function/Consumer;)V 28 <appendix> form names 9 function resolvedHandle form vmentry <vmtarget> ; # java/lang/invoke/LambdaForm$DMH+0x000003ff300cd000
# instanceKlass java/lang/invoke/LambdaForm$MH+0x000003ff300ccc00
instanceKlass  @bci jdk/internal/classfile/impl/ChainedMethodBuilder <init> (Ljdk/internal/classfile/MethodBuilder;Ljava/util/function/Consumer;)V 28 <appendix> argL0 form vmentry <vmtarget> ; # java/lang/invoke/LambdaForm$MH+0x000003ff300cc800
# instanceKlass java/lang/invoke/LambdaForm$MH+0x000003ff300cc400
instanceKlass java/lang/invoke/MethodHandleImpl$TableSwitchCacheKey
instanceKlass sun/invoke/util/ValueConversions$1
# instanceKlass java/lang/invoke/LambdaForm$MH+0x000003ff300cc000
instanceKlass sun/invoke/util/ValueConversions$WrapperCache
# instanceKlass java/lang/invoke/LambdaForm$MH+0x000003ff300cbc00
# instanceKlass java/lang/invoke/LambdaForm$MH+0x000003ff300cb800
# instanceKlass java/lang/invoke/LambdaForm$DMH+0x000003ff300cb400
# instanceKlass java/lang/invoke/LambdaForm$DMH+0x000003ff300cb000
instanceKlass java/lang/invoke/MethodHandleImpl$ArrayAccessor
# instanceKlass java/lang/invoke/LambdaForm$MH+0x000003ff300cac00
# instanceKlass java/lang/invoke/LambdaForm$MH+0x000003ff300ca800
instanceKlass  @cpi java/lang/ProcessHandleImpl 411 form vmentry <vmtarget> ; # java/lang/invoke/LambdaForm$DMH+0x000003ff300ca400
# instanceKlass java/lang/invoke/LambdaForm$MH+0x000003ff300ca000
# instanceKlass java/lang/invoke/LambdaForm$MH+0x000003ff300c9c00
# instanceKlass java/lang/invoke/LambdaForm$MH+0x000003ff300c9800
# instanceKlass java/lang/invoke/LambdaForm$MH+0x000003ff300c9400
instanceKlass jdk/internal/org/objectweb/asm/Edge
# instanceKlass java/lang/invoke/LambdaForm$MH+0x000003ff300c9000
instanceKlass java/lang/ClassValue$Version
instanceKlass java/lang/ClassValue$Identity
instanceKlass java/lang/ClassValue
instanceKlass java/lang/invoke/MethodHandleImpl$Makers$2
instanceKlass java/lang/invoke/MethodHandleImpl$Makers$1
instanceKlass java/lang/invoke/MethodHandleImpl$Makers
instanceKlass  @bci jdk/internal/classfile/impl/ChainedMethodBuilder <init> (Ljdk/internal/classfile/MethodBuilder;Ljava/util/function/Consumer;)V 28 <appendix> form names 11 function resolvedHandle form vmentry <vmtarget> ; # java/lang/invoke/LambdaForm$MH+0x000003ff300c8c00
instanceKlass  @bci jdk/internal/classfile/impl/ChainedMethodBuilder <init> (Ljdk/internal/classfile/MethodBuilder;Ljava/util/function/Consumer;)V 28 <appendix> form names 11 function resolvedHandle form names 5 function resolvedHandle form vmentry <vmtarget> ; # java/lang/invoke/LambdaForm$DMH+0x000003ff300c8800
# instanceKlass java/lang/invoke/LambdaForm$DMH+0x000003ff300c8400
instanceKlass java/lang/invoke/MethodHandleImpl$LoopClauses
instanceKlass java/lang/invoke/MethodHandleImpl$CasesHolder
# instanceKlass java/lang/invoke/LambdaForm$MH+0x000003ff300c8000
instanceKlass java/util/ReverseOrderListView
# instanceKlass java/lang/invoke/LambdaForm$MH+0x000003ff300c7c00
# instanceKlass java/lang/invoke/LambdaForm$MH+0x000003ff300c7800
instanceKlass  @bci java/lang/runtime/SwitchBootstraps typeSwitch (Ljava/lang/invoke/MethodHandles$Lookup;Ljava/lang/String;Ljava/lang/invoke/MethodType;[Ljava/lang/Object;)Ljava/lang/invoke/CallSite; 90 <appendix> argL0 ; # java/lang/runtime/SwitchBootstraps$$Lambda+0x000003ff3008a5b8
instanceKlass java/lang/invoke/DirectMethodHandle$1
# instanceKlass java/lang/invoke/LambdaForm$DMH+0x000003ff300c7400
# instanceKlass java/lang/invoke/LambdaForm$DMH+0x000003ff300c7000
instanceKlass java/lang/runtime/SwitchBootstraps$EnumMap
# instanceKlass java/lang/invoke/LambdaForm$DMH+0x000003ff300c6c00
# instanceKlass java/lang/invoke/LambdaForm$DMH+0x000003ff300c6800
instanceKlass java/lang/runtime/SwitchBootstraps$ResolvedEnumLabel
# instanceKlass java/lang/invoke/LambdaForm$DMH+0x000003ff300c6400
# instanceKlass java/lang/invoke/LambdaForm$MH+0x000003ff300c6000
# instanceKlass java/lang/invoke/LambdaForm$DMH+0x000003ff300c5c00
# instanceKlass java/lang/invoke/LambdaForm$DMH+0x000003ff300c5800
instanceKlass java/lang/runtime/SwitchBootstraps
instanceKlass jdk/internal/classfile/impl/ChainedClassBuilder
instanceKlass  @bci jdk/internal/classfile/impl/TransformImpl <clinit> ()V 0 <appendix> argL0 ; # jdk/internal/classfile/impl/TransformImpl$$Lambda+0x000003ff30089100
instanceKlass  @cpi jdk/internal/classfile/impl/TransformImpl 76 form vmentry <vmtarget> ; # java/lang/invoke/LambdaForm$DMH+0x000003ff300c5400
instanceKlass  @bci jdk/internal/classfile/impl/TransformImpl$ClassMethodTransform resolve (Ljdk/internal/classfile/ClassBuilder;)Ljdk/internal/classfile/ClassfileTransform$ResolvedTransform; 6 <appendix> member <vmtarget> ; # jdk/internal/classfile/impl/TransformImpl$ClassMethodTransform$$Lambda+0x000003ff30088ec8
instanceKlass jdk/internal/classfile/impl/TransformImpl
instanceKlass jdk/internal/classfile/ClassfileTransform$ResolvedTransform
instanceKlass jdk/internal/classfile/impl/ClassImpl$2
instanceKlass jdk/internal/classfile/attribute/BootstrapMethodsAttribute
instanceKlass jdk/internal/classfile/impl/TransformImpl$UnresolvedClassTransform
instanceKlass  @bci jdk/internal/classfile/ClassTransform transformingMethods (Ljdk/internal/classfile/MethodTransform;)Ljdk/internal/classfile/ClassTransform; 0 <appendix> argL0 ; # jdk/internal/classfile/ClassTransform$$Lambda+0x000003ff30087760
instanceKlass jdk/internal/classfile/impl/TransformImpl$UnresolvedMethodTransform
instanceKlass jdk/internal/classfile/CodeTransform$1
instanceKlass  @bci jdk/internal/classfile/MethodTransform dropping (Ljava/util/function/Predicate;)Ljdk/internal/classfile/MethodTransform; 1 <appendix> member <vmtarget> ; # jdk/internal/classfile/MethodTransform$$Lambda+0x000003ff30086a08
instanceKlass jdk/internal/classfile/MethodTransform$1
instanceKlass jdk/internal/classfile/MethodTransform
instanceKlass  @bci jdk/tools/jlink/internal/plugins/StripJavaDebugAttributesPlugin lambda$transform$3 (Ljdk/tools/jlink/plugin/ResourcePoolEntry;)Ljdk/tools/jlink/plugin/ResourcePoolEntry; 77 <appendix> argL0 ; # jdk/tools/jlink/internal/plugins/StripJavaDebugAttributesPlugin$$Lambda+0x000003ff300c35f0
instanceKlass  @bci jdk/internal/classfile/ClassTransform dropping (Ljava/util/function/Predicate;)Ljdk/internal/classfile/ClassTransform; 1 <appendix> member <vmtarget> ; # jdk/internal/classfile/ClassTransform$$Lambda+0x000003ff300862a0
instanceKlass jdk/internal/classfile/ClassTransform$1
instanceKlass jdk/internal/classfile/ClassTransform
instanceKlass  @bci jdk/tools/jlink/internal/plugins/StripJavaDebugAttributesPlugin lambda$transform$3 (Ljdk/tools/jlink/plugin/ResourcePoolEntry;)Ljdk/tools/jlink/plugin/ResourcePoolEntry; 69 <appendix> argL0 ; # jdk/tools/jlink/internal/plugins/StripJavaDebugAttributesPlugin$$Lambda+0x000003ff300c33a0
instanceKlass  @bci jdk/tools/jlink/internal/plugins/StripJavaDebugAttributesPlugin transform (Ljdk/tools/jlink/plugin/ResourcePool;Ljdk/tools/jlink/plugin/ResourcePoolBuilder;)Ljdk/tools/jlink/plugin/ResourcePool; 2 <appendix> member <vmtarget> ; # jdk/tools/jlink/internal/plugins/StripJavaDebugAttributesPlugin$$Lambda+0x000003ff300c3158
instanceKlass  @bci jdk/tools/jlink/internal/plugins/SystemModulesPlugin transform (Ljdk/tools/jlink/plugin/ResourcePool;Ljdk/tools/jlink/plugin/ResourcePoolBuilder;)Ljdk/tools/jlink/plugin/ResourcePool; 58 <appendix> member <vmtarget> ; # jdk/tools/jlink/internal/plugins/SystemModulesPlugin$$Lambda+0x000003ff300c2f20
instanceKlass  @bci jdk/tools/jlink/internal/plugins/SystemModulesPlugin transform (Ljdk/tools/jlink/plugin/ResourcePool;Ljdk/tools/jlink/plugin/ResourcePoolBuilder;)Ljdk/tools/jlink/plugin/ResourcePool; 47 <appendix> member <vmtarget> ; # jdk/tools/jlink/internal/plugins/SystemModulesPlugin$$Lambda+0x000003ff300c2cc8
instanceKlass  @bci jdk/tools/jlink/internal/plugins/SystemModulesPlugin lambda$genSystemModulesMapClass$10 (Ljava/lang/constant/ClassDesc;Ljava/lang/constant/ClassDesc;Ljava/util/Map;Ljava/util/List;Ljdk/internal/classfile/ClassBuilder;)V 127 <appendix> member <vmtarget> ; # jdk/tools/jlink/internal/plugins/SystemModulesPlugin$$Lambda+0x000003ff300c2a90
instanceKlass  @bci jdk/tools/jlink/internal/plugins/SystemModulesPlugin lambda$genSystemModulesMapClass$10 (Ljava/lang/constant/ClassDesc;Ljava/lang/constant/ClassDesc;Ljava/util/Map;Ljava/util/List;Ljdk/internal/classfile/ClassBuilder;)V 99 <appendix> member <vmtarget> ; # jdk/tools/jlink/internal/plugins/SystemModulesPlugin$$Lambda+0x000003ff300c2858
instanceKlass  @bci jdk/tools/jlink/internal/plugins/SystemModulesPlugin lambda$genSystemModulesMapClass$10 (Ljava/lang/constant/ClassDesc;Ljava/lang/constant/ClassDesc;Ljava/util/Map;Ljava/util/List;Ljdk/internal/classfile/ClassBuilder;)V 71 <appendix> member <vmtarget> ; # jdk/tools/jlink/internal/plugins/SystemModulesPlugin$$Lambda+0x000003ff300c2620
instanceKlass  @bci jdk/tools/jlink/internal/plugins/SystemModulesPlugin lambda$genSystemModulesMapClass$10 (Ljava/lang/constant/ClassDesc;Ljava/lang/constant/ClassDesc;Ljava/util/Map;Ljava/util/List;Ljdk/internal/classfile/ClassBuilder;)V 49 <appendix> member <vmtarget> ; # jdk/tools/jlink/internal/plugins/SystemModulesPlugin$$Lambda+0x000003ff300c23e8
instanceKlass  @bci jdk/tools/jlink/internal/plugins/SystemModulesPlugin lambda$genSystemModulesMapClass$10 (Ljava/lang/constant/ClassDesc;Ljava/lang/constant/ClassDesc;Ljava/util/Map;Ljava/util/List;Ljdk/internal/classfile/ClassBuilder;)V 27 <appendix> argL0 ; # jdk/tools/jlink/internal/plugins/SystemModulesPlugin$$Lambda+0x000003ff300c21b8
instanceKlass  @bci jdk/tools/jlink/internal/plugins/SystemModulesPlugin genSystemModulesMapClass (Ljava/lang/constant/ClassDesc;Ljava/lang/constant/ClassDesc;Ljava/util/Map;Ljdk/tools/jlink/plugin/ResourcePoolBuilder;)Ljava/lang/String; 41 <appendix> form vmentry <vmtarget> ; # java/lang/invoke/LambdaForm$DMH+0x000003ff300c5000
instanceKlass  @bci jdk/tools/jlink/internal/plugins/SystemModulesPlugin genSystemModulesMapClass (Ljava/lang/constant/ClassDesc;Ljava/lang/constant/ClassDesc;Ljava/util/Map;Ljdk/tools/jlink/plugin/ResourcePoolBuilder;)Ljava/lang/String; 41 <appendix> member <vmtarget> ; # jdk/tools/jlink/internal/plugins/SystemModulesPlugin$$Lambda+0x000003ff300c1f80
instanceKlass java/util/stream/Nodes$ArrayNode
instanceKlass  @bci java/util/Map$Entry comparingByKey ()Ljava/util/Comparator; 0 <appendix> argL0 ; # java/util/Map$Entry$$Lambda+0x000003ff30085500
instanceKlass jdk/tools/jlink/internal/ResourcePoolEntryFactory
instanceKlass jdk/internal/classfile/impl/RawBytecodeHelper
instanceKlass java/util/BitSet
instanceKlass jdk/internal/classfile/impl/StackMapGenerator$Frame
instanceKlass jdk/internal/classfile/impl/StackMapGenerator
instanceKlass  @bci jdk/tools/jlink/internal/plugins/SystemModulesPlugin$SystemModulesClassGenerator lambda$generate$14 (ZLjava/util/Map;Ljdk/internal/classfile/CodeBuilder;)V 26 <appendix> member <vmtarget> ; # jdk/tools/jlink/internal/plugins/SystemModulesPlugin$SystemModulesClassGenerator$$Lambda+0x000003ff300c1878
instanceKlass  @bci jdk/tools/jlink/internal/plugins/SystemModulesPlugin$SystemModulesClassGenerator generate (Ljdk/internal/classfile/ClassBuilder;Ljava/lang/String;Ljava/util/Map;Z)V 13 <adapter> ; # java/lang/invoke/LambdaForm$MH+0x000003ff300c4c00
# instanceKlass java/lang/invoke/LambdaForm$DMH+0x000003ff300c4800
instanceKlass  @bci jdk/tools/jlink/internal/plugins/SystemModulesPlugin$SystemModulesClassGenerator generate (Ljdk/internal/classfile/ClassBuilder;Ljava/lang/String;Ljava/util/Map;Z)V 13 <appendix> form vmentry <vmtarget> ; # java/lang/invoke/LambdaForm$DMH+0x000003ff300c4400
instanceKlass  @bci jdk/tools/jlink/internal/plugins/SystemModulesPlugin$SystemModulesClassGenerator generate (Ljdk/internal/classfile/ClassBuilder;Ljava/lang/String;Ljava/util/Map;Z)V 13 <appendix> member <vmtarget> ; # jdk/tools/jlink/internal/plugins/SystemModulesPlugin$SystemModulesClassGenerator$$Lambda+0x000003ff300c1640
instanceKlass  @cpi jdk/tools/jlink/internal/plugins/SystemModulesPlugin$SystemModulesClassGenerator 801 form vmentry <vmtarget> ; # java/lang/invoke/LambdaForm$DMH+0x000003ff300c4000
instanceKlass  @bci jdk/tools/jlink/internal/plugins/SystemModulesPlugin$SystemModulesClassGenerator lambda$genModuleReads$12 (Ljava/lang/module/ResolvedModule;)Ljava/util/Set; 9 <appendix> argL0 ; # jdk/tools/jlink/internal/plugins/SystemModulesPlugin$SystemModulesClassGenerator$$Lambda+0x000003ff300c1400
instanceKlass  @bci jdk/tools/jlink/internal/plugins/SystemModulesPlugin$SystemModulesClassGenerator genModuleReads (Ljdk/internal/classfile/ClassBuilder;Ljava/lang/module/Configuration;)V 14 <appendix> argL0 ; # jdk/tools/jlink/internal/plugins/SystemModulesPlugin$SystemModulesClassGenerator$$Lambda+0x000003ff300c11c0
instanceKlass  @bci jdk/tools/jlink/internal/plugins/SystemModulesPlugin$SystemModulesClassGenerator genModuleReads (Ljdk/internal/classfile/ClassBuilder;Ljava/lang/module/Configuration;)V 9 <appendix> argL0 ; # jdk/tools/jlink/internal/plugins/SystemModulesPlugin$SystemModulesClassGenerator$$Lambda+0x000003ff300c0f80
instanceKlass  @bci jdk/tools/jlink/internal/plugins/SystemModulesPlugin$SystemModulesClassGenerator genModuleResolutionsMethod (Ljdk/internal/classfile/ClassBuilder;)V 17 <appendix> member <vmtarget> ; # jdk/tools/jlink/internal/plugins/SystemModulesPlugin$SystemModulesClassGenerator$$Lambda+0x000003ff300c0d48
instanceKlass jdk/internal/classfile/instruction/NewPrimitiveArrayInstruction
instanceKlass  @bci jdk/tools/jlink/internal/plugins/SystemModulesPlugin$SystemModulesClassGenerator$ModuleHashesBuilder build ()V 30 <appendix> member <vmtarget> ; # jdk/tools/jlink/internal/plugins/SystemModulesPlugin$SystemModulesClassGenerator$ModuleHashesBuilder$$Lambda+0x000003ff300c0b10
instanceKlass jdk/tools/jlink/internal/plugins/SystemModulesPlugin$SystemModulesClassGenerator$ModuleHashesBuilder
instanceKlass  @bci jdk/tools/jlink/internal/plugins/SystemModulesPlugin$SystemModulesClassGenerator genModuleHashesMethod (Ljdk/internal/classfile/ClassBuilder;)V 17 <appendix> member <vmtarget> ; # jdk/tools/jlink/internal/plugins/SystemModulesPlugin$SystemModulesClassGenerator$$Lambda+0x000003ff300c06a8
instanceKlass  @bci jdk/tools/jlink/internal/plugins/SystemModulesPlugin$SystemModulesClassGenerator genModuleTargetsMethod (Ljdk/internal/classfile/ClassBuilder;)V 17 <appendix> member <vmtarget> ; # jdk/tools/jlink/internal/plugins/SystemModulesPlugin$SystemModulesClassGenerator$$Lambda+0x000003ff300c0470
instanceKlass jdk/internal/classfile/instruction/FieldInstruction
instanceKlass jdk/internal/classfile/constantpool/FieldRefEntry
instanceKlass jdk/internal/classfile/constantpool/IntegerEntry
instanceKlass  @bci jdk/tools/jlink/internal/plugins/SystemModulesPlugin$SystemModulesClassGenerator$ModuleDescriptorBuilder build ()V 91 <appendix> member <vmtarget> ; # jdk/tools/jlink/internal/plugins/SystemModulesPlugin$SystemModulesClassGenerator$ModuleDescriptorBuilder$$Lambda+0x000003ff300c0238
instanceKlass  @bci jdk/tools/jlink/internal/plugins/SystemModulesPlugin$SystemModulesClassGenerator$ModuleDescriptorBuilder build ()V 75 <appendix> member <vmtarget> ; # jdk/tools/jlink/internal/plugins/SystemModulesPlugin$SystemModulesClassGenerator$ModuleDescriptorBuilder$$Lambda+0x000003ff300c0000
instanceKlass jdk/internal/classfile/instruction/ArrayStoreInstruction
instanceKlass jdk/internal/classfile/constantpool/InterfaceMethodRefEntry
instanceKlass java/util/ComparableTimSort
instanceKlass jdk/internal/classfile/constantpool/DoubleEntry
instanceKlass jdk/internal/classfile/constantpool/LongEntry
instanceKlass jdk/internal/classfile/instruction/ConstantInstruction$LoadConstantInstruction
instanceKlass jdk/internal/classfile/constantpool/StringEntry
instanceKlass jdk/internal/classfile/constantpool/ConstantValueEntry
instanceKlass jdk/internal/classfile/instruction/StackInstruction
instanceKlass jdk/internal/classfile/instruction/NewObjectInstruction
instanceKlass jdk/tools/jlink/internal/plugins/SystemModulesPlugin$SystemModulesClassGenerator$ModuleDescriptorBuilder
instanceKlass jdk/internal/classfile/instruction/StoreInstruction
instanceKlass jdk/internal/classfile/instruction/NewReferenceArrayInstruction
instanceKlass jdk/internal/classfile/instruction/ConstantInstruction$ArgumentConstantInstruction
instanceKlass jdk/internal/classfile/CodeBuilder$1
instanceKlass  @bci jdk/tools/jlink/internal/plugins/SystemModulesPlugin$SystemModulesClassGenerator genModuleDescriptorsMethod (Ljdk/internal/classfile/ClassBuilder;)V 32 <appendix> member <vmtarget> ; # jdk/tools/jlink/internal/plugins/SystemModulesPlugin$SystemModulesClassGenerator$$Lambda+0x000003ff3002f9f8
instanceKlass  @bci jdk/tools/jlink/internal/plugins/SystemModulesPlugin$SystemModulesClassGenerator genIncubatorModules (Ljdk/internal/classfile/ClassBuilder;)V 49 <appendix> member <vmtarget> ; # jdk/tools/jlink/internal/plugins/SystemModulesPlugin$SystemModulesClassGenerator$$Lambda+0x000003ff3002f7c8
instanceKlass  @bci jdk/tools/jlink/internal/plugins/SystemModulesPlugin$SystemModulesClassGenerator genIncubatorModules (Ljdk/internal/classfile/ClassBuilder;)V 19 <appendix> argL0 ; # jdk/tools/jlink/internal/plugins/SystemModulesPlugin$SystemModulesClassGenerator$$Lambda+0x000003ff3002f578
instanceKlass  @bci jdk/tools/jlink/internal/plugins/SystemModulesPlugin$SystemModulesClassGenerator genIncubatorModules (Ljdk/internal/classfile/ClassBuilder;)V 9 <appendix> argL0 ; # jdk/tools/jlink/internal/plugins/SystemModulesPlugin$SystemModulesClassGenerator$$Lambda+0x000003ff3002f338
instanceKlass jdk/internal/classfile/instruction/ConstantInstruction$IntrinsicConstantInstruction
instanceKlass jdk/internal/classfile/instruction/ConstantInstruction
instanceKlass  @bci jdk/tools/jlink/internal/plugins/SystemModulesPlugin$SystemModulesClassGenerator genHasSplitPackages (Ljdk/internal/classfile/ClassBuilder;)V 68 <appendix> member <vmtarget> ; # jdk/tools/jlink/internal/plugins/SystemModulesPlugin$SystemModulesClassGenerator$$Lambda+0x000003ff3002f108
instanceKlass  @cpi jdk/tools/jlink/internal/plugins/SystemModulesPlugin$SystemModulesClassGenerator 759 form vmentry <vmtarget> ; # java/lang/invoke/LambdaForm$DMH+0x000003ff30029400
instanceKlass  @bci jdk/tools/jlink/internal/plugins/SystemModulesPlugin$SystemModulesClassGenerator genHasSplitPackages (Ljdk/internal/classfile/ClassBuilder;)V 36 <appendix> member <vmtarget> ; # jdk/tools/jlink/internal/plugins/SystemModulesPlugin$SystemModulesClassGenerator$$Lambda+0x000003ff3002eeb0
instanceKlass  @cpi jdk/tools/jlink/internal/plugins/SystemModulesPlugin$SystemModulesClassGenerator 755 form vmentry <vmtarget> ; # java/lang/invoke/LambdaForm$DMH+0x000003ff30029000
instanceKlass  @bci jdk/tools/jlink/internal/plugins/SystemModulesPlugin$SystemModulesClassGenerator genHasSplitPackages (Ljdk/internal/classfile/ClassBuilder;)V 19 <appendix> argL0 ; # jdk/tools/jlink/internal/plugins/SystemModulesPlugin$SystemModulesClassGenerator$$Lambda+0x000003ff3002ec70
instanceKlass  @bci jdk/tools/jlink/internal/plugins/SystemModulesPlugin$SystemModulesClassGenerator genHasSplitPackages (Ljdk/internal/classfile/ClassBuilder;)V 9 <appendix> argL0 ; # jdk/tools/jlink/internal/plugins/SystemModulesPlugin$SystemModulesClassGenerator$$Lambda+0x000003ff3002ea30
instanceKlass jdk/internal/classfile/instruction/ReturnInstruction
instanceKlass jdk/internal/classfile/instruction/InvokeInstruction
instanceKlass jdk/internal/classfile/constantpool/MethodRefEntry
instanceKlass jdk/internal/classfile/constantpool/MemberRefEntry
instanceKlass jdk/internal/classfile/constantpool/NameAndTypeEntry
instanceKlass jdk/internal/classfile/impl/BytecodeHelpers$1
instanceKlass jdk/internal/classfile/impl/BytecodeHelpers
instanceKlass jdk/internal/classfile/instruction/LoadInstruction
instanceKlass jdk/internal/classfile/Instruction
instanceKlass jdk/internal/classfile/instruction/LabelTarget
instanceKlass jdk/internal/classfile/PseudoInstruction
instanceKlass jdk/internal/classfile/CodeElement
instanceKlass jdk/internal/classfile/Label
instanceKlass jdk/internal/classfile/impl/BufWriterImpl
instanceKlass jdk/internal/classfile/BufWriter
instanceKlass jdk/internal/classfile/impl/LabelContext
instanceKlass jdk/internal/classfile/impl/TerminalCodeBuilder
instanceKlass jdk/internal/classfile/impl/TerminalMethodBuilder
instanceKlass  @bci jdk/internal/classfile/ClassBuilder withMethodBody (Ljdk/internal/classfile/constantpool/Utf8Entry;Ljdk/internal/classfile/constantpool/Utf8Entry;ILjava/util/function/Consumer;)Ljdk/internal/classfile/ClassBuilder; 6 <appendix> member <vmtarget> ; # jdk/internal/classfile/ClassBuilder$$Lambda+0x000003ff3003abd0
instanceKlass jdk/internal/classfile/MethodBuilder
instanceKlass  @bci jdk/tools/jlink/internal/plugins/SystemModulesPlugin$SystemModulesClassGenerator genConstructor (Ljdk/internal/classfile/ClassBuilder;)V 10 <appendix> argL0 ; # jdk/tools/jlink/internal/plugins/SystemModulesPlugin$SystemModulesClassGenerator$$Lambda+0x000003ff3002e800
instanceKlass jdk/internal/classfile/CodeBuilder
instanceKlass java/lang/constant/DynamicConstantDesc
instanceKlass java/lang/constant/DirectMethodHandleDescImpl$1
instanceKlass java/lang/constant/DirectMethodHandleDescImpl
instanceKlass java/lang/constant/DirectMethodHandleDesc
instanceKlass java/lang/constant/MethodHandleDesc$1
instanceKlass java/lang/constant/MethodHandleDesc
instanceKlass java/lang/constant/MethodTypeDescImpl
instanceKlass java/lang/constant/MethodTypeDesc
instanceKlass java/lang/constant/ConstantDescs
instanceKlass jdk/internal/classfile/impl/TemporaryConstantPool
instanceKlass jdk/internal/classfile/impl/AttributeHolder
instanceKlass jdk/internal/classfile/impl/AbstractDirectBuilder
instanceKlass jdk/internal/classfile/constantpool/ClassEntry
instanceKlass jdk/internal/classfile/constantpool/LoadableConstantEntry
instanceKlass jdk/internal/classfile/impl/EntryMap
instanceKlass jdk/internal/classfile/impl/Util
instanceKlass jdk/internal/classfile/impl/BootstrapMethodEntryImpl
instanceKlass jdk/internal/classfile/BootstrapMethodEntry
instanceKlass jdk/internal/classfile/impl/SplitConstantPool
instanceKlass jdk/internal/classfile/constantpool/ConstantPoolBuilder
instanceKlass  @bci jdk/tools/jlink/internal/plugins/SystemModulesPlugin$SystemModulesClassGenerator genClassBytes (Ljava/lang/module/Configuration;)[B 6 <appendix> member <vmtarget> ; # jdk/tools/jlink/internal/plugins/SystemModulesPlugin$SystemModulesClassGenerator$$Lambda+0x000003ff3002e5c8
instanceKlass jdk/internal/classfile/ClassBuilder
instanceKlass jdk/internal/classfile/ClassfileBuilder
instanceKlass  @bci jdk/tools/jlink/internal/plugins/SystemModulesPlugin$SystemModulesClassGenerator$DedupSetBuilder opensModifiers (Ljava/util/Set;)V 6 <appendix> member <vmtarget> ; # jdk/tools/jlink/internal/plugins/SystemModulesPlugin$SystemModulesClassGenerator$DedupSetBuilder$$Lambda+0x000003ff3002e380
instanceKlass  @bci jdk/tools/jlink/internal/plugins/SystemModulesPlugin$SystemModulesClassGenerator$DedupSetBuilder requiresModifiers (Ljava/util/Set;)V 6 <appendix> member <vmtarget> ; # jdk/tools/jlink/internal/plugins/SystemModulesPlugin$SystemModulesClassGenerator$DedupSetBuilder$$Lambda+0x000003ff3002e138
instanceKlass  @bci jdk/tools/jlink/internal/plugins/SystemModulesPlugin$SystemModulesClassGenerator$DedupSetBuilder exportsModifiers (Ljava/util/Set;)V 6 <appendix> member <vmtarget> ; # jdk/tools/jlink/internal/plugins/SystemModulesPlugin$SystemModulesClassGenerator$DedupSetBuilder$$Lambda+0x000003ff3002def0
instanceKlass  @bci jdk/tools/jlink/internal/plugins/SystemModulesPlugin$SystemModulesClassGenerator$DedupSetBuilder stringSet (Ljava/util/Set;)V 6 <appendix> member <vmtarget> ; # jdk/tools/jlink/internal/plugins/SystemModulesPlugin$SystemModulesClassGenerator$DedupSetBuilder$$Lambda+0x000003ff3002da88
instanceKlass  @bci jdk/tools/jlink/internal/ResourcePoolConfiguration allModRefs (Ljdk/tools/jlink/plugin/ResourcePool;)Ljava/util/Map; 11 <bsm> form vmentry <vmtarget> ; # java/lang/invoke/LambdaForm$DMH+0x000003ff30028c00
instanceKlass java/lang/invoke/MethodHandle$1
instanceKlass jdk/tools/jlink/internal/plugins/SystemModulesPlugin$SystemModulesClassGenerator$SetBuilder
instanceKlass  @bci jdk/tools/jlink/internal/plugins/SystemModulesPlugin$SystemModulesClassGenerator <init> (Ljava/lang/String;Ljava/util/List;I)V 71 <appendix> member <vmtarget> ; # jdk/tools/jlink/internal/plugins/SystemModulesPlugin$SystemModulesClassGenerator$$Lambda+0x000003ff3002d638
instanceKlass  @bci jdk/tools/jlink/internal/plugins/SystemModulesPlugin$SystemModulesClassGenerator <init> (Ljava/lang/String;Ljava/util/List;I)V 40 <appendix> member <vmtarget> ; # jdk/tools/jlink/internal/plugins/SystemModulesPlugin$SystemModulesClassGenerator$$Lambda+0x000003ff3002d410
instanceKlass java/util/function/IntSupplier
instanceKlass jdk/tools/jlink/internal/plugins/SystemModulesPlugin$SystemModulesClassGenerator$DedupSetBuilder
instanceKlass jdk/tools/jlink/internal/plugins/SystemModulesPlugin$SystemModulesClassGenerator
instanceKlass  @bci java/lang/module/Resolver bind (Z)Ljava/lang/module/Resolver; 256 <appendix> argL0 ; # java/lang/module/Resolver$$Lambda+0x000003ff30035558
instanceKlass  @bci java/lang/module/Resolver bind (Z)Ljava/lang/module/Resolver; 241 <appendix> argL0 ; # java/lang/module/Resolver$$Lambda+0x000003ff30035318
instanceKlass  @bci jdk/tools/jlink/internal/plugins/SystemModulesPlugin genSystemModulesClasses (Ljava/util/List;Ljdk/tools/jlink/plugin/ResourcePoolBuilder;)Ljava/util/Set; 67 <appendix> argL0 ; # jdk/tools/jlink/internal/plugins/SystemModulesPlugin$$Lambda+0x000003ff3002cd60
instanceKlass jdk/tools/jlink/internal/plugins/SystemModulesPlugin$1
instanceKlass  @bci jdk/tools/jlink/internal/plugins/SystemModulesPlugin finderOf (Ljava/util/Collection;)Ljava/lang/module/ModuleFinder; 0 <appendix> argL0 ; # jdk/tools/jlink/internal/plugins/SystemModulesPlugin$$Lambda+0x000003ff3002c900
instanceKlass  @bci jdk/tools/jlink/internal/plugins/SystemModulesPlugin$ModuleInfo validateNames ()V 169 <appendix> argL0 ; # jdk/tools/jlink/internal/plugins/SystemModulesPlugin$ModuleInfo$$Lambda+0x000003ff3002c6d0
instanceKlass  @bci jdk/tools/jlink/internal/plugins/SystemModulesPlugin$ModuleInfo validatePackages ()V 96 <appendix> member <vmtarget> ; # jdk/tools/jlink/internal/plugins/SystemModulesPlugin$ModuleInfo$$Lambda+0x000003ff3002c498
instanceKlass  @bci jdk/tools/jlink/internal/plugins/SystemModulesPlugin$ModuleInfo validatePackages ()V 80 <appendix> member <vmtarget> ; # jdk/tools/jlink/internal/plugins/SystemModulesPlugin$ModuleInfo$$Lambda+0x000003ff3002c240
instanceKlass  @bci jdk/tools/jlink/internal/plugins/SystemModulesPlugin$ModuleInfo validatePackages ()V 69 <appendix> argL0 ; # jdk/tools/jlink/internal/plugins/SystemModulesPlugin$ModuleInfo$$Lambda+0x000003ff3002c000
instanceKlass  @bci jdk/tools/jlink/internal/plugins/SystemModulesPlugin$ModuleInfo validatePackages ()V 47 <appendix> member <vmtarget> ; # jdk/tools/jlink/internal/plugins/SystemModulesPlugin$ModuleInfo$$Lambda+0x000003ff30027cf8
instanceKlass  @bci jdk/tools/jlink/internal/plugins/SystemModulesPlugin$ModuleInfo validatePackages ()V 31 <appendix> member <vmtarget> ; # jdk/tools/jlink/internal/plugins/SystemModulesPlugin$ModuleInfo$$Lambda+0x000003ff30027aa0
instanceKlass  @bci jdk/internal/classfile/impl/ChainedMethodBuilder <init> (Ljdk/internal/classfile/MethodBuilder;Ljava/util/function/Consumer;)V 28 <appendix> argL0 form names 4 function resolvedHandle form vmentry <vmtarget> ; # java/lang/invoke/LambdaForm$DMH+0x000003ff30028800
instanceKlass  @bci jdk/tools/jlink/internal/plugins/SystemModulesPlugin$ModuleInfo validatePackages ()V 20 <appendix> argL0 ; # jdk/tools/jlink/internal/plugins/SystemModulesPlugin$ModuleInfo$$Lambda+0x000003ff30027860
instanceKlass java/util/NavigableSet
instanceKlass java/util/SortedSet
instanceKlass  @bci jdk/tools/jlink/internal/plugins/SystemModulesPlugin$ModuleInfo validateNames ()V 226 <appendix> argL0 ; # jdk/tools/jlink/internal/plugins/SystemModulesPlugin$ModuleInfo$$Lambda+0x000003ff30027630
instanceKlass  @bci jdk/tools/jlink/internal/plugins/SystemModulesPlugin$ModuleInfo validateNames ()V 105 <appendix> argL0 ; # jdk/tools/jlink/internal/plugins/SystemModulesPlugin$ModuleInfo$$Lambda+0x000003ff30027400
instanceKlass jdk/internal/classfile/constantpool/PackageEntry
instanceKlass  @bci java/util/stream/MatchOps makeRef (Ljava/util/function/Predicate;Ljava/util/stream/MatchOps$MatchKind;)Ljava/util/stream/TerminalOp; 20 <appendix> member <vmtarget> ; # java/util/stream/MatchOps$$Lambda+0x000003ff300344d0
instanceKlass java/util/stream/MatchOps$BooleanTerminalSink
instanceKlass java/util/stream/MatchOps$MatchOp
instanceKlass java/util/stream/MatchOps
instanceKlass  @bci jdk/tools/jlink/internal/plugins/SystemModulesPlugin$ModuleInfo hasModulePackages ()Z 21 <appendix> argL0 ; # jdk/tools/jlink/internal/plugins/SystemModulesPlugin$ModuleInfo$$Lambda+0x000003ff300271b0
instanceKlass jdk/internal/classfile/attribute/ModuleHashesAttribute
instanceKlass jdk/internal/classfile/attribute/ModuleTargetAttribute
instanceKlass jdk/internal/classfile/attribute/ModulePackagesAttribute
instanceKlass jdk/internal/classfile/attribute/InnerClassesAttribute
instanceKlass jdk/internal/classfile/attribute/ModuleAttribute
instanceKlass jdk/internal/classfile/attribute/SourceFileAttribute
instanceKlass jdk/internal/classfile/Attribute
instanceKlass jdk/internal/classfile/Interfaces
instanceKlass jdk/internal/classfile/impl/ClassImpl$1
instanceKlass jdk/internal/classfile/ClassfileVersion
instanceKlass jdk/internal/classfile/AccessFlags
instanceKlass jdk/internal/classfile/FieldElement
instanceKlass jdk/internal/classfile/MethodElement
instanceKlass jdk/internal/classfile/CompoundElement$1
instanceKlass jdk/internal/classfile/impl/MethodInfo
instanceKlass jdk/internal/classfile/MethodModel
instanceKlass jdk/internal/classfile/FieldModel
instanceKlass jdk/internal/classfile/ClassElement
instanceKlass jdk/internal/classfile/impl/Options$1
instanceKlass jdk/internal/classfile/impl/ClassHierarchyImpl$CachedClassHierarchyResolver$1
instanceKlass jdk/internal/classfile/ClassHierarchyResolver$ClassHierarchyInfo
instanceKlass jdk/internal/classfile/impl/ClassHierarchyImpl$CachedClassHierarchyResolver
instanceKlass jdk/internal/classfile/impl/ClassHierarchyImpl$1
instanceKlass jdk/internal/classfile/ClassHierarchyResolver$1
instanceKlass jdk/internal/classfile/impl/ClassHierarchyImpl$ClassLoadingClassHierarchyResolver$1
instanceKlass jdk/internal/classfile/impl/ClassHierarchyImpl$ClassLoadingClassHierarchyResolver
instanceKlass jdk/internal/classfile/impl/ClassHierarchyImpl$ResourceParsingClassHierarchyResolver$1
instanceKlass jdk/internal/classfile/impl/ClassHierarchyImpl$ResourceParsingClassHierarchyResolver
instanceKlass jdk/internal/classfile/impl/ClassHierarchyImpl
instanceKlass jdk/internal/classfile/ClassHierarchyResolver
instanceKlass jdk/internal/classfile/impl/Options
instanceKlass jdk/internal/classfile/impl/ClassReaderImpl
instanceKlass jdk/internal/classfile/ClassReader
instanceKlass jdk/internal/classfile/constantpool/ConstantPool
instanceKlass jdk/internal/classfile/constantpool/Utf8Entry
instanceKlass jdk/internal/classfile/constantpool/AnnotationConstantValueEntry
instanceKlass jdk/internal/classfile/constantpool/PoolEntry
instanceKlass jdk/internal/classfile/WritableElement
instanceKlass jdk/internal/classfile/impl/AbstractPoolEntry
instanceKlass jdk/internal/classfile/impl/AbstractAttributeMapper
instanceKlass jdk/internal/classfile/Attributes
instanceKlass jdk/internal/classfile/AttributeMapper
instanceKlass jdk/internal/classfile/impl/AbstractElement
instanceKlass jdk/internal/classfile/ClassModel
instanceKlass jdk/internal/classfile/AttributedElement
instanceKlass jdk/internal/classfile/CompoundElement
instanceKlass jdk/internal/classfile/ClassfileElement
instanceKlass jdk/internal/classfile/Classfile
instanceKlass jdk/internal/classfile/Classfile$Option
instanceKlass jdk/tools/jlink/internal/plugins/SystemModulesPlugin$ModuleInfo
instanceKlass  @bci jdk/tools/jlink/internal/ResourcePoolManager$ResourcePoolModuleImpl packages ()Ljava/util/Set; 33 <appendix> member <vmtarget> ; # jdk/tools/jlink/internal/ResourcePoolManager$ResourcePoolModuleImpl$$Lambda+0x000003ff30026d08
instanceKlass  @bci jdk/tools/jlink/internal/ResourcePoolManager$ResourcePoolModuleImpl packages ()Ljava/util/Set; 22 <appendix> argL0 ; # jdk/tools/jlink/internal/ResourcePoolManager$ResourcePoolModuleImpl$$Lambda+0x000003ff30026ab8
instanceKlass  @bci jdk/tools/jlink/internal/plugins/SystemModulesPlugin lambda$transformModuleInfos$3 (Ljava/util/List;Ljdk/tools/jlink/plugin/ResourcePoolBuilder;Ljdk/tools/jlink/plugin/ResourcePoolModule;)V 10 <appendix> member <vmtarget> ; # jdk/tools/jlink/internal/plugins/SystemModulesPlugin$$Lambda+0x000003ff30026890
instanceKlass  @bci jdk/tools/jlink/internal/plugins/SystemModulesPlugin transformModuleInfos (Ljdk/tools/jlink/plugin/ResourcePool;Ljdk/tools/jlink/plugin/ResourcePoolBuilder;)Ljava/util/List; 26 <appendix> member <vmtarget> ; # jdk/tools/jlink/internal/plugins/SystemModulesPlugin$$Lambda+0x000003ff30026658
instanceKlass  @bci jdk/tools/jlink/internal/ModuleSorter visit (Ljdk/tools/jlink/plugin/ResourcePoolModule;Ljava/util/Set;Ljava/util/Set;)V 75 <appendix> member <vmtarget> ; # jdk/tools/jlink/internal/ModuleSorter$$Lambda+0x000003ff30026420
instanceKlass  @bci jdk/tools/jlink/internal/ModuleSorter build ()V 71 <appendix> member <vmtarget> ; # jdk/tools/jlink/internal/ModuleSorter$$Lambda+0x000003ff300261e8
instanceKlass  @bci jdk/tools/jlink/internal/ModuleSorter build ()V 55 <appendix> argL0 ; # jdk/tools/jlink/internal/ModuleSorter$$Lambda+0x000003ff30025fa8
instanceKlass  @bci jdk/tools/jlink/internal/ModuleSorter addModule (Ljdk/tools/jlink/plugin/ResourcePoolModule;)Ljdk/tools/jlink/internal/ModuleSorter; 33 <appendix> member <vmtarget> ; # jdk/tools/jlink/internal/ModuleSorter$$Lambda+0x000003ff30025d70
instanceKlass  @bci java/util/Comparator comparing (Ljava/util/function/Function;)Ljava/util/Comparator; 6 <appendix> member <vmtarget> ; # java/util/Comparator$$Lambda+0x000003ff30072660
instanceKlass  @cpi java/util/Comparator 259 form vmentry <vmtarget> ; # java/lang/invoke/LambdaForm$DMH+0x000003ff30028400
instanceKlass  @bci jdk/tools/jlink/internal/ModuleSorter addModule (Ljdk/tools/jlink/plugin/ResourcePoolModule;)Ljdk/tools/jlink/internal/ModuleSorter; 18 <appendix> argL0 ; # jdk/tools/jlink/internal/ModuleSorter$$Lambda+0x000003ff30025b30
instanceKlass jdk/internal/module/ModuleInfo$DataInputWrapper
instanceKlass  @bci jdk/tools/jlink/internal/ModuleSorter readModuleDescriptor (Ljdk/tools/jlink/plugin/ResourcePoolModule;)Ljava/lang/module/ModuleDescriptor; 20 <appendix> member <vmtarget> ; # jdk/tools/jlink/internal/ModuleSorter$$Lambda+0x000003ff30025908
instanceKlass  @bci jdk/tools/jlink/internal/ModuleSorter readModuleDescriptor (Ljdk/tools/jlink/plugin/ResourcePoolModule;)Ljava/lang/module/ModuleDescriptor; 6 <appendix> form vmentry <vmtarget> ; # java/lang/invoke/LambdaForm$MH+0x000003ff30028000
# instanceKlass java/lang/invoke/LambdaForm$MH+0x000003ff30023c00
instanceKlass  @bci jdk/tools/jlink/internal/ModuleSorter readModuleDescriptor (Ljdk/tools/jlink/plugin/ResourcePoolModule;)Ljava/lang/module/ModuleDescriptor; 6 <appendix> argL3 form vmentry <vmtarget> ; # java/lang/invoke/LambdaForm$MH+0x000003ff30023800
# instanceKlass java/lang/invoke/LambdaForm$MH+0x000003ff30023400
instanceKlass  @bci jdk/tools/jlink/internal/ModuleSorter readModuleDescriptor (Ljdk/tools/jlink/plugin/ResourcePoolModule;)Ljava/lang/module/ModuleDescriptor; 6 <appendix> argL2 form vmentry <vmtarget> ; # java/lang/invoke/LambdaForm$MH+0x000003ff30023000
# instanceKlass java/lang/invoke/LambdaForm$MH+0x000003ff30022c00
# instanceKlass java/lang/invoke/LambdaForm$MH+0x000003ff30022800
instanceKlass  @bci jdk/tools/jlink/internal/ModuleSorter addNode (Ljdk/tools/jlink/plugin/ResourcePoolModule;)V 5 <appendix> argL0 ; # jdk/tools/jlink/internal/ModuleSorter$$Lambda+0x000003ff300256c8
instanceKlass  @bci jdk/tools/jlink/internal/ModuleSorter <init> (Ljdk/tools/jlink/plugin/ResourcePoolModuleView;)V 38 <appendix> member <vmtarget> ; # jdk/tools/jlink/internal/ModuleSorter$$Lambda+0x000003ff30025490
instanceKlass jdk/tools/jlink/internal/ModuleSorter
instanceKlass  @bci jdk/tools/jlink/plugin/ResourcePool transformAndCopy (Ljava/util/function/Function;Ljdk/tools/jlink/plugin/ResourcePoolBuilder;)V 8 <appendix> member <vmtarget> ; # jdk/tools/jlink/plugin/ResourcePool$$Lambda+0x000003ff30024d88
instanceKlass  @bci jdk/tools/jlink/internal/plugins/ExcludeJmodSectionPlugin transform (Ljdk/tools/jlink/plugin/ResourcePool;Ljdk/tools/jlink/plugin/ResourcePoolBuilder;)Ljdk/tools/jlink/plugin/ResourcePool; 2 <appendix> member <vmtarget> ; # jdk/tools/jlink/internal/plugins/ExcludeJmodSectionPlugin$$Lambda+0x000003ff30024b40
instanceKlass  @bci jdk/tools/jlink/internal/ImagePluginStack visitResources (Ljdk/tools/jlink/internal/ResourcePoolManager;)Ljdk/tools/jlink/plugin/ResourcePool; 62 <appendix> member <vmtarget> ; # jdk/tools/jlink/internal/ImagePluginStack$$Lambda+0x000003ff30024908
instanceKlass  @bci jdk/tools/jlink/internal/ImagePluginStack$PreVisitStrings getSortedStrings ()Ljava/util/List; 42 <appendix> argL0 ; # jdk/tools/jlink/internal/ImagePluginStack$PreVisitStrings$$Lambda+0x000003ff300246c8
instanceKlass  @bci jdk/tools/jlink/internal/ImagePluginStack$PreVisitStrings getSortedStrings ()Ljava/util/List; 32 <appendix> argL0 ; # jdk/tools/jlink/internal/ImagePluginStack$PreVisitStrings$$Lambda+0x000003ff30024478
instanceKlass  @bci java/util/Comparator comparing (Ljava/util/function/Function;Ljava/util/Comparator;)Ljava/util/Comparator; 12 <appendix> member <vmtarget> ; # java/util/Comparator$$Lambda+0x000003ff30071a38
instanceKlass  @bci java/lang/invoke/BootstrapMethodInvoker invoke (Ljava/lang/Class;Ljava/lang/invoke/MethodHandle;Ljava/lang/String;Ljava/lang/Object;Ljava/lang/Object;Ljava/lang/Class;)Ljava/lang/Object; 462 <adapter> ; # java/lang/invoke/LambdaForm$MH+0x000003ff30022400
instanceKlass  @cpi java/util/Comparator 256 form vmentry <vmtarget> ; # java/lang/invoke/LambdaForm$DMH+0x000003ff30022000
instanceKlass java/util/Collections$ReverseComparator
instanceKlass  @bci jdk/tools/jlink/internal/ImagePluginStack$PreVisitStrings getSortedStrings ()Ljava/util/List; 16 <appendix> argL0 ; # jdk/tools/jlink/internal/ImagePluginStack$PreVisitStrings$$Lambda+0x000003ff30024238
instanceKlass  @bci jdk/tools/jlink/internal/ImagePluginStack visitResources (Ljdk/tools/jlink/internal/ResourcePoolManager;)Ljdk/tools/jlink/plugin/ResourcePool; 45 <appendix> member <vmtarget> ; # jdk/tools/jlink/internal/ImagePluginStack$$Lambda+0x000003ff30024000
instanceKlass jdk/tools/jlink/internal/ImagePluginStack$PreVisitStrings
instanceKlass sun/nio/fs/UnixChannelFactory$1
instanceKlass jdk/tools/jlink/internal/ResourcePoolManager$ResourcePoolModuleImpl
instanceKlass jdk/tools/jlink/plugin/ResourcePoolModule
instanceKlass jdk/tools/jlink/internal/ArchiveEntryResourcePoolEntry$1
instanceKlass  @bci jdk/tools/jlink/internal/ImageFileCreator lambda$createPoolManager$6 (Ljava/util/Map;Ljava/lang/String;)Ljava/util/stream/Stream; 16 <appendix> member <vmtarget> ; # jdk/tools/jlink/internal/ImageFileCreator$$Lambda+0x000003ff3001b428
instanceKlass  @bci jdk/tools/jlink/internal/ImageFileCreator createPoolManager (Ljava/util/Set;Ljava/util/Map;Ljava/nio/ByteOrder;Ljdk/tools/jlink/internal/BasicImageWriter;)Ljdk/tools/jlink/internal/ResourcePoolManager; 57 <appendix> member <vmtarget> ; # jdk/tools/jlink/internal/ImageFileCreator$$Lambda+0x000003ff3001b1f0
instanceKlass jdk/tools/jlink/internal/AbstractResourcePoolEntry
instanceKlass jdk/tools/jlink/plugin/ResourcePoolEntry
instanceKlass  @bci jdk/tools/jlink/internal/ImageFileCreator createPoolManager (Ljava/util/Set;Ljava/util/Map;Ljava/nio/ByteOrder;Ljdk/tools/jlink/internal/BasicImageWriter;)Ljdk/tools/jlink/internal/ResourcePoolManager; 40 <appendix> member <vmtarget> ; # jdk/tools/jlink/internal/ImageFileCreator$$Lambda+0x000003ff3001a858
instanceKlass  @bci jdk/tools/jlink/internal/ImageFileCreator createPoolManager (Ljava/util/Set;Ljava/util/Map;Ljava/nio/ByteOrder;Ljdk/tools/jlink/internal/BasicImageWriter;)Ljdk/tools/jlink/internal/ResourcePoolManager; 24 <appendix> argL0 ; # jdk/tools/jlink/internal/ImageFileCreator$$Lambda+0x000003ff3001a618
instanceKlass jdk/tools/jlink/internal/ResourcePoolManager$ResourcePoolModuleViewImpl
instanceKlass jdk/tools/jlink/internal/ResourcePoolManager$ResourcePoolBuilderImpl
instanceKlass jdk/tools/jlink/internal/ResourcePoolManager$ResourcePoolImpl
instanceKlass jdk/tools/jlink/internal/ImageFileCreator$1
instanceKlass jdk/tools/jlink/plugin/ResourcePoolModuleView
instanceKlass jdk/internal/jimage/ImageStream
instanceKlass jdk/tools/jlink/internal/ImageStringsWriter
instanceKlass jdk/tools/jlink/internal/BasicImageWriter
instanceKlass  @bci jdk/tools/jlink/internal/JmodArchive toEntry (Ljdk/internal/jmod/JmodFile$Entry;)Ljdk/tools/jlink/internal/Archive$Entry; 51 <appendix> form vmentry <vmtarget> ; # java/lang/invoke/LambdaForm$MH+0x000003ff30021c00
# instanceKlass java/lang/invoke/LambdaForm$MH+0x000003ff30021800
instanceKlass  @bci jdk/tools/jlink/internal/JmodArchive toEntry (Ljdk/internal/jmod/JmodFile$Entry;)Ljdk/tools/jlink/internal/Archive$Entry; 51 <appendix> argL3 form vmentry <vmtarget> ; # java/lang/invoke/LambdaForm$MH+0x000003ff30021400
# instanceKlass java/lang/invoke/LambdaForm$MH+0x000003ff30021000
# instanceKlass java/lang/invoke/LambdaForm$MH+0x000003ff30020c00
# instanceKlass java/lang/invoke/LambdaForm$MH+0x000003ff30020800
# instanceKlass java/lang/invoke/LambdaForm$MH+0x000003ff30020400
instanceKlass  @bci jdk/tools/jlink/internal/JmodArchive toEntry (Ljdk/internal/jmod/JmodFile$Entry;)Ljdk/tools/jlink/internal/Archive$Entry; 51 <appendix> argL1 form vmentry <vmtarget> ; # java/lang/invoke/LambdaForm$MH+0x000003ff30020000
# instanceKlass java/lang/invoke/LambdaForm$MH+0x000003ff3001fc00
# instanceKlass java/lang/invoke/LambdaForm$MH+0x000003ff3001f800
# instanceKlass java/lang/invoke/LambdaForm$MH+0x000003ff3001f400
instanceKlass  @bci jdk/tools/jlink/internal/ImageResourcesTree$Node buildPath (Ljdk/tools/jlink/internal/ImageResourcesTree$Node;)Ljava/lang/String; 28 <appendix> form vmentry <vmtarget> ; # java/lang/invoke/LambdaForm$MH+0x000003ff3001f000
instanceKlass java/util/TreeMap$PrivateEntryIterator
instanceKlass java/util/TreeMap$Entry
instanceKlass java/lang/invoke/LambdaFormEditor$1
instanceKlass java/util/NavigableMap
instanceKlass java/util/SortedMap
# instanceKlass java/lang/invoke/LambdaForm$MH+0x000003ff3001ec00
instanceKlass  @bci jdk/tools/jlink/internal/ImageResourcesTree$Node buildPath (Ljdk/tools/jlink/internal/ImageResourcesTree$Node;)Ljava/lang/String; 28 <appendix> argL3 form vmentry <vmtarget> ; # java/lang/invoke/LambdaForm$MH+0x000003ff3001e800
instanceKlass java/lang/invoke/MethodHandles$1
# instanceKlass java/lang/invoke/LambdaForm$MH+0x000003ff3001e400
# instanceKlass java/lang/invoke/LambdaForm$MH+0x000003ff3001e000
# instanceKlass java/lang/invoke/LambdaForm$MH+0x000003ff3001dc00
# instanceKlass java/lang/invoke/LambdaForm$MH+0x000003ff3001d800
instanceKlass  @bci jdk/tools/jlink/internal/ImageResourcesTree$Node buildPath (Ljdk/tools/jlink/internal/ImageResourcesTree$Node;)Ljava/lang/String; 28 <appendix> argL1 form vmentry <vmtarget> ; # java/lang/invoke/LambdaForm$MH+0x000003ff3001d400
# instanceKlass java/lang/invoke/LambdaForm$MH+0x000003ff3001d000
instanceKlass  @bci jdk/tools/jlink/internal/ImageResourcesTree$Node buildPath (Ljdk/tools/jlink/internal/ImageResourcesTree$Node;)Ljava/lang/String; 28 <appendix> argL1 argL0 form vmentry <vmtarget> ; # java/lang/invoke/LambdaForm$MH+0x000003ff3001cc00
# instanceKlass java/lang/invoke/LambdaForm$MH+0x000003ff3001c800
# instanceKlass java/lang/invoke/LambdaForm$MH+0x000003ff3001c400
# instanceKlass java/lang/invoke/LambdaForm$MH+0x000003ff3001c000
instanceKlass jdk/tools/jlink/internal/JmodArchive$1
instanceKlass  @bci java/util/stream/Collectors partitioningBy (Ljava/util/function/Predicate;Ljava/util/stream/Collector;)Ljava/util/stream/Collector; 33 <appendix> member <vmtarget> ; # java/util/stream/Collectors$$Lambda+0x800000046
instanceKlass  @bci java/util/stream/Collectors partitioningBy (Ljava/util/function/Predicate;Ljava/util/stream/Collector;)Ljava/util/stream/Collector; 25 <appendix> member <vmtarget> ; # java/util/stream/Collectors$$Lambda+0x800000043
instanceKlass  @bci java/util/stream/Collectors partitioningBy (Ljava/util/function/Predicate;Ljava/util/stream/Collector;)Ljava/util/stream/Collector; 9 <appendix> member <vmtarget> ; # java/util/stream/Collectors$$Lambda+0x80000003e
instanceKlass  @bci java/util/stream/Collectors toList ()Ljava/util/stream/Collector; 14 <appendix> argL0 ; # java/util/stream/Collectors$$Lambda+0x000003ff30070928
instanceKlass  @bci java/util/stream/Collectors toList ()Ljava/util/stream/Collector; 9 <appendix> argL0 ; # java/util/stream/Collectors$$Lambda+0x000003ff300706f8
instanceKlass  @bci java/util/stream/Collectors toList ()Ljava/util/stream/Collector; 4 <appendix> argL0 ; # java/util/stream/Collectors$$Lambda+0x000003ff300704d8
instanceKlass  @bci jdk/tools/jlink/internal/ImageFileCreator lambda$readAllEntries$1 (Ljdk/tools/jlink/internal/Archive;)V 8 <appendix> argL0 ; # jdk/tools/jlink/internal/ImageFileCreator$$Lambda+0x000003ff30018d68
instanceKlass  @bci jdk/tools/jlink/internal/JmodArchive entries ()Ljava/util/stream/Stream; 12 <appendix> member <vmtarget> ; # jdk/tools/jlink/internal/JmodArchive$$Lambda+0x000003ff30018b20
instanceKlass sun/invoke/util/VerifyAccess$1
instanceKlass  @bci jdk/tools/jlink/internal/ImageFileCreator readAllEntries (Ljava/util/Set;)V 2 <appendix> member <vmtarget> ; # jdk/tools/jlink/internal/ImageFileCreator$$Lambda+0x000003ff300188e8
instanceKlass jdk/tools/jlink/internal/ImageFileCreator
instanceKlass  @bci jdk/tools/jlink/internal/ImagePluginStack <init> (Ljdk/tools/jlink/builder/ImageBuilder;Ljava/util/List;Ljdk/tools/jlink/plugin/Plugin;Z)V 61 <appendix> member <vmtarget> ; # jdk/tools/jlink/internal/ImagePluginStack$$Lambda+0x000003ff300184a0
instanceKlass jdk/tools/jlink/internal/ImagePluginStack
instanceKlass  @bci jdk/tools/jlink/internal/ImagePluginConfiguration parseConfiguration (Ljdk/tools/jlink/internal/Jlink$PluginsConfiguration;)Ljdk/tools/jlink/internal/ImagePluginStack; 229 <appendix> member <vmtarget> ; # jdk/tools/jlink/internal/ImagePluginConfiguration$$Lambda+0x000003ff30017c78
instanceKlass  @cpi java/lang/invoke/GenerateJLIClassesHelper$HolderClassBuilder 350 form vmentry <vmtarget> ; # java/lang/invoke/LambdaForm$DMH+0x000003ff30015c00
instanceKlass jdk/tools/jlink/internal/ImagePluginConfiguration
instanceKlass jdk/tools/jlink/internal/Jlink$PluginsConfiguration
instanceKlass java/nio/file/Path$1
instanceKlass jdk/tools/jlink/builder/DefaultImageBuilder
instanceKlass jdk/tools/jlink/internal/Archive$Entry
instanceKlass jdk/tools/jlink/internal/JmodArchive
instanceKlass  @bci jdk/tools/jlink/internal/JlinkTask$ImageHelper <init> (Ljava/lang/module/Configuration;Ljava/util/Map;Ljava/nio/ByteOrder;Ljava/nio/file/Path;Z)V 93 <appendix> member <vmtarget> ; # jdk/tools/jlink/internal/JlinkTask$ImageHelper$$Lambda+0x000003ff30016900
instanceKlass  @bci jdk/tools/jlink/internal/JlinkTask$ImageHelper <init> (Ljava/lang/module/Configuration;Ljava/util/Map;Ljava/nio/ByteOrder;Ljava/nio/file/Path;Z)V 60 <appendix> argL0 ; # jdk/tools/jlink/internal/JlinkTask$ImageHelper$$Lambda+0x000003ff300166c0
instanceKlass  @bci jdk/tools/jlink/internal/JlinkTask$ImageHelper <init> (Ljava/lang/module/Configuration;Ljava/util/Map;Ljava/nio/ByteOrder;Ljava/nio/file/Path;Z)V 52 <appendix> argL0 ; # jdk/tools/jlink/internal/JlinkTask$ImageHelper$$Lambda+0x000003ff30016480
instanceKlass  @bci jdk/tools/jlink/internal/JlinkTask$ImageHelper <init> (Ljava/lang/module/Configuration;Ljava/util/Map;Ljava/nio/ByteOrder;Ljava/nio/file/Path;Z)V 44 <appendix> argL0 ; # jdk/tools/jlink/internal/JlinkTask$ImageHelper$$Lambda+0x000003ff30016240
instanceKlass  @bci jdk/tools/jlink/internal/JlinkTask$ImageHelper <init> (Ljava/lang/module/Configuration;Ljava/util/Map;Ljava/nio/ByteOrder;Ljava/nio/file/Path;Z)V 36 <appendix> argL0 ; # jdk/tools/jlink/internal/JlinkTask$ImageHelper$$Lambda+0x000003ff30016000
instanceKlass  @bci jdk/tools/jlink/internal/JlinkTask$ImageHelper <init> (Ljava/lang/module/Configuration;Ljava/util/Map;Ljava/nio/ByteOrder;Ljava/nio/file/Path;Z)V 28 <appendix> argL0 ; # jdk/tools/jlink/internal/JlinkTask$ImageHelper$$Lambda+0x000003ff30013b98
instanceKlass jdk/tools/jlink/internal/Archive
instanceKlass jdk/tools/jlink/internal/JlinkTask$ImageHelper
instanceKlass  @bci jdk/tools/jlink/internal/JlinkTask createImageProvider (Ljdk/tools/jlink/internal/Jlink$JlinkConfiguration;Ljava/nio/file/Path;ZZZLjava/io/PrintWriter;)Ljdk/tools/jlink/internal/ImagePluginStack$ImageProvider; 284 <appendix> argL0 ; # jdk/tools/jlink/internal/JlinkTask$$Lambda+0x000003ff30013528
instanceKlass  @bci jdk/tools/jlink/internal/JlinkTask createImageProvider (Ljdk/tools/jlink/internal/Jlink$JlinkConfiguration;Ljava/nio/file/Path;ZZZLjava/io/PrintWriter;)Ljdk/tools/jlink/internal/ImagePluginStack$ImageProvider; 279 <appendix> argL0 ; # jdk/tools/jlink/internal/JlinkTask$$Lambda+0x000003ff300132e8
instanceKlass  @bci java/util/stream/Collectors joining (Ljava/lang/CharSequence;Ljava/lang/CharSequence;Ljava/lang/CharSequence;)Ljava/util/stream/Collector; 22 <appendix> argL0 ; # java/util/stream/Collectors$$Lambda+0x800000042
instanceKlass  @bci java/util/stream/Collectors joining (Ljava/lang/CharSequence;Ljava/lang/CharSequence;Ljava/lang/CharSequence;)Ljava/util/stream/Collector; 17 <appendix> argL0 ; # java/util/stream/Collectors$$Lambda+0x800000040
instanceKlass  @bci java/util/stream/Collectors joining (Ljava/lang/CharSequence;Ljava/lang/CharSequence;Ljava/lang/CharSequence;)Ljava/util/stream/Collector; 12 <appendix> argL0 ; # java/util/stream/Collectors$$Lambda+0x80000003d
instanceKlass  @bci java/util/stream/Collectors joining (Ljava/lang/CharSequence;Ljava/lang/CharSequence;Ljava/lang/CharSequence;)Ljava/util/stream/Collector; 7 <appendix> member <vmtarget> ; # java/util/stream/Collectors$$Lambda+0x800000045
instanceKlass java/util/StringJoiner
instanceKlass  @bci jdk/tools/jlink/internal/JlinkTask createImageProvider (Ljdk/tools/jlink/internal/Jlink$JlinkConfiguration;Ljava/nio/file/Path;ZZZLjava/io/PrintWriter;)Ljdk/tools/jlink/internal/ImagePluginStack$ImageProvider; 220 <appendix> argL0 ; # jdk/tools/jlink/internal/JlinkTask$$Lambda+0x000003ff300130a8
instanceKlass  @bci jdk/tools/jlink/internal/JlinkTask createImageProvider (Ljdk/tools/jlink/internal/Jlink$JlinkConfiguration;Ljava/nio/file/Path;ZZZLjava/io/PrintWriter;)Ljdk/tools/jlink/internal/ImagePluginStack$ImageProvider; 210 <appendix> argL0 ; # jdk/tools/jlink/internal/JlinkTask$$Lambda+0x000003ff30012e68
instanceKlass  @bci jdk/tools/jlink/internal/JlinkTask createImageProvider (Ljdk/tools/jlink/internal/Jlink$JlinkConfiguration;Ljava/nio/file/Path;ZZZLjava/io/PrintWriter;)Ljdk/tools/jlink/internal/ImagePluginStack$ImageProvider; 200 <appendix> argL0 ; # jdk/tools/jlink/internal/JlinkTask$$Lambda+0x000003ff30012c18
instanceKlass  @bci jdk/tools/jlink/internal/JlinkTask createImageProvider (Ljdk/tools/jlink/internal/Jlink$JlinkConfiguration;Ljava/nio/file/Path;ZZZLjava/io/PrintWriter;)Ljdk/tools/jlink/internal/ImagePluginStack$ImageProvider; 190 <appendix> argL0 ; # jdk/tools/jlink/internal/JlinkTask$$Lambda+0x000003ff300129d8
instanceKlass  @bci jdk/tools/jlink/internal/JlinkTask createImageProvider (Ljdk/tools/jlink/internal/Jlink$JlinkConfiguration;Ljava/nio/file/Path;ZZZLjava/io/PrintWriter;)Ljdk/tools/jlink/internal/ImagePluginStack$ImageProvider; 52 <appendix> argL0 ; # jdk/tools/jlink/internal/JlinkTask$$Lambda+0x000003ff300127a8
instanceKlass  @cpi jdk/tools/jlink/internal/ResourcePoolConfiguration 282 form vmentry <vmtarget> ; # java/lang/invoke/LambdaForm$DMH+0x000003ff30015800
instanceKlass  @bci jdk/tools/jlink/internal/JlinkTask createImageProvider (Ljdk/tools/jlink/internal/Jlink$JlinkConfiguration;Ljava/nio/file/Path;ZZZLjava/io/PrintWriter;)Ljdk/tools/jlink/internal/ImagePluginStack$ImageProvider; 37 <appendix> argL0 ; # jdk/tools/jlink/internal/JlinkTask$$Lambda+0x000003ff30012558
instanceKlass  @bci jdk/tools/jlink/internal/JlinkTask createImageProvider (Ljdk/tools/jlink/internal/Jlink$JlinkConfiguration;Ljava/nio/file/Path;ZZZLjava/io/PrintWriter;)Ljdk/tools/jlink/internal/ImagePluginStack$ImageProvider; 27 <appendix> argL0 ; # jdk/tools/jlink/internal/JlinkTask$$Lambda+0x000003ff30012318
instanceKlass  @bci java/lang/module/Resolver lambda$makeGraph$7 (Ljava/lang/module/Configuration;)Ljava/util/stream/Stream; 10 <appendix> member <vmtarget> ; # java/lang/module/Resolver$$Lambda+0x000003ff3006f380
instanceKlass  @bci java/util/stream/Collectors groupingBy (Ljava/util/function/Function;Ljava/util/function/Supplier;Ljava/util/stream/Collector;)Ljava/util/stream/Collector; 19 <appendix> member <vmtarget> ; # java/util/stream/Collectors$$Lambda+0x000003ff3006f148
instanceKlass  @bci java/util/stream/Collectors mapping (Ljava/util/function/Function;Ljava/util/stream/Collector;)Ljava/util/stream/Collector; 19 <appendix> member <vmtarget> ; # java/util/stream/Collectors$$Lambda+0x000003ff3006ef10
instanceKlass  @bci java/lang/module/Resolver makeGraph (Ljava/lang/module/Configuration;)Ljava/util/Map; 74 <appendix> argL0 ; # java/lang/module/Resolver$$Lambda+0x000003ff3006ecd0
instanceKlass  @bci java/lang/module/Resolver makeGraph (Ljava/lang/module/Configuration;)Ljava/util/Map; 69 <appendix> argL0 ; # java/lang/module/Resolver$$Lambda+0x000003ff3006eab0
instanceKlass  @bci java/lang/module/Resolver makeGraph (Ljava/lang/module/Configuration;)Ljava/util/Map; 64 <appendix> argL0 ; # java/lang/module/Resolver$$Lambda+0x000003ff3006e870
instanceKlass  @bci java/lang/module/Resolver makeGraph (Ljava/lang/module/Configuration;)Ljava/util/Map; 54 <appendix> argL0 ; # java/lang/module/Resolver$$Lambda+0x000003ff3006e630
instanceKlass  @bci java/lang/module/Resolver makeGraph (Ljava/lang/module/Configuration;)Ljava/util/Map; 39 <appendix> argL0 ; # java/lang/module/Resolver$$Lambda+0x000003ff3006e3f0
instanceKlass java/util/ArrayList$ArrayListSpliterator
instanceKlass sun/security/provider/ByteArrayAccess$BE
instanceKlass sun/security/provider/ByteArrayAccess
instanceKlass java/nio/charset/StandardCharsets
instanceKlass  @bci jdk/internal/module/ModuleHashes computeHash (Ljava/lang/module/ModuleReader;Ljava/lang/String;)[B 41 <appendix> member <vmtarget> ; # jdk/internal/module/ModuleHashes$$Lambda+0x000003ff3006d820
instanceKlass java/util/stream/SortedOps
instanceKlass  @bci java/util/stream/Collectors uniqKeysMapMerger ()Ljava/util/function/BinaryOperator; 0 <appendix> argL0 ; # java/util/stream/Collectors$$Lambda+0x000003ff3006c818
instanceKlass  @bci java/util/stream/Collectors uniqKeysMapAccumulator (Ljava/util/function/Function;Ljava/util/function/Function;)Ljava/util/function/BiConsumer; 2 <appendix> member <vmtarget> ; # java/util/stream/Collectors$$Lambda+0x000003ff3006c5e0
instanceKlass  @bci java/util/stream/Collectors toMap (Ljava/util/function/Function;Ljava/util/function/Function;)Ljava/util/stream/Collector; 4 <appendix> argL0 ; # java/util/stream/Collectors$$Lambda+0x000003ff3006c3c0
instanceKlass  @bci java/util/function/Function identity ()Ljava/util/function/Function; 0 <appendix> argL0 ; # java/util/function/Function$$Lambda+0x000003ff3006c180
instanceKlass  @bci jdk/internal/jmod/JmodFile$Entry <clinit> ()V 6 <appendix> argL0 ; # jdk/internal/jmod/JmodFile$Entry$$Lambda+0x000003ff3006bf40
instanceKlass java/util/stream/AbstractSpinedBuffer
instanceKlass java/util/stream/Node$Builder
instanceKlass java/util/stream/Node$OfDouble
instanceKlass java/util/stream/Node$OfLong
instanceKlass java/util/stream/Node$OfInt
instanceKlass java/util/stream/Node$OfPrimitive
instanceKlass java/util/stream/Nodes$EmptyNode
instanceKlass java/util/stream/Node
instanceKlass java/util/stream/Nodes
instanceKlass  @bci java/util/stream/ReferencePipeline toArray ()[Ljava/lang/Object; 1 <appendix> argL0 ; # java/util/stream/ReferencePipeline$$Lambda+0x000003ff3006b460
instanceKlass java/util/ImmutableCollections$Access$1
instanceKlass jdk/internal/access/JavaUtilCollectionAccess
instanceKlass java/util/ImmutableCollections$Access
instanceKlass  @bci jdk/internal/module/ModuleReferences$JModModuleReader implList ()Ljava/util/stream/Stream; 17 <appendix> argL0 ; # jdk/internal/module/ModuleReferences$JModModuleReader$$Lambda+0x000003ff3006abe0
instanceKlass  @bci jdk/internal/module/ModuleReferences$JModModuleReader implList ()Ljava/util/stream/Stream; 7 <appendix> argL0 ; # jdk/internal/module/ModuleReferences$JModModuleReader$$Lambda+0x000003ff3006a990
instanceKlass  @bci jdk/internal/jmod/JmodFile stream ()Ljava/util/stream/Stream; 7 <appendix> argL0 ; # jdk/internal/jmod/JmodFile$$Lambda+0x000003ff3006a750
instanceKlass jdk/internal/jmod/JmodFile$Entry
instanceKlass  @bci java/util/zip/ZipFile stream ()Ljava/util/stream/Stream; 25 <appendix> member <vmtarget> ; # java/util/zip/ZipFile$$Lambda+0x000003ff3006a528
instanceKlass java/util/function/IntFunction
instanceKlass java/util/Spliterators$AbstractSpliterator
instanceKlass sun/security/util/MessageDigestSpi2
instanceKlass sun/security/jca/GetInstance$Instance
instanceKlass jdk/internal/event/Event
instanceKlass sun/security/util/SecurityProviderConstants
instanceKlass java/security/Provider$UString
instanceKlass java/security/Provider$Service
instanceKlass sun/security/provider/FileInputStreamPool
instanceKlass sun/security/provider/NativePRNG$RandomIO
instanceKlass sun/security/provider/NativePRNG$1
instanceKlass java/security/SecureRandomSpi
instanceKlass sun/security/provider/SunEntries$1
instanceKlass sun/security/provider/SunEntries
instanceKlass sun/security/jca/ProviderList$2
instanceKlass jdk/internal/math/FloatingDecimal$ASCIIToBinaryBuffer
instanceKlass jdk/internal/math/FloatingDecimal$PreparedASCIIToBinaryBuffer
instanceKlass jdk/internal/math/FloatingDecimal$ASCIIToBinaryConverter
instanceKlass jdk/internal/math/FloatingDecimal$BinaryToASCIIBuffer
instanceKlass jdk/internal/math/FloatingDecimal$ExceptionalBinaryToASCIIBuffer
instanceKlass jdk/internal/math/FloatingDecimal$BinaryToASCIIConverter
instanceKlass jdk/internal/math/FloatingDecimal
instanceKlass javax/security/auth/login/Configuration$Parameters
instanceKlass java/security/Policy$Parameters
instanceKlass java/security/cert/CertStoreParameters
instanceKlass java/security/SecureRandomParameters
instanceKlass java/security/Provider$EngineDescription
instanceKlass java/security/Provider$ServiceKey
instanceKlass sun/security/jca/ProviderConfig
instanceKlass sun/security/jca/ProviderList
instanceKlass sun/security/jca/Providers
instanceKlass sun/security/jca/GetInstance
instanceKlass sun/security/util/CryptoAlgorithmConstraints$CryptoHolder
instanceKlass sun/security/util/AbstractAlgorithmConstraints
instanceKlass java/security/AlgorithmConstraints
instanceKlass java/security/MessageDigestSpi
instanceKlass jdk/internal/module/ModuleReferences$SafeCloseModuleReader
instanceKlass jdk/tools/jlink/internal/Jlink$JlinkConfiguration
instanceKlass java/util/regex/IntHashSet
instanceKlass java/util/regex/Matcher
instanceKlass java/util/regex/MatchResult
instanceKlass  @bci java/util/regex/Pattern union (Ljava/util/regex/Pattern$CharPredicate;Ljava/util/regex/Pattern$CharPredicate;Z)Ljava/util/regex/Pattern$CharPredicate; 6 <appendix> member <vmtarget> ; # java/util/regex/Pattern$$Lambda+0x800000031
instanceKlass  @bci java/util/regex/Pattern Single (I)Ljava/util/regex/Pattern$BmpCharPredicate; 1 <appendix> member <vmtarget> ; # java/util/regex/Pattern$$Lambda+0x800000028
instanceKlass java/util/regex/Pattern$TreeInfo
instanceKlass  @bci java/util/regex/Pattern Range (II)Ljava/util/regex/Pattern$CharPredicate; 23 <appendix> member <vmtarget> ; # java/util/regex/Pattern$$Lambda+0x800000029
instanceKlass java/util/regex/Pattern$BitClass
instanceKlass java/util/regex/Pattern$BmpCharPredicate
instanceKlass java/util/regex/Pattern$CharPredicate
instanceKlass java/util/regex/ASCII
instanceKlass java/util/regex/Pattern$Node
instanceKlass java/util/regex/Pattern
instanceKlass java/lang/Runtime$VersionPattern
instanceKlass  @bci jdk/tools/jlink/internal/JlinkTask newModuleFinder (Ljava/util/List;Ljava/util/Set;Ljava/util/Set;)Ljava/lang/module/ModuleFinder; 102 <appendix> argL0 ; # jdk/tools/jlink/internal/JlinkTask$$Lambda+0x000003ff30011ee8
instanceKlass  @bci sun/nio/fs/UnixSecureDirectoryStream close ()V 27 <appendix> member <vmtarget> ; # sun/nio/fs/UnixSecureDirectoryStream$$Lambda+0x000003ff3005e200
instanceKlass  @bci java/lang/module/ModuleDescriptor$Builder provides (Ljava/lang/module/ModuleDescriptor$Provides;)Ljava/lang/module/ModuleDescriptor$Builder; 67 <appendix> member <vmtarget> ; # java/lang/module/ModuleDescriptor$Builder$$Lambda+0x000003ff3005dd30
instanceKlass  @cpi jdk/tools/jlink/internal/PerfectHashBuilder 274 form vmentry <vmtarget> ; # java/lang/invoke/LambdaForm$DMH+0x000003ff30015400
instanceKlass java/io/RandomAccessFile$1
instanceKlass  @bci jdk/internal/module/ModuleReferences newJModModule (Ljdk/internal/module/ModuleInfo$Attributes;Ljava/nio/file/Path;)Ljava/lang/module/ModuleReference; 16 <appendix> member <vmtarget> ; # jdk/internal/module/ModuleReferences$$Lambda+0x000003ff3005db08
instanceKlass  @bci jdk/internal/module/ModuleReferences newJModModule (Ljdk/internal/module/ModuleInfo$Attributes;Ljava/nio/file/Path;)Ljava/lang/module/ModuleReference; 9 <appendix> member <vmtarget> ; # jdk/internal/module/ModuleReferences$$Lambda+0x000003ff3005d8e0
instanceKlass sun/nio/fs/UnixUriUtils
instanceKlass jdk/internal/module/ModuleReferences
instanceKlass jdk/internal/module/ModuleInfo$Attributes
instanceKlass java/lang/module/ModuleDescriptor$Builder
instanceKlass jdk/internal/module/ModuleInfo$ConstantPool$Entry
instanceKlass jdk/internal/module/ModuleInfo$ConstantPool
instanceKlass java/lang/invoke/VarHandle$AccessDescriptor
instanceKlass java/lang/invoke/VarForm
instanceKlass java/lang/invoke/VarHandleGuards
instanceKlass java/lang/invoke/VarHandles
instanceKlass jdk/internal/util/ByteArray
instanceKlass jdk/internal/module/ModuleInfo$CountingDataInput
instanceKlass jdk/internal/module/ModuleInfo
instanceKlass  @bci jdk/internal/module/ModulePath readJMod (Ljava/nio/file/Path;)Ljava/lang/module/ModuleReference; 24 <appendix> member <vmtarget> ; # jdk/internal/module/ModulePath$$Lambda+0x000003ff3005c530
instanceKlass java/util/zip/ZipFile$InflaterCleanupAction
instanceKlass java/util/zip/Inflater$InflaterZStreamRef
instanceKlass java/util/zip/Inflater
instanceKlass java/util/zip/ZipEntry
instanceKlass java/util/zip/ZipFile$2
instanceKlass jdk/internal/perf/PerfCounter$CoreCounters
instanceKlass java/nio/file/attribute/FileTime
instanceKlass java/util/zip/ZipUtils
instanceKlass java/util/zip/ZipFile$Source$End
instanceKlass java/io/RandomAccessFile$2
instanceKlass jdk/internal/access/JavaIORandomAccessFileAccess
instanceKlass java/io/RandomAccessFile
instanceKlass java/io/DataInput
instanceKlass java/io/DataOutput
instanceKlass java/util/zip/ZipFile$Source$Key
instanceKlass java/util/jar/JavaUtilJarAccessImpl
instanceKlass jdk/internal/access/JavaUtilJarAccess
instanceKlass java/util/zip/ZipFile$Source
instanceKlass java/util/zip/ZipCoder
instanceKlass java/util/zip/ZipFile$CleanableResource
instanceKlass java/util/zip/ZipFile$1
instanceKlass jdk/internal/access/JavaUtilZipFileAccess
instanceKlass java/util/zip/ZipFile
instanceKlass java/util/zip/ZipConstants
instanceKlass sun/nio/ch/Util$BufferCache
instanceKlass sun/nio/ch/Util
instanceKlass sun/nio/ch/IOStatus
instanceKlass sun/nio/ch/NativeThread
instanceKlass java/nio/channels/NetworkChannel
instanceKlass sun/nio/ch/SelChImpl
instanceKlass sun/nio/ch/Streams
instanceKlass java/nio/channels/Channels
instanceKlass sun/nio/ch/FileChannelImpl$Closer
instanceKlass sun/nio/ch/NativeThreadSet
instanceKlass sun/nio/ch/IOUtil
instanceKlass sun/nio/ch/NativeDispatcher
instanceKlass sun/nio/fs/UnixChannelFactory$Flags
instanceKlass sun/nio/fs/UnixChannelFactory
instanceKlass sun/nio/fs/UnixFileModeAttribute
instanceKlass jdk/internal/jmod/JmodFile
instanceKlass sun/nio/fs/UnixDirectoryStream$UnixDirectoryIterator
instanceKlass java/util/concurrent/locks/ReentrantReadWriteLock$WriteLock
instanceKlass java/util/concurrent/locks/ReentrantReadWriteLock$ReadLock
instanceKlass java/util/concurrent/locks/ReentrantReadWriteLock
instanceKlass java/util/concurrent/locks/ReadWriteLock
instanceKlass sun/nio/fs/UnixDirectoryStream
instanceKlass sun/nio/fs/UnixSecureDirectoryStream
instanceKlass java/nio/file/SecureDirectoryStream
instanceKlass java/nio/file/Files$AcceptAllFilter
instanceKlass jdk/internal/perf/Perf
instanceKlass jdk/internal/perf/Perf$GetPerfAction
instanceKlass jdk/internal/perf/PerfCounter
instanceKlass jdk/internal/module/ModulePath
instanceKlass java/lang/Runtime$Version
instanceKlass  @bci jdk/tools/jlink/internal/ImageResourcesTree$Tree toPackageName (Ljdk/tools/jlink/internal/ImageResourcesTree$Node;)Ljava/lang/String; 39 <appendix> form vmentry <vmtarget> ; # java/lang/invoke/LambdaForm$MH+0x000003ff30015000
instanceKlass  @bci jdk/tools/jlink/internal/TaskHelper$PluginsHelper <init> (Ljdk/tools/jlink/internal/TaskHelper;)V 180 <appendix> member <vmtarget> ; # jdk/tools/jlink/internal/TaskHelper$PluginsHelper$$Lambda+0x000003ff30011cc0
instanceKlass  @bci jdk/tools/jlink/internal/TaskHelper$PluginsHelper <init> (Ljdk/tools/jlink/internal/TaskHelper;)V 153 <appendix> member <vmtarget> ; # jdk/tools/jlink/internal/TaskHelper$PluginsHelper$$Lambda+0x000003ff30011a98
instanceKlass  @bci jdk/tools/jlink/internal/TaskHelper$PluginsHelper <init> (Ljdk/tools/jlink/internal/TaskHelper;)V 126 <appendix> member <vmtarget> ; # jdk/tools/jlink/internal/TaskHelper$PluginsHelper$$Lambda+0x000003ff30011870
instanceKlass  @cpi jdk/tools/jlink/internal/ModuleSorter 280 form vmentry <vmtarget> ; # java/lang/invoke/LambdaForm$DMH+0x000003ff30014c00
instanceKlass  @bci jdk/tools/jlink/internal/TaskHelper$PluginsHelper addOrderedPluginOptions (Ljdk/tools/jlink/plugin/Plugin;Ljava/util/Set;)V 127 <appendix> member <vmtarget> ; # jdk/tools/jlink/internal/TaskHelper$PluginsHelper$$Lambda+0x000003ff30011648
instanceKlass  @bci jdk/tools/jlink/internal/TaskHelper$PluginsHelper addOrderedPluginOptions (Ljdk/tools/jlink/plugin/Plugin;Ljava/util/Set;)V 247 <appendix> member <vmtarget> ; # jdk/tools/jlink/internal/TaskHelper$PluginsHelper$$Lambda+0x000003ff30011420
instanceKlass  @bci jdk/tools/jlink/internal/TaskHelper$PluginsHelper addOrderedPluginOptions (Ljdk/tools/jlink/plugin/Plugin;Ljava/util/Set;)V 215 <appendix> member <vmtarget> ; # jdk/tools/jlink/internal/TaskHelper$PluginsHelper$$Lambda+0x000003ff300111f8
instanceKlass  @bci jdk/tools/jlink/internal/TaskHelper$PluginsHelper addOrderedPluginOptions (Ljdk/tools/jlink/plugin/Plugin;Ljava/util/Set;)V 171 <appendix> member <vmtarget> ; # jdk/tools/jlink/internal/TaskHelper$PluginsHelper$$Lambda+0x000003ff30010fd0
instanceKlass  @cpi jdk/tools/jlink/internal/TaskHelper$PluginsHelper 439 form vmentry <vmtarget> ; # java/lang/invoke/LambdaForm$DMH+0x000003ff30014800
instanceKlass  @bci jdk/tools/jlink/internal/plugins/StripNativeDebugSymbolsPlugin$StrippedDebugInfoBinaryBuilder build (Ljdk/tools/jlink/plugin/ResourcePoolEntry;)Ljava/util/Optional; 37 <appendix> form vmentry <vmtarget> ; # java/lang/invoke/LambdaForm$MH+0x000003ff30014400
instanceKlass  @bci jdk/tools/jlink/internal/TaskHelper$PluginsHelper addOrderedPluginOptions (Ljdk/tools/jlink/plugin/Plugin;Ljava/util/Set;)V 65 <appendix> member <vmtarget> ; # jdk/tools/jlink/internal/TaskHelper$PluginsHelper$$Lambda+0x000003ff30010da8
instanceKlass  @cpi jdk/tools/jlink/internal/TaskHelper$PluginsHelper 434 form vmentry <vmtarget> ; # java/lang/invoke/LambdaForm$DMH+0x000003ff30014000
instanceKlass  @bci jdk/tools/jlink/internal/PluginRepository getPlugins (Ljava/lang/Class;Ljava/lang/ModuleLayer;)Ljava/util/List; 60 <appendix> member <vmtarget> ; # jdk/tools/jlink/internal/PluginRepository$$Lambda+0x000003ff30010978
instanceKlass java/util/AbstractMap$2$1
instanceKlass jdk/tools/jlink/internal/plugins/StripNativeDebugSymbolsPlugin$DefaultObjCopyCmdBuilder
instanceKlass jdk/tools/jlink/internal/plugins/StripNativeDebugSymbolsPlugin$ObjCopyCmdBuilder
instanceKlass jdk/internal/foreign/MemorySessionImpl
instanceKlass java/lang/foreign/MemorySegment$Scope
instanceKlass jdk/tools/jlink/internal/ExecutableImage
instanceKlass jdk/tools/jlink/internal/PostProcessor
instanceKlass jdk/internal/classfile/CodeTransform
instanceKlass jdk/internal/classfile/ClassfileTransform
instanceKlass java/util/Locale$Builder
instanceKlass java/util/Locale$LocaleKey
instanceKlass sun/util/locale/Extension
instanceKlass sun/util/locale/LocaleExtensions
instanceKlass java/util/AbstractList$RandomAccessSpliterator
instanceKlass  @bci jdk/tools/jlink/internal/plugins/IncludeLocalesPlugin lambda$static$2 (Ljava/lang/String;)Ljava/util/stream/Stream; 22 <appendix> argL0 ; # jdk/tools/jlink/internal/plugins/IncludeLocalesPlugin$$Lambda+0x000003ff3000b2e8
instanceKlass java/util/stream/ForEachOps$ForEachOp
instanceKlass java/util/stream/ForEachOps
instanceKlass  @bci jdk/tools/jlink/internal/plugins/IncludeLocalesPlugin lambda$static$3 (Ljava/util/Map$Entry;)Ljava/util/AbstractMap$SimpleEntry; 72 <appendix> member <vmtarget> ; # jdk/tools/jlink/internal/plugins/IncludeLocalesPlugin$$Lambda+0x000003ff3000b0b0
instanceKlass java/util/stream/DistinctOps
instanceKlass  @bci jdk/tools/jlink/internal/plugins/IncludeLocalesPlugin lambda$static$3 (Ljava/util/Map$Entry;)Ljava/util/AbstractMap$SimpleEntry; 51 <appendix> argL0 ; # jdk/tools/jlink/internal/plugins/IncludeLocalesPlugin$$Lambda+0x000003ff3000ae70
instanceKlass  @bci jdk/tools/jlink/internal/plugins/IncludeLocalesPlugin lambda$static$3 (Ljava/util/Map$Entry;)Ljava/util/AbstractMap$SimpleEntry; 41 <appendix> argL0 ; # jdk/tools/jlink/internal/plugins/IncludeLocalesPlugin$$Lambda+0x000003ff3000ac20
instanceKlass  @cpi jdk/tools/jlink/internal/plugins/IncludeLocalesPlugin 947 form vmentry <vmtarget> ; # java/lang/invoke/LambdaForm$DMH+0x000003ff3000e000
instanceKlass  @bci java/util/stream/StreamSpliterators$WrappingSpliterator forEachRemaining (Ljava/util/function/Consumer;)V 33 <appendix> member <vmtarget> ; # java/util/stream/StreamSpliterators$WrappingSpliterator$$Lambda+0x000003ff300529d0
instanceKlass java/util/stream/StreamSpliterators
instanceKlass  @cpi java/util/stream/StreamSpliterators$WrappingSpliterator 151 form vmentry <vmtarget> ; # java/lang/invoke/LambdaForm$DMH+0x000003ff3000dc00
instanceKlass  @bci java/util/stream/Collectors mapMerger (Ljava/util/function/BinaryOperator;)Ljava/util/function/BinaryOperator; 1 <appendix> member <vmtarget> ; # java/util/stream/Collectors$$Lambda+0x000003ff30052578
instanceKlass  @bci java/util/stream/Collectors toMap (Ljava/util/function/Function;Ljava/util/function/Function;Ljava/util/function/BinaryOperator;Ljava/util/function/Supplier;)Ljava/util/stream/Collector; 3 <appendix> member <vmtarget> ; # java/util/stream/Collectors$$Lambda+0x000003ff30052340
instanceKlass  @cpi jdk/tools/jlink/internal/plugins/SystemModulesPlugin 754 form vmentry <vmtarget> ; # java/lang/invoke/LambdaForm$DMH+0x000003ff3000d800
instanceKlass  @bci java/util/stream/Collectors toMap (Ljava/util/function/Function;Ljava/util/function/Function;Ljava/util/function/BinaryOperator;)Ljava/util/stream/Collector; 3 <appendix> argL0 ; # java/util/stream/Collectors$$Lambda+0x000003ff30052120
instanceKlass  @bci jdk/tools/jlink/internal/plugins/IncludeLocalesPlugin <clinit> ()V 164 <appendix> argL0 ; # jdk/tools/jlink/internal/plugins/IncludeLocalesPlugin$$Lambda+0x000003ff3000a9d8
instanceKlass  @cpi jdk/tools/jlink/internal/plugins/IncludeLocalesPlugin 971 form vmentry <vmtarget> ; # java/lang/invoke/LambdaForm$DMH+0x000003ff3000d400
instanceKlass  @bci jdk/tools/jlink/internal/plugins/IncludeLocalesPlugin <clinit> ()V 159 <appendix> argL0 ; # jdk/tools/jlink/internal/plugins/IncludeLocalesPlugin$$Lambda+0x000003ff3000a798
instanceKlass  @bci jdk/tools/jlink/internal/plugins/IncludeLocalesPlugin <clinit> ()V 154 <appendix> argL0 ; # jdk/tools/jlink/internal/plugins/IncludeLocalesPlugin$$Lambda+0x000003ff3000a558
instanceKlass  @cpi jdk/tools/jlink/internal/ResourcePoolConfiguration 275 form vmentry <vmtarget> ; # java/lang/invoke/LambdaForm$DMH+0x000003ff3000d000
instanceKlass java/util/stream/Streams$2
instanceKlass java/util/stream/Streams
instanceKlass java/util/stream/StreamSpliterators$AbstractWrappingSpliterator
instanceKlass  @bci java/util/stream/AbstractPipeline spliterator ()Ljava/util/Spliterator; 103 <appendix> member <vmtarget> ; # java/util/stream/AbstractPipeline$$Lambda+0x000003ff30051798
instanceKlass java/util/stream/Streams$ConcatSpliterator
instanceKlass  @bci jdk/tools/jlink/internal/plugins/IncludeLocalesPlugin <clinit> ()V 141 <appendix> argL0 ; # jdk/tools/jlink/internal/plugins/IncludeLocalesPlugin$$Lambda+0x000003ff3000a318
instanceKlass java/util/HashMap$HashMapSpliterator
instanceKlass sun/util/resources/cldr/provider/CLDRLocaleDataMetaInfo
instanceKlass  @bci sun/util/cldr/CLDRLocaleProviderAdapter <init> ()V 4 <appendix> argL0 ; # sun/util/cldr/CLDRLocaleProviderAdapter$$Lambda+0x800000060
instanceKlass sun/util/locale/BaseLocale$Key
instanceKlass sun/util/locale/InternalLocaleBuilder$CaseInsensitiveChar
instanceKlass sun/util/locale/InternalLocaleBuilder
instanceKlass sun/util/locale/StringTokenIterator
instanceKlass sun/util/locale/ParseStatus
instanceKlass sun/util/locale/LanguageTag
instanceKlass sun/util/cldr/CLDRBaseLocaleDataMetaInfo
instanceKlass sun/util/locale/provider/LocaleDataMetaInfo
instanceKlass sun/util/locale/provider/ResourceBundleBasedAdapter
instanceKlass sun/util/locale/provider/LocaleProviderAdapter
instanceKlass jdk/tools/jlink/internal/StringTable
instanceKlass jdk/tools/jlink/internal/ResourcePoolManager
instanceKlass jdk/tools/jlink/internal/ResourcePrevisitor
instanceKlass jdk/internal/jimage/ImageReader$Node
instanceKlass sun/nio/fs/UnixFileAttributes$UnixAsBasicFileAttributes
instanceKlass sun/nio/fs/AbstractBasicFileAttributeView
instanceKlass sun/nio/fs/DynamicFileAttributeView
instanceKlass sun/nio/fs/UnixFileAttributeViews
instanceKlass java/nio/file/attribute/UserDefinedFileAttributeView
instanceKlass java/nio/file/attribute/DosFileAttributeView
instanceKlass java/nio/file/attribute/BasicFileAttributeView
instanceKlass java/nio/file/attribute/DosFileAttributes
instanceKlass sun/nio/fs/NativeBuffer$Deallocator
instanceKlass sun/nio/fs/NativeBuffer
instanceKlass sun/nio/fs/NativeBuffers
instanceKlass java/nio/file/Files
instanceKlass jdk/internal/jrtfs/SystemImage$2
instanceKlass java/lang/Class$Holder
instanceKlass  @bci jdk/internal/jrtfs/SystemImage <clinit> ()V 0 <appendix> argL0 ; # jdk/internal/jrtfs/SystemImage$$Lambda+0x000003ff3004eba8
instanceKlass jdk/internal/jrtfs/SystemImage
instanceKlass jdk/internal/jrtfs/JrtPath
instanceKlass java/util/Arrays$ArrayItr
instanceKlass java/util/LinkedHashMap$LinkedHashIterator
instanceKlass java/nio/charset/CoderResult
instanceKlass java/nio/charset/CharsetDecoder
instanceKlass java/io/Reader
instanceKlass java/lang/Readable
instanceKlass java/util/TimSort
instanceKlass java/util/Arrays$LegacyMergeSort
instanceKlass java/util/AbstractMap$SimpleEntry
instanceKlass java/lang/ThreadLocal$ThreadLocalMap
instanceKlass jdk/internal/jimage/ImageBufferCache$2
instanceKlass java/lang/ThreadLocal
instanceKlass jdk/internal/jimage/ImageBufferCache
instanceKlass jdk/internal/loader/Resource
instanceKlass sun/net/www/ParseUtil
instanceKlass sun/net/www/MessageHeader
instanceKlass  @bci sun/net/www/protocol/jrt/JavaRuntimeURLConnection <clinit> ()V 0 <appendix> argL0 ; # sun/net/www/protocol/jrt/JavaRuntimeURLConnection$$Lambda+0x000003ff3004b678
instanceKlass java/net/URLConnection
instanceKlass jdk/internal/loader/URLClassPath$1
instanceKlass java/lang/CompoundEnumeration
instanceKlass java/util/Collections$EmptyIterator
instanceKlass jdk/internal/loader/BuiltinClassLoader$1
instanceKlass java/util/Collections$EmptyEnumeration
instanceKlass jdk/internal/loader/BuiltinClassLoader$2
instanceKlass java/nio/channels/AsynchronousFileChannel
instanceKlass java/nio/channels/AsynchronousChannel
instanceKlass java/util/concurrent/ExecutorService
instanceKlass java/util/concurrent/Executor
instanceKlass java/nio/channels/spi/AbstractInterruptibleChannel
instanceKlass java/nio/channels/InterruptibleChannel
instanceKlass java/nio/channels/ScatteringByteChannel
instanceKlass java/nio/channels/GatheringByteChannel
instanceKlass java/nio/file/attribute/FileAttributeView
instanceKlass java/nio/file/attribute/AttributeView
instanceKlass java/nio/file/FileStore
instanceKlass java/nio/file/DirectoryStream
instanceKlass java/nio/file/DirectoryStream$Filter
instanceKlass java/nio/channels/SeekableByteChannel
instanceKlass java/nio/channels/ByteChannel
instanceKlass java/nio/channels/WritableByteChannel
instanceKlass java/nio/channels/ReadableByteChannel
instanceKlass java/nio/channels/Channel
instanceKlass java/nio/file/attribute/FileAttribute
instanceKlass java/nio/file/CopyOption
instanceKlass java/util/ServiceLoader$2
instanceKlass java/util/ServiceLoader$LazyClassPathLookupIterator
instanceKlass java/util/Spliterators$1Adapter
instanceKlass java/util/Spliterators$ArraySpliterator
instanceKlass java/util/ServiceLoader$ModuleServicesLookupIterator
instanceKlass java/nio/file/spi/FileSystemProvider$1
instanceKlass jdk/tools/jlink/internal/Utils
instanceKlass java/lang/constant/ReferenceClassDescImpl
instanceKlass java/lang/constant/ConstantUtils
instanceKlass java/lang/constant/ClassDesc
instanceKlass jdk/tools/jlink/internal/plugins/DefaultStripDebugPlugin$DefaultNativePluginFactory
instanceKlass  @bci jdk/tools/jlink/internal/plugins/StripJavaDebugAttributesPlugin <init> ()V 1 <appendix> argL0 ; # jdk/tools/jlink/internal/plugins/StripJavaDebugAttributesPlugin$$Lambda+0x000003ff30007300
instanceKlass java/util/ServiceLoader$ProviderImpl
instanceKlass java/util/ServiceLoader$Provider
instanceKlass java/util/ServiceLoader$1
instanceKlass java/security/PrivilegedExceptionAction
instanceKlass jdk/tools/jlink/plugin/ResourcePoolBuilder
instanceKlass jdk/tools/jlink/plugin/ResourcePool
instanceKlass jdk/tools/jlink/internal/plugins/DefaultStripDebugPlugin$NativePluginFactory
instanceKlass jdk/tools/jlink/internal/plugins/AbstractPlugin
instanceKlass java/util/concurrent/CopyOnWriteArrayList$COWIterator
instanceKlass java/util/ServiceLoader$3
instanceKlass java/util/ServiceLoader$LayerLookupIterator
instanceKlass java/util/ServiceLoader
instanceKlass jdk/tools/jlink/plugin/Plugin
instanceKlass jdk/tools/jlink/internal/PluginRepository
instanceKlass jdk/tools/jlink/builder/ImageBuilder
instanceKlass jdk/tools/jlink/internal/TaskHelper$PluginsHelper
instanceKlass jdk/tools/jlink/internal/JlinkTask$OptionsValues
instanceKlass jdk/tools/jlink/internal/TaskHelper$OptionsHelper
instanceKlass  @bci jdk/tools/jlink/internal/JlinkTask <clinit> ()V 327 <appendix> argL0 ; # jdk/tools/jlink/internal/JlinkTask$$Lambda+0x000003ff30005100
instanceKlass  @bci jdk/tools/jlink/internal/JlinkTask <clinit> ()V 306 <appendix> argL0 ; # jdk/tools/jlink/internal/JlinkTask$$Lambda+0x000003ff30004ee0
instanceKlass  @bci jdk/tools/jlink/internal/JlinkTask <clinit> ()V 286 <appendix> argL0 ; # jdk/tools/jlink/internal/JlinkTask$$Lambda+0x000003ff30004cc0
instanceKlass  @bci jdk/tools/jlink/internal/JlinkTask <clinit> ()V 265 <appendix> argL0 ; # jdk/tools/jlink/internal/JlinkTask$$Lambda+0x000003ff30004aa0
instanceKlass  @bci jdk/tools/jlink/internal/JlinkTask <clinit> ()V 245 <appendix> argL0 ; # jdk/tools/jlink/internal/JlinkTask$$Lambda+0x000003ff30004880
instanceKlass  @bci jdk/tools/jlink/internal/JlinkTask <clinit> ()V 222 <appendix> argL0 ; # jdk/tools/jlink/internal/JlinkTask$$Lambda+0x000003ff30004660
instanceKlass  @bci jdk/tools/jlink/internal/JlinkTask <clinit> ()V 202 <appendix> argL0 ; # jdk/tools/jlink/internal/JlinkTask$$Lambda+0x000003ff30004440
instanceKlass  @bci jdk/tools/jlink/internal/JlinkTask <clinit> ()V 182 <appendix> argL0 ; # jdk/tools/jlink/internal/JlinkTask$$Lambda+0x000003ff30004220
instanceKlass  @bci jdk/tools/jlink/internal/JlinkTask <clinit> ()V 158 <appendix> argL0 ; # jdk/tools/jlink/internal/JlinkTask$$Lambda+0x000003ff30004000
instanceKlass  @bci jdk/tools/jlink/internal/JlinkTask <clinit> ()V 138 <appendix> argL0 ; # jdk/tools/jlink/internal/JlinkTask$$Lambda+0x000003ff30003c40
instanceKlass  @bci jdk/tools/jlink/internal/JlinkTask <clinit> ()V 119 <appendix> argL0 ; # jdk/tools/jlink/internal/JlinkTask$$Lambda+0x000003ff30003a20
instanceKlass  @bci jdk/tools/jlink/internal/JlinkTask <clinit> ()V 100 <appendix> argL0 ; # jdk/tools/jlink/internal/JlinkTask$$Lambda+0x000003ff30003800
instanceKlass  @bci jdk/tools/jlink/internal/JlinkTask <clinit> ()V 81 <appendix> argL0 ; # jdk/tools/jlink/internal/JlinkTask$$Lambda+0x000003ff30002d68
instanceKlass  @bci jdk/tools/jlink/internal/JlinkTask <clinit> ()V 59 <appendix> argL0 ; # jdk/tools/jlink/internal/JlinkTask$$Lambda+0x000003ff30002b48
instanceKlass  @bci jdk/tools/jlink/internal/JlinkTask <clinit> ()V 34 <appendix> argL0 ; # jdk/tools/jlink/internal/JlinkTask$$Lambda+0x000003ff30002928
instanceKlass  @cpi jdk/tools/jlink/internal/JlinkTask 1376 form vmentry <vmtarget> ; # java/lang/invoke/LambdaForm$DMH+0x000003ff30003400
instanceKlass  @cpi jdk/internal/classfile/MethodTransform 138 form vmentry <vmtarget> ; # java/lang/invoke/LambdaForm$DMH+0x000003ff30003000
instanceKlass jdk/tools/jlink/internal/TaskHelper$Option$Processing
instanceKlass jdk/tools/jlink/internal/TaskHelper$Option
instanceKlass  @bci jdk/internal/module/SystemModuleFinders$SystemModuleReader open (Ljava/lang/String;)Ljava/util/Optional; 6 <appendix> member <vmtarget> ; # jdk/internal/module/SystemModuleFinders$SystemModuleReader$$Lambda+0x000003ff30045610
instanceKlass jdk/internal/module/Checks
instanceKlass jdk/internal/module/Resources
instanceKlass  @bci java/util/ResourceBundle$ResourceBundleProviderHelper loadPropertyResourceBundle (Ljava/lang/Module;Ljava/lang/Module;Ljava/lang/String;Ljava/util/Locale;)Ljava/util/ResourceBundle; 14 <appendix> member <vmtarget> ; # java/util/ResourceBundle$ResourceBundleProviderHelper$$Lambda+0x000003ff300453e8
instanceKlass  @bci java/util/ResourceBundle$ResourceBundleProviderHelper newResourceBundle (Ljava/lang/Class;)Ljava/util/ResourceBundle; 22 <appendix> member <vmtarget> ; # java/util/ResourceBundle$ResourceBundleProviderHelper$$Lambda+0x80000000f
instanceKlass java/security/Security$1
instanceKlass jdk/internal/access/JavaSecurityPropertiesAccess
instanceKlass java/util/concurrent/ConcurrentHashMap$MapEntry
instanceKlass java/io/FileInputStream$1
instanceKlass java/lang/StringUTF16
instanceKlass java/util/concurrent/ForkJoinPool$ManagedBlocker
instanceKlass java/util/concurrent/locks/AbstractQueuedSynchronizer$Node
instanceKlass java/util/Properties$LineReader
instanceKlass jdk/internal/ref/CleanerImpl
instanceKlass java/lang/ref/Cleaner$1
instanceKlass java/lang/ref/Cleaner
instanceKlass jdk/internal/ref/CleanerFactory$1
instanceKlass java/util/concurrent/ThreadFactory
instanceKlass jdk/internal/ref/CleanerFactory
instanceKlass java/lang/ref/Cleaner$Cleanable
instanceKlass  @bci java/security/Security <clinit> ()V 9 <appendix> argL0 ; # java/security/Security$$Lambda+0x80000000b
instanceKlass java/security/Security
instanceKlass sun/security/util/SecurityProperties
instanceKlass sun/security/util/FilePermCompat
instanceKlass sun/security/util/SecurityConstants
instanceKlass  @bci java/util/ResourceBundle$ResourceBundleProviderHelper loadResourceBundle (Ljava/lang/Module;Ljava/lang/Module;Ljava/lang/String;Ljava/util/Locale;)Ljava/util/ResourceBundle; 13 <appendix> member <vmtarget> ; # java/util/ResourceBundle$ResourceBundleProviderHelper$$Lambda+0x000003ff30043e20
instanceKlass java/util/ResourceBundle$ResourceBundleProviderHelper
instanceKlass java/util/ResourceBundle$3
instanceKlass java/util/ResourceBundle$CacheKeyReference
instanceKlass java/util/ResourceBundle$CacheKey
instanceKlass  @bci java/util/ResourceBundle getLoader (Ljava/lang/Module;)Ljava/lang/ClassLoader; 6 <appendix> member <vmtarget> ; # java/util/ResourceBundle$$Lambda+0x000003ff30043340
instanceKlass sun/util/locale/LocaleObjectCache
instanceKlass java/util/ResourceBundle$Control
instanceKlass java/util/ResourceBundle$1
instanceKlass jdk/internal/access/JavaUtilResourceBundleAccess
instanceKlass java/util/ResourceBundle
instanceKlass sun/util/locale/LocaleUtils
instanceKlass java/util/Locale
instanceKlass jdk/tools/jlink/internal/TaskHelper$ResourceBundleHelper
instanceKlass jdk/tools/jlink/internal/TaskHelper
instanceKlass jdk/tools/jlink/internal/ImagePluginStack$ImageProvider
instanceKlass java/nio/file/FileVisitor
instanceKlass jdk/tools/jlink/internal/JlinkTask
instanceKlass java/io/PrintWriter$1
instanceKlass jdk/internal/access/JavaIOPrintWriterAccess
instanceKlass jdk/internal/misc/PreviewFeatures
instanceKlass jdk/internal/misc/MainMethodFinder
instanceKlass java/lang/NamedPackage
instanceKlass jdk/tools/jlink/internal/Main
instanceKlass sun/security/util/Debug
instanceKlass java/security/SecureClassLoader$DebugHolder
instanceKlass java/security/Permission
instanceKlass java/security/Guard
instanceKlass java/security/PermissionCollection
instanceKlass java/security/SecureClassLoader$1
instanceKlass sun/net/util/URLUtil
instanceKlass sun/net/util/IPAddressUtil$MASKS
instanceKlass sun/net/util/IPAddressUtil
instanceKlass jdk/internal/jimage/ImageLocation
instanceKlass jdk/internal/jimage/decompressor/Decompressor
instanceKlass jdk/internal/jimage/ImageStringsReader
instanceKlass jdk/internal/jimage/ImageStrings
instanceKlass jdk/internal/jimage/ImageHeader
instanceKlass java/nio/Bits$1
instanceKlass jdk/internal/misc/VM$BufferPool
instanceKlass java/nio/Bits
instanceKlass sun/nio/ch/DirectBuffer
instanceKlass jdk/internal/jimage/NativeImageBuffer$1
instanceKlass jdk/internal/jimage/NativeImageBuffer
instanceKlass jdk/internal/jimage/BasicImageReader$1
instanceKlass jdk/internal/jimage/BasicImageReader
instanceKlass jdk/internal/jimage/ImageReader
instanceKlass jdk/internal/jimage/ImageReaderFactory$1
instanceKlass java/net/URI$Parser
instanceKlass sun/nio/fs/UnixMountEntry
instanceKlass sun/nio/fs/UnixFileStoreAttributes
instanceKlass sun/nio/fs/UnixFileAttributes
instanceKlass java/nio/file/attribute/PosixFileAttributes
instanceKlass java/nio/file/attribute/BasicFileAttributes
instanceKlass java/util/Enumeration
instanceKlass java/util/concurrent/ConcurrentHashMap$Traverser
instanceKlass jdk/internal/loader/NativeLibraries$3
instanceKlass jdk/internal/loader/NativeLibrary
instanceKlass java/util/ArrayDeque$DeqIterator
instanceKlass jdk/internal/loader/NativeLibraries$NativeLibraryContext$1
instanceKlass jdk/internal/loader/NativeLibraries$NativeLibraryContext
instanceKlass jdk/internal/loader/NativeLibraries$2
instanceKlass jdk/internal/loader/NativeLibraries$1
instanceKlass jdk/internal/loader/NativeLibraries$LibraryPaths
instanceKlass sun/nio/fs/UnixNativeDispatcher
instanceKlass sun/nio/fs/Util
instanceKlass sun/nio/fs/UnixPath
instanceKlass java/nio/file/FileSystem
instanceKlass java/nio/file/OpenOption
instanceKlass java/nio/file/spi/FileSystemProvider
instanceKlass sun/nio/fs/DefaultFileSystemProvider
instanceKlass java/nio/file/FileSystems$DefaultFileSystemHolder$1
instanceKlass java/nio/file/FileSystems$DefaultFileSystemHolder
instanceKlass java/nio/file/FileSystems
instanceKlass java/nio/file/Paths
instanceKlass jdk/internal/jimage/ImageReaderFactory
instanceKlass jdk/internal/module/SystemModuleFinders$SystemImage
instanceKlass jdk/internal/module/ModulePatcher$PatchedModuleReader
instanceKlass jdk/internal/module/SystemModuleFinders$SystemModuleReader
instanceKlass java/lang/module/ModuleReader
instanceKlass jdk/internal/loader/BuiltinClassLoader$5
instanceKlass java/lang/StringCoding
instanceKlass sun/launcher/LauncherHelper
instanceKlass java/lang/invoke/StringConcatFactory
instanceKlass jdk/internal/module/ModuleBootstrap$SafeModuleFinder
instanceKlass java/lang/ModuleLayer$Controller
instanceKlass java/util/concurrent/CopyOnWriteArrayList
instanceKlass jdk/internal/module/ServicesCatalog$ServiceProvider
instanceKlass jdk/internal/loader/AbstractClassLoaderValue$Memoizer
instanceKlass jdk/internal/module/ModuleLoaderMap$Modules
instanceKlass jdk/internal/module/ModuleLoaderMap
instanceKlass java/util/Collections$UnmodifiableCollection$1
instanceKlass java/util/SequencedMap
instanceKlass java/util/SequencedSet
instanceKlass java/util/ImmutableCollections$ListItr
instanceKlass java/util/ListIterator
instanceKlass java/lang/module/ModuleFinder$1
instanceKlass java/nio/file/Path
instanceKlass java/nio/file/Watchable
instanceKlass java/lang/module/Resolver
instanceKlass  @bci java/util/stream/FindOps$FindSink$OfRef <clinit> ()V 43 <appendix> argL0 ; # java/util/stream/FindOps$FindSink$OfRef$$Lambda+0x800000047
instanceKlass  @bci java/util/stream/FindOps$FindSink$OfRef <clinit> ()V 38 <appendix> argL0 ; # java/util/stream/FindOps$FindSink$OfRef$$Lambda+0x800000049
instanceKlass  @bci java/util/stream/FindOps$FindSink$OfRef <clinit> ()V 16 <appendix> argL0 ; # java/util/stream/FindOps$FindSink$OfRef$$Lambda+0x800000048
instanceKlass  @bci java/util/stream/FindOps$FindSink$OfRef <clinit> ()V 11 <appendix> argL0 ; # java/util/stream/FindOps$FindSink$OfRef$$Lambda+0x80000004a
instanceKlass java/util/stream/FindOps$FindOp
instanceKlass java/util/stream/FindOps$FindSink
instanceKlass java/util/stream/FindOps
instanceKlass  @bci jdk/internal/module/DefaultRoots exportsAPI (Ljava/lang/module/ModuleDescriptor;)Z 9 <appendix> argL0 ; # jdk/internal/module/DefaultRoots$$Lambda+0x800000050
instanceKlass java/util/stream/Sink$ChainedReference
instanceKlass java/util/stream/ReduceOps$AccumulatingSink
instanceKlass java/util/stream/TerminalSink
instanceKlass java/util/stream/Sink
instanceKlass java/util/function/Consumer
instanceKlass java/util/stream/ReduceOps$Box
instanceKlass java/util/stream/ReduceOps$ReduceOp
instanceKlass java/util/stream/TerminalOp
instanceKlass java/util/stream/ReduceOps
instanceKlass  @bci java/util/stream/Collectors castingIdentity ()Ljava/util/function/Function; 0 <appendix> argL0 ; # java/util/stream/Collectors$$Lambda+0x800000041
instanceKlass  @bci java/util/stream/Collectors toSet ()Ljava/util/stream/Collector; 14 <appendix> argL0 ; # java/util/stream/Collectors$$Lambda+0x80000003f
instanceKlass java/util/function/BinaryOperator
instanceKlass  @bci java/util/stream/Collectors toSet ()Ljava/util/stream/Collector; 9 <appendix> argL0 ; # java/util/stream/Collectors$$Lambda+0x800000038
instanceKlass java/util/function/BiConsumer
instanceKlass  @bci java/util/stream/Collectors toSet ()Ljava/util/stream/Collector; 4 <appendix> argL0 ; # java/util/stream/Collectors$$Lambda+0x800000044
instanceKlass java/util/stream/Collector
instanceKlass java/util/Collections$UnmodifiableCollection
instanceKlass java/util/stream/Collectors
instanceKlass  @bci jdk/internal/module/DefaultRoots compute (Ljava/lang/module/ModuleFinder;Ljava/lang/module/ModuleFinder;)Ljava/util/Set; 42 <appendix> argL0 ; # jdk/internal/module/DefaultRoots$$Lambda+0x80000004d
instanceKlass  @bci jdk/internal/module/DefaultRoots compute (Ljava/lang/module/ModuleFinder;Ljava/lang/module/ModuleFinder;)Ljava/util/Set; 32 <appendix> member <vmtarget> ; # jdk/internal/module/DefaultRoots$$Lambda+0x800000051
instanceKlass  @bci jdk/internal/module/DefaultRoots compute (Ljava/lang/module/ModuleFinder;Ljava/lang/module/ModuleFinder;)Ljava/util/Set; 21 <appendix> argL0 ; # jdk/internal/module/DefaultRoots$$Lambda+0x80000004e
instanceKlass  @bci jdk/tools/jlink/internal/ResourcePoolConfiguration allModRefs (Ljdk/tools/jlink/plugin/ResourcePool;)Ljava/util/Map; 11 <appendix> form vmentry <vmtarget> ; # java/lang/invoke/LambdaForm$MH+0x000003ff30000800
instanceKlass  @bci jdk/internal/module/DefaultRoots compute (Ljava/lang/module/ModuleFinder;Ljava/lang/module/ModuleFinder;)Ljava/util/Set; 11 <appendix> argL0 ; # jdk/internal/module/DefaultRoots$$Lambda+0x80000004f
instanceKlass java/lang/invoke/LambdaProxyClassArchive
instanceKlass java/lang/invoke/InfoFromMemberName
instanceKlass java/lang/invoke/MethodHandleInfo
instanceKlass jdk/internal/org/objectweb/asm/ConstantDynamic
instanceKlass jdk/internal/org/objectweb/asm/Handle
instanceKlass sun/security/action/GetBooleanAction
instanceKlass java/lang/invoke/AbstractValidatingLambdaMetafactory
instanceKlass java/lang/invoke/BootstrapMethodInvoker
instanceKlass java/util/function/Predicate
instanceKlass java/lang/WeakPairMap$Pair$Lookup
instanceKlass java/lang/WeakPairMap$Pair
instanceKlass java/lang/WeakPairMap
instanceKlass java/lang/Module$ReflectionData
instanceKlass java/lang/invoke/LambdaMetafactory
# instanceKlass java/lang/invoke/LambdaForm$MH+0x000003ff30000400
instanceKlass java/lang/invoke/MethodHandles$Lookup$ClassDefiner
instanceKlass java/lang/invoke/MethodHandles$Lookup$ClassFile
instanceKlass jdk/internal/org/objectweb/asm/Handler
instanceKlass jdk/internal/org/objectweb/asm/Attribute
instanceKlass jdk/internal/org/objectweb/asm/FieldVisitor
instanceKlass java/util/ArrayList$Itr
instanceKlass sun/invoke/empty/Empty
instanceKlass sun/invoke/util/VerifyType
instanceKlass java/lang/invoke/InvokerBytecodeGenerator$ClassData
instanceKlass jdk/internal/org/objectweb/asm/AnnotationVisitor
instanceKlass jdk/internal/org/objectweb/asm/Frame
instanceKlass jdk/internal/org/objectweb/asm/Label
instanceKlass jdk/internal/org/objectweb/asm/Type
instanceKlass jdk/internal/org/objectweb/asm/MethodVisitor
instanceKlass sun/invoke/util/BytecodeDescriptor
instanceKlass jdk/internal/org/objectweb/asm/ByteVector
instanceKlass jdk/internal/org/objectweb/asm/Symbol
instanceKlass jdk/internal/org/objectweb/asm/SymbolTable
instanceKlass jdk/internal/org/objectweb/asm/ClassVisitor
instanceKlass java/lang/invoke/LambdaFormBuffer
instanceKlass java/lang/invoke/LambdaFormEditor$TransformKey
instanceKlass java/lang/invoke/LambdaFormEditor
instanceKlass java/lang/invoke/Invokers$Holder
instanceKlass java/lang/invoke/DelegatingMethodHandle$Holder
instanceKlass java/lang/invoke/DirectMethodHandle$2
instanceKlass java/lang/invoke/ClassSpecializer$Factory
instanceKlass java/lang/invoke/ClassSpecializer$SpeciesData
instanceKlass java/lang/invoke/ClassSpecializer$1
instanceKlass java/lang/invoke/ClassSpecializer
instanceKlass java/lang/invoke/InvokerBytecodeGenerator$1
instanceKlass java/lang/invoke/InvokerBytecodeGenerator
instanceKlass java/lang/invoke/LambdaForm$Holder
instanceKlass java/lang/invoke/LambdaForm$Name
instanceKlass java/lang/reflect/Array
instanceKlass java/lang/invoke/Invokers
instanceKlass sun/invoke/util/ValueConversions
instanceKlass java/lang/invoke/DirectMethodHandle$Holder
instanceKlass java/lang/Void
instanceKlass sun/invoke/util/Wrapper$Format
instanceKlass java/lang/invoke/MethodHandleImpl$1
instanceKlass jdk/internal/access/JavaLangInvokeAccess
instanceKlass java/lang/invoke/LambdaForm$NamedFunction
instanceKlass java/lang/invoke/MethodHandleImpl
instanceKlass jdk/internal/reflect/MethodHandleAccessorFactory$LazyStaticHolder
instanceKlass java/lang/invoke/MethodTypeForm
instanceKlass jdk/internal/util/StrongReferenceKey
instanceKlass jdk/internal/util/ReferenceKey
instanceKlass jdk/internal/util/ReferencedKeyMap
instanceKlass java/lang/invoke/MethodType$1
instanceKlass jdk/internal/reflect/MethodHandleAccessorFactory
instanceKlass sun/reflect/annotation/AnnotationParser
instanceKlass java/lang/Class$3
instanceKlass java/lang/PublicMethods$Key
instanceKlass java/lang/PublicMethods$MethodList
instanceKlass java/lang/Class$Atomic
instanceKlass java/lang/Class$ReflectionData
instanceKlass java/util/EnumMap$1
instanceKlass java/util/stream/StreamOpFlag$MaskBuilder
instanceKlass java/util/stream/Stream
instanceKlass java/util/stream/BaseStream
instanceKlass java/util/stream/PipelineHelper
instanceKlass java/util/stream/StreamSupport
instanceKlass java/util/Spliterators$IteratorSpliterator
instanceKlass java/util/Spliterator$OfDouble
instanceKlass java/util/Spliterator$OfLong
instanceKlass java/util/Spliterator$OfInt
instanceKlass java/util/Spliterator$OfPrimitive
instanceKlass java/util/Spliterator
instanceKlass java/util/Spliterators$EmptySpliterator
instanceKlass java/util/Spliterators
instanceKlass jdk/internal/module/DefaultRoots
instanceKlass jdk/internal/loader/BuiltinClassLoader$LoadedModule
instanceKlass java/lang/Module$EnableNativeAccess
instanceKlass jdk/internal/loader/BootLoader
instanceKlass java/util/Optional
instanceKlass jdk/internal/module/ModuleResolution
instanceKlass jdk/internal/module/ModuleHashes$Builder
instanceKlass java/util/ImmutableCollections$Set12$1
instanceKlass java/lang/reflect/AccessFlag$18
instanceKlass java/lang/reflect/AccessFlag$17
instanceKlass java/lang/reflect/AccessFlag$16
instanceKlass java/lang/reflect/AccessFlag$15
instanceKlass java/lang/reflect/AccessFlag$14
instanceKlass java/lang/reflect/AccessFlag$13
instanceKlass java/lang/reflect/AccessFlag$12
instanceKlass java/lang/reflect/AccessFlag$11
instanceKlass java/lang/reflect/AccessFlag$10
instanceKlass java/lang/reflect/AccessFlag$9
instanceKlass java/lang/reflect/AccessFlag$8
instanceKlass java/lang/reflect/AccessFlag$7
instanceKlass java/lang/reflect/AccessFlag$6
instanceKlass java/lang/reflect/AccessFlag$5
instanceKlass java/lang/reflect/AccessFlag$4
instanceKlass java/lang/reflect/AccessFlag$3
instanceKlass java/lang/reflect/AccessFlag$2
instanceKlass java/lang/reflect/AccessFlag$1
instanceKlass java/util/ImmutableCollections$SetN$SetNIterator
instanceKlass jdk/internal/module/Builder
instanceKlass jdk/internal/module/SystemModules$all
instanceKlass jdk/internal/module/SystemModules
instanceKlass jdk/internal/module/SystemModulesMap
instanceKlass jdk/internal/module/SystemModuleFinders
instanceKlass jdk/internal/loader/AbstractClassLoaderValue
instanceKlass jdk/internal/module/ServicesCatalog
instanceKlass java/net/URLStreamHandler
instanceKlass java/util/Deque
instanceKlass java/util/Queue
instanceKlass java/net/URL$3
instanceKlass jdk/internal/access/JavaNetURLAccess
instanceKlass java/net/URL$DefaultFactory
instanceKlass java/net/URLStreamHandlerFactory
instanceKlass jdk/internal/loader/URLClassPath
instanceKlass java/util/concurrent/ConcurrentHashMap$CollectionView
instanceKlass jdk/internal/loader/ClassLoaderHelper
instanceKlass jdk/internal/loader/NativeLibraries
instanceKlass java/security/Principal
instanceKlass java/security/ProtectionDomain$Key
instanceKlass java/security/ProtectionDomain$JavaSecurityAccessImpl
instanceKlass jdk/internal/access/JavaSecurityAccess
instanceKlass java/lang/ClassLoader$ParallelLoaders
instanceKlass java/security/cert/Certificate
instanceKlass jdk/internal/loader/ArchivedClassLoaders
instanceKlass java/net/URI$1
instanceKlass jdk/internal/access/JavaNetUriAccess
instanceKlass jdk/internal/module/ArchivedBootLayer
instanceKlass jdk/internal/module/ModuleBootstrap$Counters
instanceKlass jdk/internal/module/ModulePatcher
instanceKlass java/io/FileSystem
instanceKlass java/io/DefaultFileSystem
instanceKlass java/io/File
instanceKlass java/lang/module/ModuleDescriptor$1
instanceKlass jdk/internal/access/JavaLangModuleAccess
instanceKlass java/lang/reflect/Modifier
instanceKlass sun/invoke/util/VerifyAccess
instanceKlass java/util/KeyValueHolder
instanceKlass java/util/ImmutableCollections$MapN$MapNIterator
instanceKlass java/lang/StrictMath
instanceKlass java/lang/invoke/MethodHandles$Lookup
instanceKlass java/lang/invoke/MemberName$Factory
instanceKlass java/lang/invoke/MethodHandles
instanceKlass jdk/internal/module/ModuleBootstrap
instanceKlass java/util/HexFormat
instanceKlass jdk/internal/util/ClassFileDumper
instanceKlass sun/security/action/GetPropertyAction
instanceKlass java/lang/invoke/MethodHandleStatics
instanceKlass java/util/concurrent/locks/AbstractQueuedSynchronizer$ConditionObject
instanceKlass jdk/internal/misc/Blocker
instanceKlass java/util/concurrent/locks/Condition
instanceKlass java/util/Collections
instanceKlass java/lang/Thread$ThreadIdentifiers
instanceKlass jdk/internal/misc/OSEnvironment
instanceKlass jdk/internal/misc/Signal$NativeHandler
instanceKlass java/util/Hashtable$Entry
instanceKlass jdk/internal/misc/Signal
instanceKlass java/lang/Terminator$1
instanceKlass jdk/internal/misc/Signal$Handler
instanceKlass java/lang/Terminator
instanceKlass java/nio/ByteOrder
instanceKlass java/nio/Buffer$2
instanceKlass jdk/internal/access/JavaNioAccess
instanceKlass java/nio/Buffer$1
instanceKlass jdk/internal/misc/ScopedMemoryAccess
instanceKlass java/nio/charset/CodingErrorAction
instanceKlass java/nio/charset/CharsetEncoder
instanceKlass java/io/Writer
instanceKlass java/io/PrintStream$1
instanceKlass jdk/internal/access/JavaIOPrintStreamAccess
instanceKlass jdk/internal/misc/InternalLock
instanceKlass java/io/OutputStream
instanceKlass java/io/Flushable
instanceKlass java/io/FileDescriptor$1
instanceKlass jdk/internal/access/JavaIOFileDescriptorAccess
instanceKlass java/io/FileDescriptor
instanceKlass jdk/internal/util/StaticProperty
instanceKlass java/util/HashMap$HashIterator
instanceKlass java/util/concurrent/locks/LockSupport
instanceKlass java/util/concurrent/ConcurrentHashMap$Node
instanceKlass java/util/concurrent/ConcurrentHashMap$CounterCell
instanceKlass java/util/concurrent/locks/ReentrantLock
instanceKlass java/util/concurrent/locks/Lock
instanceKlass java/lang/CharacterData
instanceKlass java/util/Arrays
instanceKlass jdk/internal/util/Preconditions$3
instanceKlass jdk/internal/util/Preconditions$2
instanceKlass jdk/internal/util/Preconditions$4
instanceKlass java/util/function/BiFunction
instanceKlass jdk/internal/util/Preconditions$1
instanceKlass jdk/internal/util/Preconditions
instanceKlass java/lang/Runtime
instanceKlass java/lang/VersionProps
instanceKlass java/lang/StringConcatHelper
instanceKlass jdk/internal/util/ArraysSupport
instanceKlass sun/nio/cs/HistoricallyNamedCharset
instanceKlass java/nio/charset/spi/CharsetProvider
instanceKlass java/nio/charset/Charset
instanceKlass jdk/internal/util/SystemProps$Raw
instanceKlass jdk/internal/util/SystemProps
instanceKlass java/lang/System$2
instanceKlass jdk/internal/access/JavaLangAccess
instanceKlass java/lang/ref/NativeReferenceQueue$Lock
instanceKlass java/lang/ref/ReferenceQueue
instanceKlass java/lang/ref/Reference$1
instanceKlass jdk/internal/access/JavaLangRefAccess
instanceKlass jdk/internal/reflect/ReflectionFactory
instanceKlass java/lang/Math
instanceKlass java/lang/StringLatin1
instanceKlass jdk/internal/reflect/Reflection
instanceKlass jdk/internal/reflect/ReflectionFactory$GetReflectionFactoryAction
instanceKlass java/security/PrivilegedAction
instanceKlass jdk/internal/access/SharedSecrets
instanceKlass java/lang/reflect/ReflectAccess
instanceKlass jdk/internal/access/JavaLangReflectAccess
instanceKlass java/util/Objects
instanceKlass jdk/internal/misc/CDS
instanceKlass java/lang/Module$ArchivedData
instanceKlass jdk/internal/misc/VM
instanceKlass java/lang/String$CaseInsensitiveComparator
instanceKlass java/util/Comparator
instanceKlass java/io/ObjectStreamField
instanceKlass jdk/internal/math/FDBigInteger
instanceKlass java/lang/ModuleLayer
instanceKlass java/util/ImmutableCollections
instanceKlass jdk/internal/module/ModuleLoaderMap$Mapper
instanceKlass java/util/function/Function
instanceKlass java/lang/module/ResolvedModule
instanceKlass java/lang/module/Configuration
instanceKlass java/util/HashMap$Node
instanceKlass java/util/Map$Entry
instanceKlass java/util/Collections$UnmodifiableMap
instanceKlass jdk/internal/module/ModuleHashes
instanceKlass jdk/internal/module/ModuleTarget
instanceKlass java/lang/module/ModuleDescriptor$Opens
instanceKlass jdk/internal/module/SystemModuleFinders$3
instanceKlass jdk/internal/module/ModuleHashes$HashSupplier
instanceKlass jdk/internal/module/SystemModuleFinders$2
instanceKlass java/util/function/Supplier
instanceKlass java/net/URI
instanceKlass java/lang/module/ModuleDescriptor$Provides
instanceKlass java/lang/module/ModuleDescriptor$Exports
instanceKlass java/lang/module/ModuleDescriptor$Requires
instanceKlass java/lang/module/ModuleDescriptor$Version
instanceKlass java/lang/module/ModuleDescriptor
instanceKlass java/lang/module/ModuleReference
instanceKlass java/util/Set
instanceKlass jdk/internal/module/SystemModuleFinders$SystemModuleFinder
instanceKlass java/lang/module/ModuleFinder
instanceKlass jdk/internal/module/ArchivedModuleGraph
instanceKlass sun/util/locale/BaseLocale
instanceKlass java/util/jar/Attributes$Name
instanceKlass java/lang/Character$CharacterCache
instanceKlass java/lang/Short$ShortCache
instanceKlass java/lang/Byte$ByteCache
instanceKlass java/lang/Long$LongCache
instanceKlass java/lang/Integer$IntegerCache
instanceKlass jdk/internal/vm/FillerObject
instanceKlass jdk/internal/vm/vector/VectorSupport$VectorPayload
instanceKlass jdk/internal/vm/vector/VectorSupport
instanceKlass java/lang/reflect/RecordComponent
instanceKlass java/util/Iterator
instanceKlass java/lang/Number
instanceKlass java/lang/Character
instanceKlass java/lang/Boolean
instanceKlass java/util/concurrent/locks/AbstractOwnableSynchronizer
instanceKlass java/lang/LiveStackFrame
instanceKlass java/lang/StackFrameInfo
instanceKlass java/lang/StackWalker$StackFrame
instanceKlass java/lang/StackStreamFactory$AbstractStackWalker
instanceKlass java/lang/StackWalker
instanceKlass java/nio/Buffer
instanceKlass java/lang/StackTraceElement
instanceKlass java/util/RandomAccess
instanceKlass java/util/List
instanceKlass java/util/SequencedCollection
instanceKlass java/util/AbstractCollection
instanceKlass java/util/Collection
instanceKlass java/lang/Iterable
instanceKlass java/util/concurrent/ConcurrentMap
instanceKlass java/util/AbstractMap
instanceKlass java/security/CodeSource
instanceKlass jdk/internal/loader/ClassLoaders
instanceKlass java/util/jar/Manifest
instanceKlass java/lang/Enum
instanceKlass java/net/URL
instanceKlass java/io/InputStream
instanceKlass java/io/Closeable
instanceKlass java/lang/AutoCloseable
instanceKlass jdk/internal/module/Modules
instanceKlass jdk/internal/misc/Unsafe
instanceKlass jdk/internal/misc/UnsafeConstants
instanceKlass java/lang/AbstractStringBuilder
instanceKlass java/lang/Appendable
instanceKlass java/lang/AssertionStatusDirectives
instanceKlass jdk/internal/foreign/abi/ABIDescriptor
instanceKlass jdk/internal/foreign/abi/NativeEntryPoint
instanceKlass java/lang/invoke/CallSite
instanceKlass java/lang/invoke/MethodType
instanceKlass java/lang/invoke/TypeDescriptor$OfMethod
instanceKlass java/lang/invoke/LambdaForm
instanceKlass java/lang/invoke/MethodHandleNatives
instanceKlass java/lang/invoke/ResolvedMethodName
instanceKlass java/lang/invoke/MemberName
instanceKlass java/lang/invoke/VarHandle
instanceKlass java/lang/invoke/MethodHandle
instanceKlass jdk/internal/reflect/CallerSensitive
instanceKlass java/lang/annotation/Annotation
instanceKlass jdk/internal/reflect/FieldAccessor
instanceKlass jdk/internal/reflect/ConstantPool
instanceKlass jdk/internal/reflect/ConstructorAccessor
instanceKlass jdk/internal/reflect/MethodAccessor
instanceKlass jdk/internal/reflect/MagicAccessorImpl
instanceKlass jdk/internal/vm/StackChunk
instanceKlass jdk/internal/vm/Continuation
instanceKlass jdk/internal/vm/ContinuationScope
instanceKlass java/lang/reflect/Parameter
instanceKlass java/lang/reflect/Member
instanceKlass java/lang/reflect/AccessibleObject
instanceKlass java/lang/Module
instanceKlass java/util/Map
instanceKlass java/util/Dictionary
instanceKlass java/lang/ThreadGroup
instanceKlass java/lang/Thread$UncaughtExceptionHandler
instanceKlass java/lang/Thread$Constants
instanceKlass java/lang/Thread$FieldHolder
instanceKlass java/lang/Thread
instanceKlass java/lang/Runnable
instanceKlass java/lang/ref/Reference
instanceKlass java/lang/Record
instanceKlass java/security/AccessController
instanceKlass java/security/AccessControlContext
instanceKlass java/security/ProtectionDomain
instanceKlass java/lang/SecurityManager
instanceKlass java/lang/Throwable
instanceKlass java/lang/System
instanceKlass java/lang/ClassLoader
instanceKlass java/lang/Cloneable
instanceKlass java/lang/Class
instanceKlass java/lang/invoke/TypeDescriptor$OfField
instanceKlass java/lang/invoke/TypeDescriptor
instanceKlass java/lang/reflect/Type
instanceKlass java/lang/reflect/GenericDeclaration
instanceKlass java/lang/reflect/AnnotatedElement
instanceKlass java/lang/String
instanceKlass java/lang/constant/ConstantDesc
instanceKlass java/lang/constant/Constable
instanceKlass java/lang/CharSequence
instanceKlass java/lang/Comparable
instanceKlass java/io/Serializable
ciInstanceKlass java/lang/Object 1 1 124 7 1 10 12 1 1 10 7 12 1 1 1 10 7 12 1 1 1 10 12 1 1 8 1 10 12 1 1 10 7 12 1 1 1 10 12 1 10 12 1 1 10 7 12 1 1 1 10 12 1 10 12 1 100 1 10 7 12 1 1 1 10 12 1 1 10 12 1 100 1 8 1 10 12 1 3 8 1 7 1 5 0 1 1 1 1 1 1 1 1 1 1 1 1 1 1 1 1 100 1 1 1 1 1 1 1 1 1 1 7 1 1 1 1 1 1 1 1 1 1 3 1 1
ciMethod java/lang/Object clone ()Ljava/lang/Object; 256 0 128 0 -1
ciInstanceKlass java/io/Serializable 1 0 7 100 1 100 1 1 1
ciInstanceKlass java/lang/System 1 1 834 10 7 12 1 1 1 9 7 12 1 1 1 10 12 1 10 12 1 1 10 12 1 1 10 12 1 9 12 1 1 10 7 12 1 1 1 11 100 12 1 1 1 10 100 12 1 1 1 10 12 1 1 10 12 1 1 100 1 8 1 10 12 1 10 7 12 1 1 1 10 7 12 1 1 1 18 12 1 1 10 7 12 1 1 1 7 1 10 12 1 1 10 7 12 1 1 1 10 12 1 10 7 12 1 1 1 9 100 12 1 1 1 10 7 12 1 1 1 11 7 12 1 1 1 10 12 1 1 10 7 12 1 1 1 7 1 10 10 12 1 1 8 1 10 12 1 8 1 10 12 1 9 12 1 1 8 1 10 7 12 1 1 1 10 12 1 1 100 1 8 1 10 9 12 1 1 8 1 10 12 1 1 10 100 12 1 1 1 8 1 10 12 1 7 1 10 12 1 8 1 10 12 1 10 12 1 1 100 1 10 12 10 12 1 9 12 1 1 9 12 1 1 10 7 12 1 1 1 10 7 12 1 1 1 10 12 1 1 10 12 1 10 12 1 10 7 12 1 1 1 10 12 1 100 1 100 1 8 1 10 12 1 10 12 1 1 7 1 10 12 1 100 1 8 1 10 10 12 1 100 1 8 1 10 8 1 10 100 12 1 1 8 1 10 12 100 1 8 1 10 10 12 1 1 10 7 12 1 1 1 100 1 18 12 1 100 1 9 100 12 1 1 1 10 12 1 100 1 10 12 1 1 10 12 1 1 10 7 12 1 1 1 10 12 1 1 10 12 1 10 12 1 10 12 1 1 10 12 1 7 1 10 12 1 9 7 12 1 1 1 10 7 12 1 1 1 10 12 1 10 12 1 10 7 12 1 1 1 7 1 8 1 10 9 12 1 9 12 1 10 12 1 10 7 12 1 1 10 12 1 10 12 1 1 8 1 10 12 1 1 8 1 11 12 1 10 12 11 12 1 1 11 7 12 1 1 1 11 7 12 1 1 11 12 1 1 7 1 11 12 1 10 12 1 8 1 10 12 1 1 8 1 8 1 8 1 8 1 11 12 1 10 12 1 10 12 1 10 12 1 8 1 10 12 1 1 8 1 9 12 1 8 1 10 7 12 1 1 8 1 7 1 9 7 12 1 1 1 10 12 1 7 1 9 12 10 9 12 7 1 10 12 9 12 1 1 8 1 10 12 1 1 8 1 10 7 12 1 1 10 12 1 10 12 1 1 11 7 12 1 1 10 12 10 7 12 1 1 1 9 12 1 1 7 1 8 1 10 12 1 1 10 7 12 1 1 1 7 1 10 12 1 1 10 12 1 8 1 8 1 10 8 1 8 1 8 1 8 1 10 10 7 12 1 1 10 12 1 10 12 1 1 10 12 1 1 10 12 1 10 100 12 1 1 1 10 7 1 8 1 10 10 10 12 1 1 10 12 1 1 8 1 10 12 1 8 1 8 1 10 12 1 10 7 12 1 1 1 10 12 1 1 7 1 10 10 12 1 10 12 1 9 12 1 1 3 1 3 1 1 1 1 1 1 1 1 1 1 1 1 100 1 1 100 1 1 1 1 1 1 1 1 1 1 1 100 1 7 1 1 1 1 1 1 1 1 1 1 1 1 1 1 1 1 1 1 1 1 1 1 1 1 1 1 1 1 1 1 1 1 1 1 1 1 1 1 1 1 1 1 1 1 1 1 1 1 1 1 1 1 1 1 1 1 1 1 100 1 1 1 1 1 1 1 1 1 1 1 1 1 1 1 1 1 1 1 1 1 1 1 1 1 1 1 1 1 1 1 1 1 100 1 1 16 15 10 12 1 1 16 15 10 12 16 1 15 10 100 12 1 1 1 1 1 1 1 1 1 100 1 100 1 1
staticfield java/lang/System in Ljava/io/InputStream; java/io/BufferedInputStream
staticfield java/lang/System out Ljava/io/PrintStream; java/io/PrintStream
staticfield java/lang/System err Ljava/io/PrintStream; java/io/PrintStream
ciInstanceKlass java/lang/SecurityManager 0 0 576 10 7 12 1 1 1 9 7 12 1 1 1 10 7 12 1 1 1 100 1 8 1 10 12 1 10 12 1 1 10 7 12 1 1 1 10 7 1 10 100 1 10 9 100 12 1 1 1 10 7 12 1 1 1 10 12 1 1 10 7 12 1 1 100 1 8 1 10 9 12 1 1 9 12 1 8 1 9 12 1 7 1 10 8 1 10 12 1 1 10 12 1 10 12 1 1 100 1 10 10 12 1 1 100 1 8 1 10 12 1 8 1 8 1 8 1 8 1 8 1 8 1 10 12 1 8 1 8 1 8 1 8 1 8 1 10 7 12 1 1 1 10 12 1 1 8 1 100 1 8 1 10 8 1 8 1 8 1 8 1 8 1 10 100 12 1 1 8 1 100 1 8 1 8 1 10 8 1 10 12 1 100 1 8 1 10 10 12 1 1 10 12 1 10 12 1 10 12 1 10 100 12 1 1 1 10 12 1 10 100 12 1 1 11 100 12 1 1 1 18 12 1 1 11 100 12 1 1 1 18 12 1 1 11 12 1 1 18 18 11 12 1 18 12 1 11 12 1 1 9 12 1 1 9 12 1 9 12 1 9 12 1 100 1 10 100 12 1 1 10 12 1 10 12 1 18 12 1 18 10 100 12 1 1 1 18 12 1 10 12 1 18 18 8 1 10 12 1 9 12 1 1 11 7 12 1 1 1 8 1 100 1 10 12 1 10 12 1 1 10 12 1 1 9 12 1 1 10 12 1 10 12 1 1 8 1 100 1 10 9 12 1 8 1 10 12 1 8 1 100 1 10 10 100 12 1 1 10 100 1 9 7 12 1 1 1 11 12 1 1 10 12 1 11 12 1 10 12 1 7 1 10 10 12 1 1 10 12 1 1 1 1 1 1 1 1 1 1 1 7 1 1 1 1 1 1 1 1 1 1 1 1 1 1 1 1 1 1 1 1 1 1 1 1 1 1 1 1 1 1 1 1 1 1 1 1 1 1 1 1 1 1 1 1 1 1 1 1 1 1 1 1 1 1 1 1 3 1 1 1 1 1 1 1 1 1 1 100 1 1 1 1 1 1 1 1 1 1 1 1 1 1 1 1 1 1 1 1 1 1 1 1 1 1 1 1 1 1 1 1 1 1 1 1 1 1 16 15 10 7 12 1 1 1 16 1 16 15 10 12 16 1 15 10 12 16 15 11 7 1 16 1 16 1 15 10 12 16 15 10 12 16 15 10 12 1 16 1 15 11 12 1 15 10 12 16 15 10 16 1 15 10 100 12 1 1 1 1 1 1 100 1 100 1 1
ciInstanceKlass java/security/AccessController 1 1 295 10 7 12 1 1 1 10 7 12 1 1 1 10 7 12 1 1 1 10 12 1 1 10 12 1 1 10 7 12 1 1 1 10 12 1 1 10 12 1 10 12 1 1 10 12 1 100 1 8 1 10 12 1 10 12 1 10 12 1 1 10 12 1 7 1 7 1 10 12 1 1 10 12 1 10 12 1 10 12 1 1 10 7 12 1 1 1 10 12 1 1 9 100 12 1 1 1 10 7 12 1 1 1 10 12 1 10 12 1 9 100 12 1 1 1 10 12 1 10 12 1 1 9 12 1 1 10 100 1 10 11 7 12 1 1 1 10 7 12 1 1 11 7 1 100 1 10 12 1 10 12 1 10 12 1 8 1 10 12 1 1 8 1 10 100 12 1 1 1 8 1 7 1 10 10 12 1 1 10 12 1 10 7 12 1 1 1 10 12 1 8 1 10 7 12 1 1 8 1 8 1 10 12 1 8 1 10 12 1 10 12 1 1 10 12 1 1 1 1 1 1 1 1 1 1 1 1 1 1 1 1 1 1 1 1 1 1 1 1 1 1 1 1 100 1 1 1 1 1 1 1 1 1 1 1 1 1 1 1 1 1 1 1 1 1 1 1 1 1 1 1 1 1 1 1 1 1 1 100 1 100 1 1 1 1 1 1 1 1 1 3 1 1 1
staticfield java/security/AccessController $assertionsDisabled Z 1
ciInstanceKlass java/security/ProtectionDomain 1 1 348 10 7 12 1 1 1 9 7 12 1 1 1 7 1 10 9 12 1 1 9 12 1 1 9 12 1 1 10 7 12 1 1 7 1 9 12 1 9 12 1 1 7 1 9 12 1 1 9 12 1 10 100 12 1 1 10 100 12 1 1 1 10 12 1 1 10 12 1 9 12 1 9 100 12 1 1 10 12 1 1 10 100 1 10 12 1 1 8 1 7 1 8 1 10 12 1 10 11 10 7 12 1 1 1 10 12 1 1 8 1 11 8 1 10 12 1 8 1 8 1 10 12 1 1 10 12 1 10 12 1 1 10 12 1 8 1 10 12 1 8 1 8 1 10 7 12 1 1 1 9 100 12 1 1 1 10 12 1 1 9 100 12 1 1 1 10 7 12 1 1 1 100 1 18 12 1 1 10 7 12 1 1 1 10 7 1 10 12 1 10 12 1 1 11 100 12 1 1 11 12 1 100 1 11 7 12 1 1 1 10 12 1 10 11 12 1 1 11 12 1 1 10 12 1 10 7 12 1 1 10 100 12 1 1 11 12 1 10 12 10 12 1 8 1 8 1 10 7 12 1 1 1 7 1 10 10 7 12 1 1 1 1 1 1 1 1 1 1 7 1 1 7 1 1 1 1 1 1 1 1 1 1 1 1 1 1 1 1 1 1 1 1 1 1 1 1 1 1 1 1 1 1 1 1 1 1 1 1 1 1 1 1 1 1 1 1 7 1 1 1 1 1 1 100 1 1 16 15 10 12 16 15 10 100 12 1 1 1 1 1 1 1 100 1 100 1 1
staticfield java/security/ProtectionDomain filePermCompatInPD Z 0
ciInstanceKlass java/security/CodeSource 1 1 398 10 7 12 1 1 1 9 7 12 1 1 1 9 12 1 1 9 12 1 1 9 12 1 1 10 7 12 1 1 1 9 12 1 1 10 100 12 1 1 10 100 10 7 12 1 1 1 10 100 12 1 1 1 10 12 1 1 7 1 10 10 100 12 1 1 1 10 100 12 1 1 1 10 12 1 1 100 1 10 12 1 1 10 12 1 1 10 12 1 1 10 12 1 10 10 10 12 1 1 10 7 12 1 1 1 10 12 1 10 12 1 10 12 1 8 1 10 12 1 10 12 1 10 12 1 1 10 12 1 8 1 10 12 1 1 10 7 1 10 10 12 1 1 8 1 10 12 1 10 12 1 10 12 1 8 1 8 1 9 12 1 1 100 1 8 1 10 12 1 10 12 1 1 8 1 10 12 1 8 1 8 1 8 1 10 100 12 1 1 10 12 1 1 10 12 1 10 12 1 1 10 12 1 1 10 12 1 1 100 1 100 1 10 12 1 10 12 10 12 1 1 10 100 12 1 1 10 12 1 7 1 10 12 10 100 12 1 1 1 10 8 1 10 12 1 10 12 1 10 12 1 1 100 1 10 12 1 1 100 1 7 1 8 1 8 1 10 10 12 1 1 10 100 12 1 1 1 7 1 10 12 10 12 1 1 11 7 12 1 1 10 10 12 1 11 10 12 1 8 1 100 1 10 12 1 10 12 1 1 10 12 1 11 12 1 1 7 1 1 1 1 5 0 1 1 1 1 1 1 1 1 1 1 1 1 1 1 1 1 1 1 1 1 1 1 1 1 1 1 1 1 1 1 1 1 1 1 1 1 1 1 1 1 1 1 1 1 1 1 1 1 1 1 1 1 1 1 1 1 1 1 1 1 1 1 1 1 1 1 100 1 1 1 1 1 1 1
ciInstanceKlass java/lang/Boolean 1 1 152 10 7 12 1 1 1 9 7 12 1 1 1 10 12 1 1 10 12 1 8 1 10 7 12 1 1 9 12 1 1 9 12 1 10 12 1 1 10 12 1 1 10 12 1 1 10 7 12 1 1 1 100 1 100 1 10 12 1 1 9 100 12 1 1 9 12 10 100 12 1 1 1 10 12 1 1 8 1 10 7 12 1 1 1 9 12 1 1 7 1 7 1 7 1 1 1 1 1 1 5 0 1 1 1 1 1 1 1 1 1 1 3 1 1 1 1 1 1 1 1 1 1 1 1 1 1 1 1 1 1 7 1 1 1 1 1 1 1 1 1 1 100 1 1 1 1 1 1 1 1 1
staticfield java/lang/Boolean TRUE Ljava/lang/Boolean; java/lang/Boolean
staticfield java/lang/Boolean FALSE Ljava/lang/Boolean; java/lang/Boolean
staticfield java/lang/Boolean TYPE Ljava/lang/Class; java/lang/Class
ciInstanceKlass java/lang/Comparable 1 0 12 100 1 100 1 1 1 1 1 1 1 1
ciInstanceKlass java/lang/constant/Constable 1 0 11 100 1 100 1 1 1 1 1 1 1
ciInstanceKlass java/util/Map 1 1 263 11 7 12 1 1 1 11 12 1 1 10 7 12 1 1 11 12 1 1 11 7 12 1 1 1 11 100 12 1 1 1 11 12 1 1 7 1 11 12 1 11 12 1 100 1 100 1 10 12 1 1 11 100 12 1 1 1 11 100 12 1 1 1 11 12 1 11 12 1 10 12 1 1 11 12 1 11 7 12 1 9 7 12 1 1 1 7 1 10 12 7 1 7 1 10 12 1 7 1 10 7 1 11 12 1 11 12 1 1 11 12 1 1 7 1 11 12 1 1 1 1 1 1 1 1 1 1 1 1 1 1 1 1 1 1 1 1 1 1 1 1 1 1 1 1 1 1 1 1 1 1 1 1 1 1 1 1 1 1 1 1 1 1 1 1 1 1 1 1 1 1 1 1 1 1 1 1 1 1 1 1 1 1 1 1 1 1 1 1 1 1 1 1 1 1 1 1 1 1 1 1 1 1 1 1 1 1 1 1 1 1 1 1 1 1 1 1 1 1 1 1 1 1 1 1 1 1 1 1 1 1 1 1 1 1 1 1 1 1 1 1 1 1 100 1 1 1 1 1 1 1 1 1 1 1 1 1 1 1 1 1 1
ciInstanceKlass java/lang/Class 1 1 1687 10 7 12 1 1 1 9 7 12 1 1 1 9 12 1 1 10 12 1 1 8 1 10 12 1 8 1 8 1 10 12 1 1 10 7 12 1 1 1 10 12 1 7 1 10 10 12 1 10 12 1 1 10 12 1 1 10 12 1 1 10 100 12 1 1 10 12 1 10 12 1 10 12 1 8 1 10 12 1 8 1 10 12 1 8 1 8 1 10 12 1 1 10 100 12 1 1 1 18 12 1 1 11 100 12 1 1 1 8 1 8 1 8 1 10 100 12 1 1 1 11 12 1 1 8 1 10 12 1 10 11 100 12 1 1 1 11 7 12 1 1 1 11 8 1 18 8 1 10 12 1 10 7 12 1 1 10 12 1 1 10 7 12 1 1 1 10 12 1 1 10 12 1 1 10 7 12 1 1 1 10 12 9 100 12 1 1 1 10 7 12 1 1 1 10 12 1 10 7 12 1 1 1 10 12 1 1 18 12 1 1 10 7 12 1 1 1 10 7 12 1 10 12 1 1 10 7 1 7 1 10 12 1 1 9 12 1 1 100 1 8 1 10 12 1 10 12 1 1 10 12 1 1 10 7 12 1 1 1 100 1 10 12 1 100 1 100 1 10 10 12 1 1 10 12 1 1 100 1 10 7 12 1 1 1 10 12 1 1 10 12 1 1 9 12 1 1 10 12 1 10 12 1 1 9 12 1 1 9 12 1 1 10 12 1 1 10 100 1 10 12 1 10 12 1 10 12 1 1 10 9 12 1 10 12 1 8 1 10 12 1 1 10 12 1 1 10 12 1 10 12 1 1 10 12 1 1 10 12 1 1 9 7 12 1 1 1 10 100 12 1 1 10 12 10 12 1 10 12 1 10 12 1 10 12 1 9 100 12 1 1 1 9 12 1 10 12 1 10 100 12 1 1 1 10 12 1 1 10 100 12 1 1 10 12 1 10 12 1 1 10 100 12 1 1 1 10 12 1 10 12 1 1 10 12 1 10 12 1 10 12 1 1 10 7 1 10 10 10 12 1 1 10 12 1 1 10 12 10 10 12 1 1 7 1 8 1 10 10 12 1 1 10 12 1 100 1 11 12 1 10 100 12 1 1 10 12 1 10 12 1 10 100 12 1 1 10 10 12 1 1 8 1 10 12 1 10 12 1 1 8 1 10 12 1 9 12 1 10 12 1 10 12 1 10 12 1 10 12 7 1 9 12 1 10 12 1 9 12 1 10 12 1 10 12 1 10 12 1 10 10 12 1 10 12 1 10 100 12 1 1 10 12 1 10 12 1 10 12 1 1 10 12 1 10 12 1 10 12 1 100 1 10 12 1 10 12 1 1 10 12 1 1 10 12 1 1 10 12 1 1 10 12 1 1 10 12 1 1 100 1 10 10 12 1 1 10 12 1 1 10 12 1 1 10 10 12 1 10 12 1 1 10 12 1 1 10 12 1 1 10 12 1 1 7 1 10 10 12 11 7 12 1 1 10 12 1 10 12 1 10 7 12 1 1 1 10 12 1 1 10 10 12 1 1 7 1 10 10 12 1 1 10 7 12 1 1 1 100 1 100 1 10 12 1 1 10 12 1 10 10 12 1 1 10 12 1 10 12 1 10 12 1 10 100 12 1 1 1 11 100 12 1 1 10 12 1 10 12 1 9 12 1 10 12 1 1 10 12 1 9 7 12 1 1 1 9 12 1 10 100 12 1 1 1 10 12 1 10 12 1 10 100 12 1 1 1 10 12 1 10 12 10 12 1 1 100 1 10 8 1 10 12 1 11 11 12 1 1 11 7 12 1 1 11 12 1 8 1 10 12 1 10 12 1 1 9 12 1 9 12 1 1 10 7 12 1 1 9 12 1 10 12 1 1 10 10 12 1 10 7 12 1 1 1 10 100 12 1 1 10 100 12 1 1 9 12 1 1 10 12 1 9 12 1 10 12 1 10 12 1 1 9 12 1 1 9 12 1 10 12 1 10 12 1 1 9 12 1 100 1 10 10 12 1 1 7 1 10 12 1 1 100 11 7 1 9 12 1 1 9 12 1 7 1 10 12 1 9 12 1 1 9 12 1 10 12 1 10 12 1 1 9 12 1 100 1 10 10 12 1 1 10 10 12 1 10 12 10 10 12 1 9 12 1 10 12 1 1 10 7 12 1 1 1 10 12 1 1 10 12 1 8 10 100 8 1 18 8 1 8 1 10 12 1 9 12 1 9 12 1 1 10 12 1 7 1 7 1 10 12 1 9 12 1 1 7 1 10 10 12 1 10 7 1 9 12 1 8 1 10 12 1 7 1 10 12 1 10 12 1 1 100 1 7 1 9 12 1 100 1 8 1 10 10 7 12 1 1 1 10 12 11 7 12 1 1 1 10 12 1 10 12 1 1 10 8 1 8 1 10 12 1 1 9 100 12 1 1 11 12 7 1 11 7 12 1 1 9 12 1 10 100 12 1 1 1 10 100 12 1 1 10 12 1 1 9 12 1 9 10 12 1 1 10 12 1 1 10 12 1 1 10 12 1 1 10 12 1 1 11 12 1 100 1 11 12 1 10 100 12 1 1 1 10 12 1 11 12 1 10 100 12 1 1 1 10 12 1 10 100 12 1 1 1 11 12 1 11 12 1 1 10 12 1 10 12 1 1 9 12 1 1 9 100 12 1 1 10 12 1 10 100 12 1 1 1 10 12 1 1 10 12 1 10 12 1 10 12 1 10 7 12 1 1 1 10 12 1 8 1 10 12 1 10 12 1 10 12 1 100 1 10 12 10 100 12 1 1 1 11 100 12 1 1 1 10 12 1 1 10 12 1 18 12 1 1 11 12 1 1 18 11 12 1 18 12 1 11 12 1 10 12 1 1 10 12 1 10 12 1 10 12 1 10 12 1 10 12 10 12 1 8 1 10 12 1 7 1 9 12 1 1 7 1 7 1 7 1 7 1 1 1 3 1 3 1 3 1 1 1 1 1 1 1 5 0 1 1 1 1 1 1 1 1 1 1 1 1 1 1 1 1 1 1 1 1 1 1 1 1 100 1 1 1 1 1 1 1 100 1 1 1 1 1 7 1 1 1 1 1 1 1 1 1 1 1 1 1 1 1 1 1 1 1 1 1 1 1 1 1 1 1 1 1 1 1 1 1 1 1 1 1 1 1 1 1 1 100 1 1 1 1 1 1 1 1 1 1 1 1 1 1 1 1 1 1 1 1 1 1 1 1 1 1 1 1 1 1 1 100 1 1 1 1 1 1 1 1 1 1 1 1 1 1 1 1 1 1 1 1 3 1 1 1 1 1 1 1 1 1 1 1 1 1 1 1 1 1 1 1 1 1 1 1 1 1 1 1 1 1 1 1 1 1 1 1 7 1 7 1 1 1 1 1 1 1 7 1 1 1 1 1 1 1 1 1 1 1 1 1 1 1 1 1 1 1 1 1 1 1 1 1 1 1 1 1 1 1 1 1 1 1 1 1 1 1 1 1 1 1 1 1 1 1 1 1 1 1 1 1 1 1 1 1 1 1 1 1 1 1 1 1 1 1 1 1 1 1 1 1 1 1 1 1 1 1 1 1 1 1 1 1 1 1 1 1 1 1 1 1 1 1 1 1 1 1 1 1 1 1 1 1 1 1 1 1 1 1 1 1 1 1 1 1 1 1 1 1 1 1 1 16 15 10 12 16 15 11 12 16 1 16 15 16 15 10 12 16 16 15 10 12 16 15 16 1 15 10 12 16 15 10 100 12 1 1 1 1 1 1 1 1 1 1 1 1 1 7 1 1 100 1 100 1 1 100 1 100 1 1 100 1 100 1 1
staticfield java/lang/Class EMPTY_CLASS_ARRAY [Ljava/lang/Class; 0 [Ljava/lang/Class;
staticfield java/lang/Class serialPersistentFields [Ljava/io/ObjectStreamField; 0 [Ljava/io/ObjectStreamField;
ciInstanceKlass java/lang/reflect/AnnotatedElement 1 1 164 11 7 12 1 1 1 11 12 1 1 7 1 10 100 12 1 1 1 10 12 1 1 10 12 1 1 10 12 1 10 100 12 1 1 1 11 12 1 1 11 7 12 1 1 10 7 12 1 1 1 10 12 1 10 100 12 1 1 1 18 12 1 1 11 100 12 1 1 18 12 1 18 12 1 1 10 100 12 1 1 1 11 100 12 1 1 1 7 1 10 100 12 1 1 1 1 1 1 1 1 1 1 1 1 1 1 1 1 1 1 1 1 1 1 1 1 1 100 1 1 1 1 1 1 1 1 1 1 1 16 15 16 1 16 1 15 11 12 16 16 1 15 10 100 12 1 1 1 16 1 15 10 100 12 1 1 1 1 100 1 100 1 1
ciInstanceKlass java/lang/invoke/TypeDescriptor 1 0 17 100 1 100 1 1 1 1 1 1 100 1 100 1 1 1 1
ciInstanceKlass java/lang/reflect/GenericDeclaration 1 0 30 7 1 7 1 7 1 1 1 1 1 1 1 1 100 1 8 1 1 12 10 1 1 1 8 1 1 1 8 1
ciInstanceKlass java/lang/reflect/Type 1 1 17 11 100 12 1 1 1 100 1 1 1 1 1 1 1 1 1
ciInstanceKlass java/lang/invoke/TypeDescriptor$OfField 1 0 21 100 1 100 1 100 1 1 1 1 1 1 1 1 1 1 1 1 1 1 1
ciInstanceKlass java/lang/StringBuilder 1 1 422 10 7 12 1 1 1 10 12 1 10 12 1 10 12 1 1 10 7 12 1 1 1 10 7 12 1 1 1 10 12 1 10 12 1 10 12 1 10 12 1 10 12 1 10 12 1 10 12 1 10 12 1 10 12 1 10 12 1 10 12 1 10 12 1 10 12 1 10 12 1 1 10 12 1 10 12 1 1 10 12 1 1 10 12 1 10 12 1 10 12 1 10 12 1 10 12 1 10 12 1 10 12 1 10 12 10 12 1 10 12 1 10 12 1 10 12 1 1 10 12 1 10 12 1 10 12 10 12 1 1 10 12 1 10 12 1 10 12 1 10 100 12 1 1 1 9 12 1 1 10 12 1 10 12 1 1 10 12 1 1 9 12 1 1 10 100 12 1 1 1 10 100 1 10 12 1 1 10 100 12 1 1 10 12 1 10 12 1 1 100 1 100 1 8 1 10 10 12 1 1 10 12 1 10 12 1 10 12 1 1 10 12 1 10 12 1 10 12 1 10 12 1 10 12 1 10 12 10 12 1 10 12 1 10 12 1 10 12 1 10 12 1 10 12 1 10 12 1 10 12 1 10 12 1 1 10 12 1 1 10 12 1 10 12 1 10 12 1 10 12 10 12 10 12 1 10 12 1 10 12 1 10 12 10 12 1 10 12 1 10 12 1 10 12 1 10 12 1 10 12 1 10 12 1 10 12 1 10 12 1 1 10 12 1 10 12 1 1 10 12 1 10 12 1 1 10 12 1 10 12 1 1 10 12 1 10 12 1 10 12 1 10 10 12 1 10 12 1 7 1 7 1 7 1 7 1 1 1 1 5 0 1 1 1 1 1 1 1 1 1 1 1 1 1 1 1 1 1 1 1 1 1 1 1 1 1 1 1 1 1 1 1 1 1 1 1 1 1 1 1 1 1 1 1 1 100 1 1 1 7 1 1 1 1 1 1 1 1 1 1 1
instanceKlass java/lang/StringBuilder
instanceKlass java/lang/StringBuffer
ciInstanceKlass java/lang/AbstractStringBuilder 1 1 609 7 1 10 7 12 1 1 1 9 7 12 1 1 1 9 12 1 9 12 1 1 9 12 1 1 10 100 12 1 1 1 10 12 1 1 7 1 3 3 10 12 1 10 12 1 1 11 7 1 100 1 7 1 10 8 1 10 12 1 10 12 1 10 12 1 1 10 12 1 10 12 1 9 12 1 10 12 1 9 12 1 1 10 12 1 1 10 7 12 1 1 1 10 10 12 1 10 12 1 10 12 1 1 10 12 1 1 10 7 12 1 1 1 10 7 12 1 1 1 7 1 8 1 10 10 12 1 1 100 1 10 12 10 12 1 1 10 10 7 12 1 1 1 10 12 1 1 10 12 1 1 10 12 1 1 10 12 1 1 10 10 7 12 1 1 1 10 12 1 100 1 10 10 7 12 1 1 1 9 12 1 1 9 12 1 10 12 1 1 10 10 12 1 1 10 12 10 12 1 10 12 1 1 10 12 1 1 10 12 1 1 10 12 1 10 12 1 1 10 12 1 1 10 12 1 10 12 1 1 8 1 10 12 1 1 10 12 1 10 12 1 10 12 1 10 12 1 10 12 1 10 12 1 10 7 12 1 1 10 12 1 10 12 1 10 100 12 1 1 1 100 1 100 1 10 12 1 10 100 12 1 1 10 12 1 10 12 1 1 10 12 1 10 12 1 1 10 12 1 10 12 1 1 10 12 1 1 10 10 7 12 1 1 1 10 12 1 10 12 1 10 12 1 1 10 12 1 10 12 1 10 12 1 10 12 1 10 12 1 10 12 1 10 12 1 10 12 1 1 10 12 1 10 12 1 10 12 10 12 1 1 18 12 1 1 100 1 10 100 12 1 1 1 18 10 12 1 1 10 12 1 1 10 12 1 10 12 1 1 11 12 1 1 10 12 1 10 12 10 10 10 12 1 10 5 0 10 10 12 1 1 100 1 8 1 10 10 12 1 1 10 100 12 1 1 1 10 12 1 10 12 1 1 100 1 10 12 100 1 10 100 1 10 7 1 1 1 1 1 1 1 1 1 1 1 100 1 1 1 1 1 1 1 1 1 1 1 1 1 1 1 1 1 1 1 1 1 1 1 1 1 1 1 1 1 1 1 1 1 1 1 1 1 1 1 1 1 1 1 1 1 1 1 1 1 1 1 1 1 1 1 1 1 1 1 1 1 1 1 1 1 1 1 1 1 1 1 1 1 1 1 1 1 1 1 1 1 1 1 1 1 1 1 1 1 1 1 1 1 1 1 1 1 1 1 100 1 1 1 1 1 1 1 1 1 1 1 1 1 1 1 1 1 100 1 1 1 1 1 1 7 1 1 16 1 15 10 12 16 15 10 12 15 10 100 12 1 1 1 1 1 1 1 100 1 100 1 1
staticfield java/lang/AbstractStringBuilder EMPTYVALUE [B 0
ciMethod java/lang/StringBuilder toString ()Ljava/lang/String; 98 0 63299 0 1340
ciMethod java/lang/StringBuilder length ()I 3046 0 52144 0 0
ciInstanceKlass java/lang/Appendable 1 0 14 100 1 100 1 1 1 1 100 1 1 1 1 1
ciInstanceKlass java/lang/CharSequence 1 1 131 11 7 12 1 1 1 18 12 1 1 100 1 10 100 12 1 1 1 18 10 100 12 1 1 1 11 12 1 1 11 7 1 11 12 1 1 10 100 12 1 1 1 11 12 1 1 100 1 10 12 1 1 10 100 12 1 1 1 100 1 10 10 12 1 1 7 1 1 1 1 1 1 1 1 1 1 1 1 1 1 1 1 1 1 1 1 1 1 1 1 1 1 1 1 1 1 1 1 1 16 1 15 11 12 16 15 11 12 15 10 100 12 1 1 1 1 1 100 1 100 1 1 100 1 1 100 1 100 1 1
ciInstanceKlass java/lang/AutoCloseable 1 0 12 100 1 100 1 1 1 1 100 1 1 1
ciInstanceKlass java/io/Closeable 1 0 14 100 1 100 1 100 1 1 1 1 100 1 1 1
instanceKlass sun/nio/fs/UnixException
instanceKlass java/lang/InterruptedException
instanceKlass java/security/PrivilegedActionException
instanceKlass java/net/URISyntaxException
instanceKlass jdk/tools/jlink/internal/TaskHelper$BadArgs
instanceKlass java/io/IOException
instanceKlass java/lang/ReflectiveOperationException
instanceKlass java/lang/RuntimeException
ciInstanceKlass java/lang/Exception 1 1 40 10 7 12 1 1 1 10 12 1 10 12 1 10 12 1 10 12 1 100 1 1 1 1 5 0 1 1 1 1 1 1 1 1 1 1 1 1 1 1
instanceKlass java/lang/Exception
instanceKlass java/lang/Error
ciInstanceKlass java/lang/Throwable 1 1 404 10 7 12 1 1 1 9 7 12 1 1 1 9 12 1 1 9 12 1 9 12 1 1 9 12 1 10 12 1 1 9 12 1 1 10 12 1 1 10 12 1 100 1 7 1 10 8 1 10 12 1 1 8 1 10 100 12 1 1 10 10 12 1 100 1 8 1 10 10 12 1 1 10 7 12 1 1 10 12 1 8 1 9 7 12 1 1 1 10 12 1 1 100 1 10 12 10 12 1 10 100 12 1 1 1 100 1 10 12 10 12 1 10 12 1 100 1 10 10 7 12 1 1 1 11 100 12 1 1 1 10 12 1 1 10 12 1 1 8 1 10 12 1 10 12 1 1 8 1 8 1 10 12 1 1 10 12 1 8 1 8 1 9 12 1 1 10 12 1 1 100 1 10 11 12 1 8 1 8 1 10 7 12 1 1 8 1 10 12 1 8 1 100 1 10 12 1 9 12 1 1 10 12 1 10 100 12 1 9 12 1 1 10 12 1 1 100 1 8 1 10 12 1 10 100 12 1 1 10 12 1 1 7 1 10 100 12 1 1 1 10 12 1 11 7 12 1 1 1 11 7 12 1 1 11 12 1 8 1 10 12 1 1 8 1 10 10 9 100 12 1 1 1 8 1 10 12 1 1 11 10 100 1 8 1 10 11 12 1 1 8 1 9 12 1 10 100 12 1 1 11 9 12 1 1 11 12 1 1 100 10 12 1 10 12 1 1 7 1 1 1 1 5 0 1 1 1 1 1 1 1 1 1 1 1 1 1 7 1 1 1 1 1 1 1 1 1 1 1 1 1 1 1 1 1 1 1 1 1 1 1 1 1 1 1 1 1 1 1 1 1 1 1 1 1 1 1 1 1 1 1 1 100 1 7 1 1 1 1 1 1 1 1 1 1 1 1 1 1 1 1 1 1
staticfield java/lang/Throwable UNASSIGNED_STACK [Ljava/lang/StackTraceElement; 0 [Ljava/lang/StackTraceElement;
staticfield java/lang/Throwable SUPPRESSED_SENTINEL Ljava/util/List; java/util/Collections$EmptyList
staticfield java/lang/Throwable EMPTY_THROWABLE_ARRAY [Ljava/lang/Throwable; 0 [Ljava/lang/Throwable;
staticfield java/lang/Throwable $assertionsDisabled Z 1
instanceKlass java/security/Provider
ciInstanceKlass java/util/Properties 1 1 772 10 7 12 1 1 1 100 1 10 7 12 1 1 7 1 10 12 1 9 12 1 1 9 12 1 1 9 12 1 1 10 7 12 1 1 1 10 12 1 1 8 1 10 7 12 1 1 1 7 1 10 12 1 10 12 1 1 8 1 10 12 1 7 1 10 12 10 12 1 1 9 12 1 1 10 12 1 1 7 1 10 12 1 10 12 1 10 12 1 1 100 1 8 1 10 12 1 10 12 1 10 12 1 1 10 12 1 7 1 3 10 10 100 12 1 1 1 10 12 1 10 12 1 1 8 1 10 12 1 10 12 1 1 8 1 10 100 12 1 1 10 12 1 1 10 12 1 10 12 1 1 100 1 10 12 1 10 12 1 1 100 1 9 100 12 1 1 1 10 12 1 10 12 1 1 10 12 1 1 10 12 1 1 100 1 9 12 1 1 100 1 7 1 10 12 1 7 1 11 100 12 1 1 1 11 12 1 1 11 7 12 1 1 1 11 7 12 1 1 1 11 12 1 1 11 12 1 11 12 1 10 12 1 1 8 1 10 12 1 10 100 12 1 1 10 12 1 10 12 1 10 12 1 100 1 10 10 12 1 1 10 7 12 1 1 9 100 12 1 1 10 12 1 1 10 100 12 1 1 1 100 1 100 1 100 1 10 8 1 8 1 10 12 1 10 12 1 10 12 1 1 10 10 12 1 1 10 12 1 1 100 1 10 10 12 1 11 7 12 1 1 10 100 12 1 1 1 8 1 10 100 12 1 1 11 11 100 1 8 1 10 100 1 11 10 12 1 10 10 12 1 10 12 1 1 10 12 1 1 10 12 1 1 10 12 1 10 12 1 10 10 12 1 10 12 1 10 12 1 10 10 12 1 1 10 12 1 1 10 10 12 1 10 12 1 10 12 1 10 12 1 10 12 1 1 10 12 1 1 10 12 1 10 12 1 10 12 1 1 10 12 10 12 1 1 10 12 1 1 10 12 1 10 12 1 1 10 12 1 1 10 12 10 11 12 1 4 11 10 12 1 1 10 100 12 1 1 11 12 1 10 12 1 1 10 100 12 1 1 10 12 1 100 1 8 1 10 12 1 10 10 100 12 1 1 1 100 1 6 0 10 12 1 1 11 100 12 1 1 1 10 12 1 18 12 1 1 10 7 12 1 1 1 100 1 10 10 100 1 8 1 9 100 12 1 1 1 10 12 1 8 1 10 100 12 1 1 1 10 12 1 1 5 0 10 7 12 1 1 1 10 12 1 10 12 1 1 8 1 10 7 12 1 1 10 12 1 1 1 1 1 5 0 1 1 1 1 1 1 1 1 1 1 1 1 1 1 1 1 1 1 1 1 1 1 1 1 1 1 1 1 1 1 1 1 1 1 1 1 1 1 1 100 1 1 1 1 1 1 1 1 1 1 1 1 1 1 1 1 1 1 1 1 100 1 1 1 1 1 1 1 1 1 1 1 1 7 1 7 1 1 1 1 1 100 1 1 1 1 1 1 1 1 1 1 1 1 1 1 1 1 1 1 1 1 1 1 1 1 1 1 1 1 1 1 1 1 1 1 1 1 1 1 1 1 1 1 1 1 1 1 1 1 1 1 1 1 1 1 1 1 1 1 1 1 1 1 1 1 1 1 1 1 1 1 1 1 1 1 1 1 1 7 1 1 1 1 1 1 1 1 1 1 1 1 1 16 15 10 12 16 15 10 100 12 1 1 1 1 1 1 1 1 100 1 1 100 1 100 1 1
staticfield java/util/Properties UNSAFE Ljdk/internal/misc/Unsafe; jdk/internal/misc/Unsafe
instanceKlass java/util/Hashtable
ciInstanceKlass java/util/Dictionary 1 1 36 10 7 12 1 1 1 100 1 1 1 1 1 1 1 1 1 1 1 1 1 1 1 1 1 1 1 1 1 1 1 1 1 1 1 1
instanceKlass java/util/Properties
ciInstanceKlass java/util/Hashtable 1 1 516 7 1 10 7 12 1 1 1 9 7 12 1 1 1 100 1 7 1 10 8 1 10 12 1 1 10 12 1 10 12 1 1 10 12 1 10 7 12 1 1 1 8 1 10 12 1 9 12 1 1 7 1 9 12 1 1 4 10 7 12 1 1 1 9 12 1 4 10 12 1 11 7 12 1 1 1 10 12 1 1 10 12 1 1 9 12 1 10 12 1 1 100 1 10 9 12 1 1 10 7 12 1 1 1 9 12 1 1 10 12 1 10 12 1 3 9 12 1 9 12 1 3 10 12 1 10 12 1 10 12 1 1 11 12 1 1 11 100 12 1 1 1 11 7 12 1 1 1 11 12 1 100 1 11 12 1 11 12 1 10 12 1 1 10 12 1 1 10 12 1 9 12 1 1 9 12 9 12 1 1 10 100 1 7 1 10 12 1 10 8 1 10 10 12 1 8 1 10 8 1 10 100 12 1 1 1 100 1 10 12 1 10 12 1 100 1 10 12 1 10 12 1 1 100 1 10 100 1 10 10 12 1 1 11 12 1 1 11 12 1 7 1 10 10 10 100 12 1 1 11 100 12 1 1 1 100 1 10 11 100 12 1 1 11 100 12 1 10 12 1 10 12 1 1 10 100 12 1 1 10 12 1 1 10 12 1 1 10 12 1 1 10 100 12 1 1 1 8 10 100 12 1 1 100 1 8 1 10 4 4 10 12 1 1 10 12 1 8 1 4 10 12 10 100 12 1 1 1 100 1 11 100 12 1 1 1 10 100 12 1 1 1 10 12 1 10 12 1 1 10 7 1 7 1 1 1 1 1 1 5 0 1 1 1 1 1 3 1 3 1 3 1 1 1 1 1 1 1 1 1 1 1 1 1 1 1 1 1 1 1 1 1 1 1 1 1 100 1 1 1 1 1 1 1 1 1 1 1 1 1 1 1 1 1 1 1 1 1 1 1 1 1 1 1 1 1 7 1 1 1 1 1 1 1 1 1 1 1 1 1 1 7 1 1 1 1 1 1 1 1 1 1 1 1 1 1 1 1 1 1 1 1 1 1 1 1 1 1 1 1 1 1 1 1 1 1 1 1 1 1 1 1 1 1 1 1 100 1 1 1 7 1 1 1 1 1 7 1 1 1 1 1 1 1 1 1 1 1 1 1 1 1 1 1 1
ciInstanceKlass java/lang/String 1 1 1451 10 7 12 1 1 1 8 1 9 7 12 1 1 1 9 12 1 1 9 12 1 1 9 12 1 1 10 12 1 10 12 1 1 10 12 1 1 9 12 1 10 7 12 1 1 1 10 12 1 1 10 12 1 10 7 12 1 1 1 10 12 1 1 10 12 1 1 10 12 1 10 12 1 1 10 12 1 10 7 12 1 1 1 7 1 9 7 12 1 1 1 10 7 12 1 1 1 10 12 1 1 10 12 1 1 10 7 12 1 1 1 10 12 1 1 9 7 12 1 1 10 12 9 7 12 1 1 10 12 1 1 3 10 12 1 1 100 1 11 12 1 1 11 12 1 11 12 1 1 10 100 12 1 1 1 10 12 1 1 9 100 12 1 1 1 10 12 1 1 10 12 1 11 12 1 1 10 12 1 10 12 10 12 1 1 10 7 12 1 1 1 10 7 12 1 1 1 10 12 1 1 100 1 7 1 10 12 1 10 12 1 10 12 1 1 10 12 1 1 100 1 10 12 1 1 100 1 10 12 1 1 10 12 1 1 10 12 1 10 10 12 1 100 1 100 1 100 1 10 12 1 10 12 1 1 10 12 1 1 10 12 1 10 12 1 1 10 12 1 1 10 100 12 1 1 100 1 11 10 7 12 1 1 11 12 1 11 12 1 10 12 1 1 10 12 1 10 12 10 12 1 1 10 10 100 12 1 1 1 10 100 12 1 1 10 12 1 1 10 100 12 1 1 10 12 1 10 12 1 1 10 12 1 1 10 12 1 10 12 1 10 12 1 1 100 1 10 12 1 1 10 12 10 12 1 10 12 1 1 10 12 1 1 10 7 12 1 1 1 10 12 1 10 12 1 1 10 12 1 10 12 1 3 3 10 12 1 1 10 12 1 10 12 1 1 10 12 1 1 10 12 1 1 10 12 1 10 12 1 1 10 12 1 1 10 12 1 10 12 1 10 12 1 10 12 1 1 10 12 1 10 12 1 10 12 1 10 12 1 10 12 1 10 12 1 10 7 1 10 8 1 10 12 1 1 10 12 1 8 1 10 12 1 1 10 12 10 12 1 8 1 10 10 12 1 1 10 12 1 1 10 12 1 1 10 7 1 10 10 12 1 10 12 1 10 12 1 10 10 12 1 10 12 1 10 12 1 10 12 1 10 12 1 10 12 1 10 12 1 1 10 12 1 1 10 12 1 1 10 10 12 1 1 10 10 12 1 100 1 10 10 12 1 1 10 12 1 1 10 7 1 10 12 1 10 12 1 10 7 12 1 1 1 10 12 1 10 12 1 1 10 12 1 11 7 1 11 12 10 12 1 10 12 1 1 10 12 1 1 10 10 12 1 10 12 1 9 12 1 1 11 100 12 1 1 1 10 12 10 10 12 1 10 12 1 1 10 10 12 1 10 12 1 10 12 1 1 10 12 1 1 10 10 12 1 1 10 12 1 10 10 12 1 10 12 10 10 12 10 10 12 1 10 12 1 10 10 12 10 100 12 1 1 1 10 12 10 10 12 10 12 1 10 12 10 12 10 10 12 1 10 12 1 1 10 12 1 1 10 10 12 1 10 7 12 1 1 1 10 12 1 1 10 10 7 12 1 1 1 11 10 12 1 10 12 1 1 10 12 1 1 10 7 12 1 1 1 10 12 1 10 12 1 10 12 1 10 12 1 10 12 1 10 12 1 100 1 7 1 8 1 10 10 10 12 1 10 12 1 1 8 1 10 12 1 3 3 10 12 1 10 12 1 1 10 12 7 1 10 10 12 1 1 10 12 1 10 12 1 10 12 1 1 10 12 1 1 11 7 12 1 1 1 7 1 10 12 1 10 12 1 1 8 1 10 12 1 1 10 12 1 11 7 12 1 1 1 11 7 12 1 1 11 12 1 10 12 1 10 12 1 1 10 10 7 12 1 1 1 10 12 1 10 12 1 10 10 12 10 12 1 1 10 10 12 1 10 10 12 1 10 10 12 1 10 10 12 1 10 12 1 1 10 10 12 1 8 1 10 12 1 1 18 12 1 1 11 100 12 1 1 1 7 1 3 18 12 1 18 12 1 8 1 10 100 12 1 1 1 11 12 1 1 10 12 10 10 12 1 10 11 12 1 1 10 12 1 1 11 12 1 18 3 11 10 12 1 11 11 10 12 1 10 12 1 1 8 1 10 12 1 10 12 1 10 12 1 1 10 10 12 1 11 100 12 1 100 1 100 1 10 12 100 1 10 10 100 12 1 1 1 100 1 10 100 1 10 10 12 1 10 10 12 1 8 1 10 10 12 1 8 1 8 1 10 12 1 10 12 1 10 10 12 10 7 12 1 1 10 7 12 1 1 10 7 12 1 1 8 1 10 12 1 10 12 1 10 9 12 1 10 12 9 7 12 1 1 1 10 12 1 10 12 1 10 12 1 10 12 10 12 1 10 12 1 8 1 10 100 12 1 1 1 10 12 10 12 1 1 10 12 10 10 12 10 12 7 1 9 12 1 1 7 1 10 7 1 7 1 7 1 7 1 1 1 1 1 1 5 0 1 1 1 1 1 3 1 3 1 1 1 1 1 1 1 1 1 1 1 1 1 1 1 100 1 1 1 1 1 1 1 1 1 1 1 1 1 1 1 1 1 1 1 1 1 1 1 1 1 1 1 1 1 1 1 100 1 1 1 1 1 1 1 1 1 1 1 1 7 1 1 1 1 1 1 1 1 1 1 1 1 1 1 1 1 1 1 1 1 1 1 1 1 1 1 1 1 1 1 1 1 1 1 1 1 1 1 1 1 1 1 1 1 1 1 1 1 1 1 1 1 1 1 1 1 1 1 1 1 1 1 1 1 1 1 1 1 1 1 1 1 1 1 1 1 1 1 1 1 1 1 1 1 1 1 1 1 1 1 1 1 1 1 1 1 1 1 1 1 1 1 1 1 1 1 1 1 1 1 1 1 1 1 1 1 1 1 1 1 1 1 1 1 1 1 1 1 1 1 1 1 1 1 1 1 1 1 1 1 1 1 1 1 1 1 1 1 1 1 1 1 1 1 1 1 1 1 1 1 1 1 1 1 1 1 1 1 1 1 1 1 1 1 100 1 1 1 1 1 1 1 1 1 1 1 1 1 1 1 1 1 1 1 1 1 1 1 100 1 1 1 1 1 1 1 1 1 1 1 1 1 1 1 7 1 1 1 1 1 1 1 1 1 1 1 1 1 1 1 16 15 10 12 16 15 10 12 15 10 12 15 10 12 15 10 100 12 1 1 1 1 1 1 1 100 1 100 1 1 1
staticfield java/lang/String COMPACT_STRINGS Z 1
staticfield java/lang/String serialPersistentFields [Ljava/io/ObjectStreamField; 0 [Ljava/io/ObjectStreamField;
staticfield java/lang/String CASE_INSENSITIVE_ORDER Ljava/util/Comparator; java/lang/String$CaseInsensitiveComparator
ciMethod java/lang/String length ()I 550 0 1058012 0 132
ciInstanceKlass java/lang/constant/ConstantDesc 1 0 37 100 1 100 1 1 1 1 100 1 1 1 1 100 1 100 1 100 1 100 1 100 1 100 1 100 1 100 1 100 1 1 100 1 100 1 1
ciInstanceKlass java/lang/InternalError 0 0 34 10 100 12 1 1 1 10 12 1 10 12 1 10 12 1 100 1 1 1 1 5 0 1 1 1 1 1 1 1 1 1 1 1
instanceKlass java/lang/AssertionError
instanceKlass java/lang/VirtualMachineError
instanceKlass java/lang/LinkageError
ciInstanceKlass java/lang/Error 1 1 40 10 7 12 1 1 1 10 12 1 10 12 1 10 12 1 10 12 1 100 1 1 1 1 5 0 1 1 1 1 1 1 1 1 1 1 1 1 1 1
instanceKlass java/lang/StackOverflowError
instanceKlass java/lang/OutOfMemoryError
instanceKlass java/lang/InternalError
ciInstanceKlass java/lang/VirtualMachineError 1 1 34 10 100 12 1 1 1 10 12 1 10 12 1 10 12 1 100 1 1 1 1 5 0 1 1 1 1 1 1 1 1 1 1 1
ciInstanceKlass java/util/Iterator 1 1 53 100 1 8 1 10 12 1 1 10 7 12 1 1 1 11 7 12 1 1 1 11 12 1 1 11 7 12 1 1 1 7 1 1 1 1 1 1 1 1 1 1 1 1 1 1 1 1 1 1 1 1 1
instanceKlass java/lang/ProcessBuilder$NullInputStream
instanceKlass java/util/zip/ZipFile$ZipFileInputStream
instanceKlass sun/nio/ch/ChannelInputStream
instanceKlass java/io/FilterInputStream
instanceKlass java/io/FileInputStream
instanceKlass java/io/ByteArrayInputStream
ciInstanceKlass java/io/InputStream 1 1 195 7 1 10 7 12 1 1 1 100 1 10 10 7 12 1 1 1 10 7 12 1 1 1 10 12 1 100 1 3 10 12 1 1 100 1 8 1 10 12 1 10 7 12 1 1 1 3 7 1 8 1 10 10 7 12 1 1 1 7 1 10 11 7 12 1 1 1 10 12 1 1 11 12 1 1 11 7 12 1 1 1 11 12 1 1 7 1 10 7 12 1 1 1 5 0 10 12 1 10 12 1 1 100 1 10 8 1 10 8 1 8 1 10 12 1 1 10 7 12 1 1 1 7 1 5 0 10 12 1 100 1 7 1 1 1 1 3 1 3 1 1 1 1 1 1 1 1 1 1 1 1 1 1 1 1 1 1 1 1 1 1 1 1 1 1 1 1 1 1 1 1 1 1 1 1 1 1 1 1 1 1 1 1 1 1 1 1 1 1 1 1 1 1 1
ciInstanceKlass jdk/internal/misc/Unsafe 1 1 1287 10 7 12 1 1 1 9 7 12 1 1 1 9 12 1 1 10 12 1 1 10 7 12 1 1 1 10 12 1 1 10 12 1 1 10 12 1 1 10 12 1 1 10 12 1 1 10 12 1 1 10 12 1 1 10 12 1 1 10 12 1 1 10 12 1 1 10 12 1 1 10 12 1 1 10 12 1 1 10 12 1 10 12 1 100 1 10 10 12 1 1 10 12 1 1 5 0 10 12 1 1 10 12 1 1 10 7 12 1 1 1 10 12 1 1 10 12 1 10 12 1 10 12 1 1 10 12 1 1 10 12 1 10 12 1 7 1 7 1 10 8 1 10 12 1 1 10 12 1 8 1 10 12 1 1 10 12 1 10 12 1 10 12 1 1 10 12 1 10 12 1 1 10 12 1 1 10 12 1 10 12 1 10 12 1 10 12 1 1 10 12 1 10 12 1 10 12 1 1 10 12 1 5 0 5 0 5 0 10 12 1 10 12 1 10 12 1 10 12 1 10 12 1 10 12 1 10 12 1 10 12 1 10 12 1 1 10 12 1 10 12 1 7 1 8 1 10 100 1 10 10 12 1 1 10 12 1 1 10 12 1 10 12 1 1 10 12 1 1 10 12 1 10 12 1 1 10 12 1 9 7 12 1 1 9 12 1 100 1 10 10 12 1 1 8 1 10 8 1 8 1 10 12 1 1 9 7 12 1 1 1 9 7 1 9 7 1 9 7 1 9 9 7 1 9 7 1 9 7 1 10 12 1 1 10 12 1 1 10 12 1 1 10 12 1 1 5 0 5 0 9 12 1 1 10 12 1 10 12 1 10 12 1 1 10 12 1 1 10 12 1 8 1 3 10 12 1 1 10 12 1 1 10 12 1 10 12 1 1 10 12 1 1 10 12 1 10 12 1 10 12 1 10 12 1 10 12 1 10 12 1 1 10 12 1 1 10 12 1 10 12 1 10 12 1 10 12 1 10 12 1 10 12 1 1 10 12 1 1 10 12 1 10 12 1 10 12 1 10 12 1 10 12 1 10 12 1 1 10 12 1 1 10 12 1 1 10 12 1 1 10 12 1 10 12 1 10 12 1 10 12 1 10 12 1 10 12 1 10 12 1 1 10 12 1 1 10 12 1 10 12 1 10 12 1 10 12 1 10 12 1 10 12 1 10 12 1 1 10 12 1 1 10 12 1 10 12 1 10 12 1 10 12 1 10 12 1 10 12 1 10 12 1 10 12 1 1 10 12 1 10 12 1 10 12 1 10 12 1 10 12 1 1 10 12 1 10 12 1 10 12 1 10 12 1 10 12 1 10 12 1 10 12 1 10 12 1 1 10 12 1 10 12 1 10 12 1 10 12 1 10 12 1 10 12 1 1 10 12 1 10 12 1 10 12 1 1 10 12 1 10 12 1 10 12 1 10 12 1 10 12 1 10 12 1 10 12 1 10 12 1 10 12 1 10 12 1 10 12 1 10 12 1 10 12 1 10 12 1 10 12 1 10 12 1 10 12 1 10 12 1 10 12 1 10 12 1 10 12 1 10 12 1 10 12 1 100 1 10 100 1 10 9 12 1 5 0 10 12 1 1 5 0 10 12 1 5 0 10 12 1 10 12 1 10 12 1 1 10 12 1 1 10 12 1 10 12 1 10 12 1 10 12 1 1 10 12 1 10 12 1 10 12 1 10 12 1 10 12 1 1 10 12 1 10 12 1 10 12 1 10 12 1 1 10 12 1 10 12 1 10 12 1 1 10 12 1 10 12 1 10 12 1 10 12 1 1 10 12 1 10 10 12 1 1 10 12 1 10 12 1 1 10 12 1 10 12 5 0 5 0 5 0 10 12 1 1 10 12 1 10 12 1 10 12 10 100 12 1 1 8 1 100 1 11 12 1 1 8 1 11 12 1 1 10 100 12 1 1 10 12 1 10 12 1 10 12 1 10 12 1 10 12 1 1 10 12 1 10 12 1 10 12 1 10 12 1 10 12 1 10 12 1 10 7 1 10 12 1 9 12 1 7 1 9 12 1 7 1 9 12 1 7 1 9 12 1 7 1 9 12 1 7 1 9 12 1 7 1 9 12 1 7 1 9 12 1 7 1 9 12 1 10 12 1 9 12 1 9 12 1 9 12 1 9 12 1 9 12 1 9 12 1 9 12 1 9 12 1 9 12 1 9 12 1 1 1 3 1 1 1 1 1 1 1 1 1 1 1 1 1 1 1 1 1 1 1 1 1 1 1 1 1 1 1 1 1 1 1 1 1 1 1 1 1 1 1 1 1 1 1 1 1 1 1 1 1 1 1 1 1 1 1 1 1 1 1 1 1 1 1 1 1 1 1 1 1 1 1 1 1 1 1 1 1 1 1 1 1 1 1 1 1 1 1 1 1 100 1 1 1 1 1 1 1 1 1 1 1 1 1 1 1 1 1 1 1 1 1 1 1 1 1 1 1 1 1 1 1 1 1 1 1 1 1 1 1 1 1 1 1 1 1 1 1 1 1 1 1 1 1 1 1 1 1 1 1 1 1 1 1 1 1 1 1 1 1 1 1 1 1 1 1 1 1 1 1 1 1 1 1 1 1 1 1 1 1 1 1 1 1 1 1 1 1 1 1 1 1 1 1 1 1 1 1 1 1 1 1 1 1 1 1 1 1 1 1 1 1 1 1 1 1 1 1 1 1 1 1 1 1 1 1 1 1 1 1 1 1 1 1 1 1 1 1 1 1 1 1 1 1 1 1 1 1 1 1 1 1 1 1 1 1 1 1 1 1 1 1 1 1 1 1 1 1 1 1 1 1 1 1 1 1 1 1 1 1 1 1 1 1 1 1 1 1 1 1 1 1 1 1 1 1 1 3 1 1 1 1 1 1 1 1 1 1 1 1 1 1 1 1 1 1 1 1 1
staticfield jdk/internal/misc/Unsafe theUnsafe Ljdk/internal/misc/Unsafe; jdk/internal/misc/Unsafe
staticfield jdk/internal/misc/Unsafe ARRAY_BOOLEAN_BASE_OFFSET I 16
staticfield jdk/internal/misc/Unsafe ARRAY_BYTE_BASE_OFFSET I 16
staticfield jdk/internal/misc/Unsafe ARRAY_SHORT_BASE_OFFSET I 16
staticfield jdk/internal/misc/Unsafe ARRAY_CHAR_BASE_OFFSET I 16
staticfield jdk/internal/misc/Unsafe ARRAY_INT_BASE_OFFSET I 16
staticfield jdk/internal/misc/Unsafe ARRAY_LONG_BASE_OFFSET I 16
staticfield jdk/internal/misc/Unsafe ARRAY_FLOAT_BASE_OFFSET I 16
staticfield jdk/internal/misc/Unsafe ARRAY_DOUBLE_BASE_OFFSET I 16
staticfield jdk/internal/misc/Unsafe ARRAY_OBJECT_BASE_OFFSET I 16
staticfield jdk/internal/misc/Unsafe ARRAY_BOOLEAN_INDEX_SCALE I 1
staticfield jdk/internal/misc/Unsafe ARRAY_BYTE_INDEX_SCALE I 1
staticfield jdk/internal/misc/Unsafe ARRAY_SHORT_INDEX_SCALE I 2
staticfield jdk/internal/misc/Unsafe ARRAY_CHAR_INDEX_SCALE I 2
staticfield jdk/internal/misc/Unsafe ARRAY_INT_INDEX_SCALE I 4
staticfield jdk/internal/misc/Unsafe ARRAY_LONG_INDEX_SCALE I 8
staticfield jdk/internal/misc/Unsafe ARRAY_FLOAT_INDEX_SCALE I 4
staticfield jdk/internal/misc/Unsafe ARRAY_DOUBLE_INDEX_SCALE I 8
staticfield jdk/internal/misc/Unsafe ARRAY_OBJECT_INDEX_SCALE I 4
staticfield jdk/internal/misc/Unsafe ADDRESS_SIZE I 8
instanceKlass jdk/internal/reflect/DelegatingClassLoader
instanceKlass java/security/SecureClassLoader
ciInstanceKlass java/lang/ClassLoader 1 1 1108 9 7 12 1 1 1 10 7 12 1 1 1 9 12 1 1 10 7 12 1 1 1 7 1 10 12 1 1 10 12 1 1 9 12 1 1 10 12 1 1 100 1 10 12 1 10 12 1 1 10 7 12 1 1 1 100 1 8 1 10 12 1 10 7 12 1 1 1 10 7 12 1 10 7 1 10 7 1 7 1 7 1 10 12 1 10 12 1 9 12 1 1 10 10 7 12 1 1 1 9 12 1 1 9 12 1 9 12 1 1 9 12 1 9 12 1 1 9 12 1 1 7 1 10 12 1 9 12 1 1 10 12 1 1 10 7 12 1 1 1 9 12 1 9 12 1 1 9 12 1 10 12 1 1 9 12 10 12 1 1 7 1 10 8 1 10 12 1 1 10 12 1 10 7 1 7 1 10 12 1 1 10 7 12 1 1 1 8 1 10 12 1 10 12 1 10 12 1 1 10 12 1 1 10 12 1 1 10 12 1 1 10 12 1 1 10 12 1 7 1 10 12 1 10 100 12 1 1 1 10 12 1 1 10 12 1 10 12 1 10 12 1 10 12 1 10 12 1 1 10 10 12 1 10 12 1 10 100 12 1 1 10 12 1 1 10 12 1 1 10 12 1 100 1 10 12 1 7 1 10 12 1 10 7 12 1 1 1 10 10 12 1 1 10 12 1 1 7 1 8 1 10 8 1 10 12 1 10 12 1 100 1 8 1 10 12 1 1 10 12 1 1 10 10 12 1 1 10 12 1 1 10 12 1 1 10 7 1 10 12 1 1 10 12 1 1 10 12 1 1 10 12 1 1 10 12 1 1 10 12 1 1 10 12 1 10 7 12 1 1 1 10 12 1 10 12 1 10 12 1 1 10 12 1 10 12 1 10 12 1 10 12 1 1 10 12 1 10 12 1 1 8 1 9 12 1 10 12 1 1 8 1 8 1 10 7 12 1 1 100 1 10 10 12 10 12 1 10 12 1 10 12 1 10 12 1 1 10 7 12 1 1 10 12 1 10 7 1 7 1 10 12 1 1 10 12 1 10 7 1 10 12 1 100 1 18 12 1 10 100 12 1 1 1 10 100 12 1 1 1 10 7 12 1 1 10 12 1 10 12 1 100 1 10 12 1 8 1 10 10 12 1 1 10 12 1 10 12 1 1 100 1 10 12 1 10 12 1 1 10 7 12 1 1 10 12 1 8 1 100 1 10 10 12 1 9 12 1 10 7 12 1 1 10 12 1 7 1 8 1 10 12 1 10 8 1 8 1 10 12 1 1 10 12 1 1 10 12 1 1 10 7 12 1 1 7 1 100 1 10 12 1 1 7 1 7 1 10 7 12 1 1 10 12 1 10 12 1 1 10 12 1 10 12 1 1 10 12 1 1 9 100 12 1 1 1 10 12 1 1 10 12 1 10 12 1 10 12 1 1 10 12 1 8 1 100 1 18 12 1 1 10 12 1 1 10 12 1 10 12 1 10 12 1 8 1 10 12 1 10 12 1 18 12 1 11 100 12 1 1 1 100 1 10 12 1 1 10 12 1 10 11 12 1 1 10 18 10 12 1 1 11 7 12 1 18 12 1 11 12 1 1 10 12 10 12 1 1 10 12 1 1 100 1 8 1 10 10 12 1 8 1 8 1 10 100 12 1 1 10 12 1 100 1 10 10 12 1 8 1 8 1 8 1 10 12 1 10 12 1 1 10 12 1 10 7 12 1 1 1 11 7 12 1 1 100 1 10 11 10 12 1 10 12 1 10 12 1 1 9 7 12 1 1 9 12 1 1 9 12 9 12 1 9 12 1 9 12 1 8 10 12 1 1 10 7 12 1 1 1 10 12 1 1 10 12 1 1 10 12 1 10 10 12 1 11 12 1 1 10 100 12 1 1 1 100 1 10 12 1 10 12 1 10 12 1 1 1 1 1 1 1 1 1 1 1 1 1 1 1 1 1 1 1 1 1 1 1 1 1 1 1 1 100 1 1 1 1 1 1 1 1 1 1 1 1 1 1 1 1 1 1 1 1 1 100 1 1 1 1 1 1 1 1 1 1 100 1 1 1 1 1 1 1 1 1 1 1 1 1 1 1 1 1 1 1 1 1 1 1 1 1 1 1 1 1 1 1 1 1 1 1 1 1 1 1 1 1 100 1 1 1 1 1 1 1 1 1 1 1 1 1 1 1 1 1 1 1 7 1 1 1 1 1 1 1 1 1 1 1 1 1 1 1 1 1 1 1 1 1 1 1 1 1 1 1 1 1 1 1 1 1 1 1 1 1 1 1 1 1 1 1 1 1 1 1 1 1 1 100 1 1 1 1 1 1 1 1 1 1 1 1 1 1 1 1 1 1 1 1 1 1 1 1 1 1 1 1 1 1 1 1 1 1 1 1 1 1 1 1 1 1 1 1 1 1 16 1 15 10 12 16 1 16 15 10 12 16 1 16 1 15 10 12 16 15 10 12 16 15 10 12 16 15 10 100 12 1 1 1 1 1 100 1 100 1 1
staticfield java/lang/ClassLoader nocerts [Ljava/security/cert/Certificate; 0 [Ljava/security/cert/Certificate;
staticfield java/lang/ClassLoader $assertionsDisabled Z 1
ciInstanceKlass java/lang/reflect/Constructor 1 1 439 10 100 12 1 1 1 10 100 12 1 1 9 7 12 1 1 1 10 12 1 1 10 12 1 1 10 100 12 1 1 9 12 1 1 10 7 12 1 1 1 9 12 1 1 9 12 1 1 9 12 1 9 12 1 1 9 12 1 9 12 1 1 9 12 1 1 9 12 1 100 1 8 1 10 12 1 10 12 1 9 12 1 1 10 7 12 1 1 10 7 12 1 1 1 10 12 1 1 10 12 1 1 10 12 1 7 1 100 1 8 1 10 10 12 1 10 12 1 10 12 1 1 10 12 1 1 9 100 12 1 1 1 10 7 12 1 1 10 12 1 1 10 12 1 10 12 1 1 10 7 12 1 1 1 10 100 12 1 1 10 12 1 1 10 12 1 10 7 12 1 1 1 8 1 10 10 12 1 100 1 8 1 10 12 1 10 12 1 1 10 12 1 1 10 12 1 10 12 1 10 12 1 1 10 12 1 1 9 12 1 1 10 12 1 1 10 12 1 1 10 12 1 1 11 7 12 1 1 1 10 12 1 1 10 12 1 10 12 1 10 12 1 8 1 9 12 1 1 10 7 12 1 1 1 10 7 12 1 1 10 12 1 1 10 12 1 1 10 12 1 1 10 12 1 1 10 12 1 9 7 12 1 1 10 12 1 10 12 1 10 12 1 100 1 8 1 10 10 12 1 1 10 12 1 10 10 12 1 1 10 12 1 1 10 100 12 1 1 1 11 100 12 1 1 1 10 12 1 1 9 100 12 1 1 1 10 100 12 1 1 1 10 12 1 1 1 1 1 1 1 1 1 1 1 1 1 1 1 1 1 1 1 1 1 1 1 1 1 1 1 1 1 1 1 1 1 1 1 1 1 1 1 1 1 1 1 1 1 1 1 1 1 1 1 1 100 1 100 1 100 1 100 1 1 1 1 1 1 1 1 1 1 1 1 1 1 1 1 1 1 1 1 1 1 1 1 1 1 1 1 1 1 1 1 1 100 1 1
instanceKlass java/lang/reflect/Executable
instanceKlass java/lang/reflect/Field
ciInstanceKlass java/lang/reflect/AccessibleObject 1 1 400 10 7 12 1 1 1 9 100 12 1 1 1 10 7 12 1 1 1 10 7 12 1 1 10 7 12 1 1 1 10 100 12 1 1 1 10 12 1 1 10 12 1 1 9 12 1 1 7 1 10 7 12 1 1 1 11 12 1 7 1 10 12 1 7 1 100 1 10 12 1 10 12 1 1 10 12 1 1 10 12 1 1 10 12 1 1 7 1 10 7 12 1 1 1 10 12 1 1 11 10 7 12 1 1 1 10 12 1 1 10 12 1 10 12 1 10 12 1 1 10 12 1 8 1 7 1 7 1 10 10 12 1 1 8 1 10 12 1 10 12 1 8 1 8 1 8 1 8 1 8 1 8 1 8 1 8 1 8 1 100 1 10 12 1 10 12 1 9 12 1 1 10 12 1 1 10 12 1 10 7 1 100 1 8 1 10 8 1 10 12 1 8 1 10 12 1 10 12 1 1 10 100 1 8 1 10 11 7 12 1 1 1 10 12 1 1 10 12 1 1 10 12 1 1 9 12 1 1 100 1 10 12 1 7 1 10 12 1 10 12 1 1 10 100 1 10 12 1 10 12 10 12 1 10 12 1 10 12 1 1 10 12 1 9 12 1 10 100 12 1 1 8 1 10 100 12 1 1 1 8 1 10 7 12 1 1 1 9 12 1 7 1 10 7 1 10 10 7 12 1 1 1 7 1 10 10 7 12 1 1 1 7 1 9 12 1 1 1 1 1 1 1 1 1 1 1 1 1 1 1 1 1 1 1 1 1 1 1 1 1 1 1 1 1 1 1 1 1 1 1 1 1 1 1 1 1 1 1 1 1 1 1 1 1 1 1 1 1 1 1 1 1 1 1 1 1 1 1 1 1 1 1 1 1 1 1 1 1 1 1 1 1 1 1 1 1 1 1 1
staticfield java/lang/reflect/AccessibleObject reflectionFactory Ljdk/internal/reflect/ReflectionFactory; jdk/internal/reflect/ReflectionFactory
instanceKlass java/lang/reflect/Constructor
instanceKlass java/lang/reflect/Method
ciInstanceKlass java/lang/reflect/Executable 1 1 581 10 7 12 1 1 1 10 7 12 1 1 1 10 7 12 1 1 1 11 7 12 1 1 1 10 7 12 1 1 1 10 12 1 1 10 100 12 1 1 1 10 7 12 1 1 1 10 12 1 8 1 10 10 12 1 1 10 12 1 1 10 100 12 1 1 1 18 12 1 1 11 100 12 1 1 1 8 1 8 1 8 1 10 100 12 1 1 1 11 12 1 1 7 1 8 1 8 1 10 12 1 7 1 8 1 10 12 1 8 1 11 100 12 1 1 1 7 1 11 7 12 1 1 1 11 12 1 8 1 18 8 1 10 12 1 10 12 1 1 18 8 1 10 12 1 100 1 10 12 1 10 12 1 11 12 1 10 12 1 1 8 1 8 1 10 12 1 1 10 12 1 1 10 10 12 1 9 100 12 1 1 1 10 100 12 1 1 1 10 12 1 10 12 1 1 10 100 12 1 1 10 12 1 10 12 1 10 12 1 10 7 12 1 1 7 1 10 100 12 1 1 1 10 12 1 1 10 7 12 1 1 10 12 1 10 12 1 1 9 100 12 1 1 1 10 100 10 12 1 8 1 10 12 1 10 12 1 3 100 1 8 1 10 12 1 10 12 1 10 10 12 1 10 12 1 1 8 1 8 1 8 1 9 12 1 1 9 12 1 10 12 1 100 1 8 1 10 12 1 10 12 1 10 12 1 1 10 12 1 1 10 12 1 10 12 10 12 1 100 1 10 12 1 10 12 1 1 100 1 10 7 12 1 1 1 7 1 10 7 12 1 1 1 10 12 1 1 11 7 12 1 1 10 12 1 10 100 12 1 1 1 10 12 1 1 9 12 1 10 12 1 1 10 12 1 10 12 1 1 9 100 12 1 1 1 10 100 12 1 1 1 10 12 1 10 12 1 1 9 12 1 10 10 10 10 100 12 1 1 1 10 12 1 9 12 1 10 12 1 1 9 12 1 7 1 7 1 1 1 1 1 1 1 1 1 1 1 1 1 1 1 1 1 1 1 1 1 1 1 1 1 1 1 1 1 1 1 1 1 1 1 1 100 1 1 1 1 1 1 1 1 1 1 1 1 1 1 1 1 1 1 1 100 1 1 1 1 1 1 1 1 1 1 1 1 1 1 1 1 1 1 1 1 1 1 1 1 1 1 1 1 1 1 1 1 1 1 1 1 1 1 1 1 1 1 1 7 1 1 1 1 1 1 1 1 1 1 1 1 1 1 1 1 1 1 1 1 1 1 7 1 1 16 15 16 1 16 1 15 10 12 16 15 10 100 12 1 1 1 1 1 1 100 1 1 100 1 100 1 1
ciInstanceKlass java/lang/reflect/Member 1 1 37 100 1 10 12 1 1 100 1 100 1 1 1 1 3 1 3 1 1 1 1 1 1 1 1 1 1 1 1 1 1 1 1 1 1 1 1
instanceKlass jdk/internal/misc/InnocuousThread
instanceKlass java/util/concurrent/ForkJoinWorkerThread
instanceKlass java/lang/ref/Finalizer$FinalizerThread
instanceKlass java/lang/ref/Reference$ReferenceHandler
instanceKlass java/lang/BaseVirtualThread
ciInstanceKlass java/lang/Thread 1 1 870 10 7 12 1 1 1 9 12 1 1 10 7 12 1 1 10 12 1 10 100 12 1 1 100 1 8 1 10 12 1 1 9 12 1 9 12 1 1 9 12 1 1 7 1 10 12 1 1 10 12 1 10 100 12 1 1 1 10 12 9 12 1 1 10 12 1 7 1 10 12 1 100 1 8 1 10 9 100 12 1 1 1 10 12 1 1 10 12 1 1 10 12 1 1 10 12 1 10 12 1 1 3 8 1 7 1 5 0 10 7 12 1 1 1 9 12 1 10 12 1 1 10 7 12 1 1 1 10 7 12 1 1 1 10 12 1 1 10 12 1 1 9 12 1 1 10 7 1 8 1 10 7 1 10 12 1 9 12 1 1 10 7 12 1 1 1 10 10 12 1 1 9 100 12 1 1 1 10 12 1 1 10 12 1 1 10 7 12 1 1 10 12 1 10 12 1 10 7 12 1 1 9 12 1 10 7 12 1 1 1 10 12 1 1 9 12 1 1 9 12 1 1 10 7 12 1 1 1 9 12 1 1 10 100 12 1 1 10 100 12 1 1 1 10 12 1 10 12 1 10 7 12 1 1 9 12 1 8 1 9 7 12 1 1 9 12 1 1 5 0 100 1 10 100 1 10 100 1 10 7 1 10 8 1 10 12 1 1 10 100 12 1 10 12 1 10 12 1 100 1 8 1 10 10 12 1 10 12 1 1 10 100 12 1 1 1 10 100 12 1 1 1 10 12 1 7 1 9 12 1 1 100 1 10 10 12 1 9 12 1 1 10 12 1 1 10 12 1 1 10 12 1 10 12 1 9 12 1 1 10 10 12 1 1 10 12 1 1 11 7 12 1 1 10 7 12 1 1 9 12 1 9 12 1 1 9 12 1 1 10 100 12 1 1 10 12 1 1 9 100 12 1 1 1 10 100 12 1 1 10 12 1 10 12 1 100 1 10 10 12 9 12 1 1 10 12 1 11 100 12 1 1 10 12 1 10 12 1 10 12 1 9 12 1 10 10 12 1 10 12 1 1 9 12 1 9 12 10 12 1 8 1 10 12 1 10 12 1 10 12 1 10 12 1 10 12 1 1 10 12 1 10 12 1 1 10 12 1 10 12 1 10 12 1 10 12 1 10 12 1 1 9 7 12 1 1 1 8 1 10 9 12 1 10 12 1 7 1 8 1 10 10 12 1 8 1 10 12 1 1 9 12 10 12 8 1 10 10 12 1 10 12 1 8 1 10 12 1 10 8 1 10 100 12 1 1 10 12 1 1 100 1 8 1 10 9 12 1 9 12 1 1 10 12 1 1 10 10 12 1 10 12 1 100 10 7 12 1 1 1 9 12 1 10 12 1 1 10 12 1 1 10 100 12 1 1 1 11 7 12 1 1 1 9 100 12 1 1 1 10 100 12 1 1 1 7 1 10 12 1 100 1 10 12 1 10 12 1 1 10 12 1 1 8 1 9 12 1 10 12 1 10 12 1 1 11 7 12 1 1 1 10 12 1 1 1 1 3 1 3 1 3 1 3 1 1 1 1 1 1 1 1 1 1 1 1 1 1 1 1 1 1 1 1 1 7 1 1 1 1 1 1 1 1 1 1 1 1 1 1 1 1 1 1 1 1 1 1 100 1 1 1 1 1 1 1 1 1 1 1 1 1 1 1 1 7 1 7 1 1 1 1 1 1 1 1 1 1 1 1 1 1 1 1 1 1 1 1 1 1 1 1 1 1 1 1 1 1 1 1 1 1 1 1 1 1 1 1 1 1 1 1 1 1 1 1 1 1 1 1 1 1 1 1 1 1 1 1 1 1 1 1 1 1 1 1 1 1 1 1 1 1 1 1 100 100 1 1 1 1 1 1 1 1 1 1 1 1 1 1 1 1 1 1 1 1 1 1 1 1 1 1 100 1 100 1 100 1 100 1 100 1 1 100 1 1 1 1 1 1 1 1 1 1 1 1 1 1 1
staticfield java/lang/Thread NEW_THREAD_BINDINGS Ljava/lang/Object; java/lang/Class
staticfield java/lang/Thread EMPTY_STACK_TRACE [Ljava/lang/StackTraceElement; 0 [Ljava/lang/StackTraceElement;
ciInstanceKlass java/lang/Runnable 1 0 11 100 1 100 1 1 1 1 1 1 1
ciInstanceKlass java/net/URL 1 1 771 10 7 12 1 1 1 10 12 1 10 7 12 1 1 9 12 1 1 9 12 1 10 7 12 1 1 1 10 12 1 1 10 12 1 1 9 12 1 1 10 7 12 1 1 1 8 1 10 12 1 1 7 1 10 10 12 1 1 8 1 10 12 1 1 9 12 1 100 1 8 1 10 12 1 10 12 1 8 1 9 12 1 10 12 1 1 9 12 1 10 12 1 10 12 1 9 12 1 9 12 1 8 1 9 12 1 10 12 1 1 8 1 9 12 1 1 10 12 1 1 10 7 12 1 1 1 8 1 10 12 1 100 1 10 12 1 10 12 1 10 12 1 10 12 1 1 10 12 1 1 8 1 10 12 1 1 10 12 1 8 1 9 12 1 8 1 10 12 1 10 7 12 1 1 1 7 1 10 12 1 10 12 1 1 10 7 12 1 1 1 100 1 8 1 10 10 12 1 8 1 10 12 1 1 10 12 1 10 12 1 10 12 1 10 12 1 10 12 1 10 12 1 8 1 10 12 1 8 1 10 10 100 1 10 10 12 1 8 1 10 7 12 1 1 1 10 12 1 9 100 12 1 1 1 10 7 12 1 1 1 9 12 1 1 10 12 1 10 100 12 1 1 1 100 1 100 1 10 12 1 10 12 1 10 12 1 10 12 1 10 12 1 10 12 10 10 12 1 10 12 1 10 12 1 1 8 1 9 100 12 1 1 1 10 100 12 1 1 1 10 12 1 1 9 100 12 1 1 1 10 12 1 1 100 1 10 12 1 10 12 1 10 10 12 1 1 10 12 1 1 10 12 1 10 12 1 10 12 1 10 100 12 1 1 1 10 12 1 1 10 12 1 9 12 1 1 9 12 1 1 7 1 8 1 10 10 12 1 9 12 1 1 10 7 12 1 1 8 1 10 100 12 1 1 8 1 10 12 1 1 10 12 1 8 1 8 1 10 7 12 1 1 1 7 1 10 7 12 1 1 1 10 12 1 10 12 1 100 1 10 9 100 12 1 1 1 10 100 12 1 1 10 12 1 1 10 12 1 8 1 100 1 10 10 7 12 1 1 1 10 12 1 8 9 100 12 1 1 1 10 12 1 1 10 12 1 10 12 1 1 10 100 12 1 1 11 7 12 1 1 10 12 1 10 12 1 9 12 1 10 12 1 1 10 100 12 1 1 10 100 12 1 1 1 8 10 100 12 1 1 100 1 10 8 8 10 12 1 8 8 8 100 1 10 12 1 9 12 1 1 10 12 1 10 12 1 1 10 12 1 10 12 10 12 1 1 10 12 1 1 10 10 10 12 1 10 12 1 10 12 1 10 12 1 10 12 1 10 10 12 1 100 1 8 1 10 10 10 12 1 1 10 12 1 10 12 1 1 8 1 7 1 10 10 7 1 10 12 1 9 7 12 1 1 1 9 12 1 1 7 1 10 10 7 12 1 1 1 7 1 1 1 1 1 5 0 1 1 1 1 1 1 1 1 1 1 1 1 1 1 1 1 1 1 1 1 1 1 1 1 1 1 1 1 1 1 1 1 1 1 1 1 1 1 1 1 1 1 1 1 1 1 1 1 7 1 1 1 1 1 1 1 1 1 1 1 1 1 1 1 1 1 1 1 1 1 1 1 1 1 1 1 1 1 1 1 1 1 1 1 1 1 100 1 1 1 1 1 1 1 1 1 1 1 1 1 1 1 1 1 100 1 1 1 1 1 1 1 1 1 1 1 1 1 1 1 1 1 1 1
staticfield java/net/URL defaultFactory Ljava/net/URLStreamHandlerFactory; java/net/URL$DefaultFactory
staticfield java/net/URL streamHandlerLock Ljava/lang/Object; java/lang/Object
staticfield java/net/URL serialPersistentFields [Ljava/io/ObjectStreamField; 7 [Ljava/io/ObjectStreamField;
ciMethod java/lang/System arraycopy (Ljava/lang/Object;ILjava/lang/Object;II)V 256 0 128 0 -1
ciInstanceKlass java/lang/Module 1 1 1070 10 7 12 1 1 1 9 7 12 1 1 1 10 7 12 1 1 1 9 12 1 9 12 1 1 9 12 1 1 10 12 1 1 10 12 1 10 12 1 1 10 7 12 1 1 1 7 1 10 7 12 1 1 1 10 12 1 1 11 7 12 1 1 1 10 12 1 1 10 7 12 1 1 1 10 12 1 1 10 7 12 1 1 1 9 100 12 1 1 1 10 7 12 1 1 1 10 12 1 8 1 10 7 12 1 1 1 10 7 12 1 1 1 10 7 12 1 1 1 10 12 1 10 12 1 9 12 1 1 10 100 12 1 1 100 1 7 1 10 8 1 10 12 1 1 10 12 1 10 12 10 12 1 10 7 12 1 1 8 1 8 1 10 8 1 8 1 9 12 1 1 8 1 10 100 12 1 1 1 10 12 1 9 12 1 1 11 12 1 9 7 12 1 1 10 7 12 1 1 1 10 7 12 1 1 1 10 12 1 1 8 1 10 12 1 1 10 12 1 10 12 1 1 9 7 12 1 1 1 10 12 1 1 10 12 1 1 9 12 1 10 12 1 10 12 1 9 12 1 1 11 7 12 1 1 10 12 1 1 9 12 1 9 12 1 10 12 1 10 12 1 100 1 8 1 10 10 12 1 1 10 12 1 8 1 10 12 1 1 8 1 8 1 10 12 1 1 10 12 1 10 12 1 1 18 12 1 1 10 12 1 1 11 12 1 9 12 1 11 12 10 100 12 1 1 100 1 8 1 10 11 12 1 1 10 7 12 1 1 1 10 12 1 10 12 1 1 11 12 1 1 11 7 12 1 1 11 12 1 1 9 12 1 11 12 1 10 12 1 1 10 12 1 1 9 12 1 10 12 10 7 12 1 1 10 7 1 18 12 1 1 11 100 12 1 1 1 18 12 1 11 12 1 1 10 100 12 1 1 1 11 12 1 1 10 7 12 1 1 7 1 11 12 1 7 1 7 1 10 12 1 10 7 12 1 1 1 10 11 7 12 1 8 1 10 10 12 1 1 10 7 12 1 1 10 12 1 10 12 1 7 1 10 12 1 10 11 12 1 1 10 12 10 12 1 1 9 12 1 1 100 1 10 10 12 1 1 11 7 1 10 12 1 1 11 12 1 10 10 12 1 11 10 12 1 1 10 12 1 1 10 12 1 1 10 7 12 1 1 10 12 1 10 12 1 1 10 10 12 1 1 10 12 1 18 12 1 11 12 1 18 12 1 10 12 1 10 12 1 10 12 7 1 10 12 1 10 12 1 10 12 1 9 12 1 7 1 10 10 10 10 12 1 10 12 1 10 12 1 10 12 1 1 10 12 1 1 10 12 1 9 12 1 18 12 1 1 10 7 12 1 1 1 100 1 8 1 10 12 1 1 10 12 1 1 10 7 12 1 1 7 1 10 12 1 1 7 1 8 1 10 12 1 1 100 1 11 12 1 1 10 100 12 1 1 1 18 12 1 1 11 100 12 1 1 1 100 1 10 12 1 10 12 1 1 7 1 7 1 10 12 8 1 10 12 1 1 10 12 1 1 10 7 12 1 1 10 12 1 1 10 12 1 10 12 10 12 1 1 7 1 10 10 12 1 1 10 7 12 1 1 1 100 1 10 12 1 1 10 7 12 1 1 8 1 18 12 1 1 100 1 100 1 9 12 1 1 9 12 1 9 12 1 11 100 12 1 1 1 100 1 11 12 1 1 100 1 10 12 1 8 1 10 12 1 10 12 10 12 1 8 1 10 10 100 12 1 1 7 1 10 10 12 1 10 7 12 1 1 9 12 1 9 12 1 9 12 1 9 12 1 10 12 11 12 1 10 12 1 7 1 1 1 1 1 1 1 1 1 1 1 1 1 1 1 1 1 1 1 100 1 1 1 1 1 1 1 1 1 1 1 1 1 1 1 1 1 1 1 1 1 1 1 1 1 1 1 1 1 1 1 1 1 1 1 1 1 1 1 1 1 1 1 1 1 1 1 1 1 1 1 1 1 1 1 1 1 1 1 1 1 1 1 1 1 1 1 1 1 1 1 1 1 1 1 1 1 1 1 1 1 1 1 1 1 1 1 1 1 1 1 1 1 1 1 100 100 1 1 1 1 1 1 1 1 1 1 1 1 1 1 1 1 1 1 1 1 1 1 1 1 1 1 1 100 1 100 1 1 1 1 1 1 1 1 1 1 1 1 1 1 1 1 1 1 1 1 100 1 1 1 1 1 1 1 1 1 1 1 1 1 1 1 1 1 1 1 1 1 1 1 16 15 10 12 16 16 15 10 12 16 16 15 10 16 1 15 10 12 16 1 15 10 12 16 1 16 15 10 12 16 16 1 15 10 12 16 15 10 100 12 1 1 1 15 10 100 12 1 1 1 1 1 1 1 1 1 1 1 100 1 100 1 1 100 1 100 1 1
staticfield java/lang/Module ALL_UNNAMED_MODULE Ljava/lang/Module; java/lang/Module
staticfield java/lang/Module ALL_UNNAMED_MODULE_SET Ljava/util/Set; java/util/ImmutableCollections$Set12
staticfield java/lang/Module EVERYONE_MODULE Ljava/lang/Module; java/lang/Module
staticfield java/lang/Module EVERYONE_SET Ljava/util/Set; java/util/ImmutableCollections$Set12
staticfield java/lang/Module $assertionsDisabled Z 1
ciInstanceKlass java/lang/StringLatin1 1 1 395 7 1 10 7 12 1 1 1 10 12 1 1 10 7 12 1 1 1 10 100 12 1 1 1 10 12 1 10 7 12 1 1 1 10 12 1 1 10 7 12 1 1 1 10 7 12 1 1 1 10 12 1 1 10 12 1 1 10 10 12 1 10 12 1 10 9 7 12 1 1 1 10 12 1 1 10 7 12 1 1 1 10 12 10 12 1 1 10 12 1 1 10 12 1 10 12 1 1 10 12 1 1 10 12 1 10 7 12 1 1 1 10 12 1 10 12 1 1 9 12 1 1 100 1 10 10 12 1 1 10 7 12 1 1 1 10 12 1 10 12 1 100 1 7 1 8 1 10 12 1 8 1 10 12 1 1 100 1 10 10 12 10 7 12 1 1 1 8 1 8 1 8 1 10 12 1 1 10 100 12 1 1 10 12 1 10 12 1 1 10 12 1 1 10 12 1 1 10 12 1 10 12 10 12 10 12 1 10 12 10 10 12 1 10 12 1 10 12 1 10 100 12 1 1 1 10 100 12 1 1 1 10 12 1 1 10 12 1 1 10 10 7 12 1 1 1 1 1 1 1 1 1 1 1 1 1 1 1 1 1 1 1 1 1 1 1 1 1 1 1 1 1 1 1 1 1 1 1 1 1 1 1 1 1 1 1 1 1 1 1 1 1 1 1 1 100 1 1 1 1 1 1 1 1 1 1 1 1 1 1 1 1 1 1 1 1 1 1 1 1 1 1 1 1 1 1 1 1 1 1 1 1 1 1 1 1 1 1 100 1 1 1 1 1 1 1 1 1 1 1 1 1 1 1 1 1 1 1 1 1 1 1 100 1 1 1 1 1 1 1 1 1 1 1 1 1 1 1 1 1 1 1 1 1 1 1 1 1 1 100 1 1 1 1
staticfield java/lang/StringLatin1 $assertionsDisabled Z 1
ciInstanceKlass java/lang/Math 1 1 460 7 1 10 7 12 1 1 1 10 7 12 1 1 1 10 12 1 10 12 1 10 12 1 10 12 1 10 12 1 6 0 6 0 10 12 1 10 12 1 10 12 1 10 12 1 10 12 1 10 12 1 1 10 12 1 10 12 1 10 12 1 10 12 1 10 12 1 10 7 12 1 1 1 100 1 3 3 3 10 7 12 1 1 1 100 1 5 0 5 0 5 0 5 0 5 0 9 100 12 1 1 1 10 100 12 1 1 1 100 1 8 1 10 12 1 8 1 10 12 1 1 10 12 1 1 7 1 5 0 5 0 7 1 3 5 0 3 5 0 10 12 1 10 12 1 10 12 1 10 12 1 10 12 1 8 1 10 12 1 8 1 10 12 1 1 10 12 1 1 9 12 1 1 9 12 1 100 1 7 1 10 10 12 1 1 8 1 10 12 1 10 12 1 1 10 10 12 1 10 12 1 10 12 1 10 12 1 1 8 1 8 1 10 12 1 1 10 12 1 10 12 10 12 10 12 1 10 12 1 10 12 1 10 12 1 10 12 6 0 10 12 1 9 12 1 1 100 1 10 10 12 1 100 1 10 12 1 10 12 1 1 10 12 1 10 12 1 10 12 10 12 1 1 10 12 1 1 10 12 1 1 10 12 6 0 10 12 1 1 10 12 10 12 1 4 10 12 1 10 12 1 10 12 10 12 1 10 12 1 10 12 1 10 12 1 10 12 1 10 12 1 5 0 6 0 4 6 0 4 6 0 4 10 12 1 9 12 1 1 10 12 9 12 1 10 7 12 1 1 1 4 6 0 1 1 6 0 1 6 0 1 6 0 1 1 1 1 1 1 1 1 1 1 1 1 1 1 1 1 1 1 1 1 1 1 1 1 1 1 1 1 1 1 1 1 1 1 1 1 1 1 1 1 1 1 1 1 1 1 1 1 1 1 1 1 1 1 1 1 1 1 1 1 1 1 1 1 1 1 1 1 1 1 1 1 1 1 1 1 1 1 1 1 1 1 1 1 1 1 1 1 1 1 1 1 1 1 1 1
staticfield java/lang/Math negativeZeroFloatBits J -2147483648
staticfield java/lang/Math negativeZeroDoubleBits J -9223372036854775808
staticfield java/lang/Math $assertionsDisabled Z 1
ciInstanceKlass jdk/internal/util/ArraysSupport 1 1 378 7 1 7 1 8 1 10 12 1 1 10 12 1 1 10 7 12 1 1 9 7 12 1 1 1 9 12 1 1 10 7 12 1 1 1 9 12 1 1 10 7 12 1 1 1 9 12 1 10 12 9 12 1 10 12 1 1 10 12 7 1 10 12 1 1 10 12 1 100 1 10 12 1 1 10 12 100 1 10 12 1 100 1 10 12 1 100 1 7 1 10 8 1 10 12 1 1 10 12 1 10 12 1 1 10 9 12 1 1 11 100 12 1 1 1 9 12 1 9 12 1 10 12 1 1 9 12 1 9 12 1 9 12 1 9 12 1 9 12 1 9 12 1 9 12 1 10 12 1 1 10 7 12 1 1 1 9 12 1 9 12 1 10 12 1 1 10 12 1 9 12 1 10 12 1 10 7 12 1 1 1 9 12 1 9 12 1 10 12 1 10 12 1 10 7 12 1 1 1 3 10 12 1 7 1 8 1 8 1 8 1 10 10 100 12 1 1 1 11 7 12 1 1 1 10 12 1 10 7 12 1 1 1 10 12 1 1 10 12 1 1 9 12 1 10 12 1 9 12 1 9 12 1 9 12 1 9 12 1 9 12 1 9 12 1 9 12 1 7 1 10 7 12 1 1 1 1 1 3 1 3 1 3 1 3 1 3 1 3 1 3 1 3 1 1 1 1 1 1 1 1 1 1 1 1 1 1 1 1 1 1 1 1 1 1 1 1 1 1 1 1 1 1 1 1 1 1 1 1 1 1 1 1 1 1 1 1 1 1 1 1 1 1 1 1 1 1 1 1 1 1 1 1 1 1 1 1 1 1 1 1 1 1 1 1 1 1 1 1 1 1 1 100 1 1 1 1
staticfield jdk/internal/util/ArraysSupport U Ljdk/internal/misc/Unsafe; jdk/internal/misc/Unsafe
staticfield jdk/internal/util/ArraysSupport BIG_ENDIAN Z 1
staticfield jdk/internal/util/ArraysSupport LOG2_ARRAY_BOOLEAN_INDEX_SCALE I 0
staticfield jdk/internal/util/ArraysSupport LOG2_ARRAY_BYTE_INDEX_SCALE I 0
staticfield jdk/internal/util/ArraysSupport LOG2_ARRAY_CHAR_INDEX_SCALE I 1
staticfield jdk/internal/util/ArraysSupport LOG2_ARRAY_SHORT_INDEX_SCALE I 1
staticfield jdk/internal/util/ArraysSupport LOG2_ARRAY_INT_INDEX_SCALE I 2
staticfield jdk/internal/util/ArraysSupport LOG2_ARRAY_LONG_INDEX_SCALE I 3
staticfield jdk/internal/util/ArraysSupport LOG2_ARRAY_FLOAT_INDEX_SCALE I 2
staticfield jdk/internal/util/ArraysSupport LOG2_ARRAY_DOUBLE_INDEX_SCALE I 3
staticfield jdk/internal/util/ArraysSupport LOG2_BYTE_BIT_SIZE I 3
staticfield jdk/internal/util/ArraysSupport JLA Ljdk/internal/access/JavaLangAccess; java/lang/System$2
ciInstanceKlass java/lang/Character 1 1 604 7 1 7 1 100 1 9 12 1 1 8 1 9 12 1 1 7 1 9 12 1 1 10 7 12 1 1 1 10 100 12 1 1 1 10 100 12 1 1 1 10 7 12 1 1 1 9 7 12 1 1 1 10 12 1 10 12 1 1 10 12 1 1 10 7 12 1 1 10 12 1 1 3 3 3 3 3 10 12 1 1 10 12 1 3 11 7 12 1 1 1 11 12 1 1 10 12 1 1 10 12 1 1 100 1 10 10 12 1 3 10 12 1 1 10 12 1 10 12 1 1 100 1 8 1 10 12 1 1 10 12 1 10 12 1 10 12 1 10 100 12 1 1 1 10 12 1 10 12 1 10 12 1 1 10 12 1 10 7 12 1 1 10 10 12 1 10 10 12 1 10 12 1 1 10 12 1 10 10 12 1 10 12 1 10 12 1 10 12 1 10 12 1 10 12 1 10 12 1 10 12 10 10 12 10 10 12 1 10 10 12 1 10 10 12 1 10 10 12 1 10 12 1 10 12 1 10 12 1 10 12 1 10 12 1 10 12 1 10 10 12 1 10 10 12 1 10 10 12 1 1 10 10 12 1 10 5 0 10 12 1 10 12 1 10 10 12 1 10 10 12 1 1 10 10 12 1 10 10 12 1 9 12 1 1 100 1 10 10 12 1 10 12 1 1 3 10 100 12 1 1 1 10 12 1 10 100 12 1 1 7 1 10 10 12 1 1 10 12 1 1 10 12 1 1 8 1 10 12 1 9 100 12 1 1 1 10 12 1 10 10 12 1 10 12 1 1 10 12 1 10 10 12 1 1 10 10 12 1 1 7 1 8 1 10 12 1 1 10 7 12 1 1 1 8 1 10 12 1 1 9 12 1 1 7 1 7 1 7 1 1 1 1 3 1 3 1 3 1 3 1 1 1 1 1 3 1 1 3 1 3 1 3 1 3 1 3 1 3 1 3 1 3 1 3 1 3 1 3 1 3 1 3 1 3 1 3 1 3 1 3 1 3 1 3 1 3 1 3 1 3 1 3 1 3 1 3 1 3 1 3 1 3 1 1 1 1 1 1 1 1 1 1 1 1 1 1 1 1 1 1 1 3 1 1 1 1 1 1 1 3 1 1 3 1 1 1 1 1 3 1 1 5 0 1 1 1 1 1 1 1 1 1 1 1 1 1 1 1 1 1 1 1 1 1 1 1 1 1 1 1 1 1 1 1 1 1 1 1 1 1 1 1 1 1 1 1 1 1 1 1 1 1 1 1 1 1 1 1 1 1 1 1 1 1 1 1 1 1 1 1 1 1 1 1 1 1 1 1 1 1 1 1 1 1 1 1 1 1 1 1 1 1 1 100 1 100 1 1 1 1 1 1
staticfield java/lang/Character TYPE Ljava/lang/Class; java/lang/Class
staticfield java/lang/Character $assertionsDisabled Z 1
ciInstanceKlass java/util/Arrays 1 1 1029 10 7 12 1 1 1 10 100 12 1 1 1 10 7 12 1 1 1 10 12 1 10 12 1 10 12 1 10 12 1 10 12 1 10 12 1 10 100 12 1 1 1 100 1 7 1 10 8 1 10 12 1 1 10 12 1 8 1 8 1 10 12 1 1 10 12 1 100 1 10 12 1 9 100 12 1 1 1 10 7 12 1 1 100 1 10 12 1 1 10 7 12 1 1 10 7 12 1 1 1 100 1 10 12 1 10 12 1 1 7 1 9 7 12 1 1 1 10 12 1 1 10 7 12 1 1 10 12 1 10 12 1 1 10 12 1 10 12 1 1 7 1 11 12 1 1 10 12 1 10 7 12 1 1 1 10 12 10 12 1 10 12 1 10 12 10 12 1 11 100 12 1 1 1 10 7 12 1 1 1 100 1 10 12 1 10 100 1 10 12 1 10 100 1 10 12 1 10 100 1 10 12 1 10 10 12 1 1 10 12 1 10 12 1 10 12 1 10 12 1 10 12 1 10 7 12 1 1 1 10 12 1 10 7 12 1 1 1 10 12 1 10 12 1 10 7 12 1 1 1 10 12 1 10 12 1 10 12 1 10 12 1 10 12 1 10 12 1 10 12 1 10 12 1 10 12 1 10 12 1 10 12 1 10 12 1 10 12 1 10 12 1 10 12 1 10 12 1 1 10 12 1 1 10 7 12 1 1 1 10 7 1 10 100 1 10 7 1 10 100 1 10 100 1 10 100 1 10 100 1 10 100 1 10 12 1 8 1 10 12 1 1 10 12 1 1 10 12 1 1 10 12 1 1 10 12 1 1 10 12 1 1 10 12 1 1 10 12 1 1 10 12 1 1 7 1 10 12 10 12 1 1 10 12 1 10 12 1 1 10 12 1 1 9 7 12 1 1 1 10 12 1 9 7 1 10 12 1 9 7 1 10 12 1 9 7 1 10 12 1 9 7 1 10 12 1 9 7 1 10 12 1 9 10 12 1 10 12 1 10 12 1 9 12 1 100 1 10 10 12 1 1 10 12 1 10 12 1 10 12 1 10 12 1 10 12 1 10 12 1 10 12 1 10 12 1 10 12 1 8 1 8 1 10 12 1 10 12 1 8 1 10 12 1 10 12 1 10 12 1 10 7 12 1 1 1 3 10 7 1 10 10 12 1 1 11 100 12 1 1 10 12 1 1 10 12 1 10 12 1 10 12 1 10 12 1 10 12 1 10 12 1 10 12 1 10 12 1 11 12 1 8 1 10 11 12 1 11 100 12 1 1 1 11 100 12 1 1 1 11 12 1 1 18 12 1 1 11 12 1 1 11 100 12 1 1 1 18 12 1 11 100 12 1 1 1 18 12 1 11 100 12 1 1 1 18 12 1 100 1 10 7 12 1 1 1 10 12 1 10 12 1 10 12 1 10 12 1 10 12 1 10 12 1 10 12 1 10 12 1 1 10 12 1 10 7 12 1 1 10 12 1 10 12 1 10 12 1 1 10 12 1 10 12 1 10 12 1 1 10 12 1 10 12 1 10 12 1 1 10 12 1 10 12 1 10 12 1 10 12 1 10 12 10 12 1 10 12 10 12 10 12 1 10 12 10 12 1 10 12 1 10 12 1 1 1 1 3 1 3 1 1 1 1 1 1 1 1 1 1 1 1 1 1 1 1 1 1 1 1 1 1 1 1 1 1 1 1 1 1 1 1 1 1 1 1 1 1 1 1 1 1 1 1 1 1 1 1 1 1 1 1 1 1 1 1 1 1 1 1 1 1 1 1 1 1 1 1 1 1 1 1 1 1 1 1 1 1 1 1 1 1 1 1 1 1 1 1 1 1 1 1 1 1 1 1 1 1 1 1 1 1 1 1 1 1 1 1 1 1 1 1 1 1 1 1 1 1 1 1 1 1 1 1 1 1 1 1 1 1 1 1 1 1 1 1 1 1 1 1 1 1 1 1 1 1 1 1 1 1 1 1 1 1 1 1 1 1 1 1 1 1 1 1 1 1 1 1 1 1 1 1 1 1 1 1 1 1 1 1 1 1 1 1 1 1 1 1 1 1 1 1 1 1 1 1 1 1 1 1 1 1 1 1 1 1 1 1 1 1 1 1 1 1 1 1 1 1 1 1 1 1 1 1 1 1 1 1 1 1 1 1 1 1 1 1 1 1 1 1 1 1 1 1 1 1 1 1 1 1 1 1 1 1 100 1 1 16 15 10 12 15 10 12 15 10 12 15 10 12 15 10 100 12 1 1 1 1 1 100 1 100 1 1 1 1 100 1 1 1 1 1 1 100 1 1 100 1 1 100 1 1 1 100 1 100 1 1
staticfield java/util/Arrays $assertionsDisabled Z 1
ciInstanceKlass java/lang/OutOfMemoryError 1 1 26 10 100 12 1 1 1 10 12 1 100 1 1 1 1 5 0 1 1 1 1 1 1 1 1 1
ciMethod java/lang/StringLatin1 inflate ([BI[BII)V 0 0 1 0 -1
ciMethod java/lang/StringLatin1 canEncode (C)Z 904 0 11629 0 0
ciInstanceKlass java/lang/StringUTF16 1 1 635 7 1 7 1 10 7 12 1 1 1 10 7 12 1 1 1 100 1 10 3 7 1 7 1 10 8 1 10 12 1 1 10 12 1 8 1 10 12 1 1 10 12 1 9 12 1 1 10 12 1 1 100 1 8 1 10 12 1 9 12 1 1 9 12 1 10 10 12 1 1 10 12 1 1 10 7 12 1 1 1 10 12 1 10 12 1 1 10 12 1 1 10 12 1 1 10 12 1 1 10 12 1 10 12 1 1 10 12 1 1 10 12 1 1 10 12 1 1 10 12 1 1 10 12 1 10 100 12 1 1 1 10 12 1 1 10 100 12 1 1 1 10 12 1 1 10 12 1 10 12 1 1 10 12 1 1 10 12 1 1 10 12 1 10 12 1 100 1 10 12 1 10 10 12 1 10 12 1 1 10 12 1 10 100 12 1 1 1 10 12 1 1 10 12 10 12 1 1 10 12 1 10 12 1 1 10 12 1 10 12 1 10 12 1 10 12 1 100 1 10 12 1 1 10 12 1 3 10 12 1 1 10 12 1 10 12 1 10 12 1 10 12 1 10 12 1 10 12 1 1 9 12 1 10 12 1 10 12 10 12 1 1 10 12 1 10 12 1 10 12 1 10 10 12 10 12 10 10 12 1 1 10 12 1 10 12 1 10 12 1 100 1 8 1 8 1 10 12 1 1 100 1 10 10 7 12 1 1 1 10 100 12 1 1 8 1 8 1 8 1 10 12 1 1 10 12 1 1 10 12 10 100 12 1 1 10 12 1 1 10 12 1 1 10 12 1 10 12 10 12 10 12 1 10 12 10 12 1 10 12 1 10 12 1 10 12 1 10 100 12 1 1 1 10 100 12 1 1 1 10 12 1 1 10 12 1 1 11 7 12 1 1 10 12 1 10 12 1 10 12 1 1 9 12 1 1 9 12 1 5 0 5 0 10 12 1 10 12 10 12 10 7 12 1 1 1 10 12 1 1 1 1 1 1 1 1 1 1 1 1 1 1 1 1 1 1 1 1 1 1 1 1 1 1 1 1 1 100 1 1 1 1 1 1 1 1 1 1 1 1 1 1 1 1 1 1 1 1 1 1 1 1 1 1 1 1 1 1 1 1 1 1 1 1 1 1 1 1 1 1 1 1 1 1 1 1 1 1 1 1 1 1 1 1 1 1 1 1 1 1 1 1 1 1 1 1 1 1 1 1 1 1 1 1 1 1 1 1 1 1 1 1 1 1 1 1 1 1 100 1 1 1 1 1 1 1 1 1 1 1 1 1 1 1 1 1 100 1 1 1 1 1 1 1 1 1 1 1 1 1 1 1 1 1 1 1 1 1 1 1 1 1 1 1 1 1 1 1 1 1 1 1 1 1 1 1 1 1 1 1 1 1 1 1 1 1 1 1 1 1 1 1 1 1 1 1 100 1 100 1 1 1 1 1
staticfield java/lang/StringUTF16 HI_BYTE_SHIFT I 8
staticfield java/lang/StringUTF16 LO_BYTE_SHIFT I 0
staticfield java/lang/StringUTF16 $assertionsDisabled Z 1
ciInstanceKlass java/lang/Integer 1 1 453 7 1 7 1 7 1 7 1 10 12 1 1 9 12 1 1 9 12 1 1 10 100 12 1 1 1 10 12 1 1 10 100 12 1 1 1 10 10 12 1 1 10 7 12 1 1 1 10 12 1 10 12 1 1 10 7 12 1 1 1 10 12 1 1 10 12 1 1 10 12 1 10 12 1 10 12 1 1 10 10 12 1 9 12 1 1 9 12 1 100 1 8 1 10 12 1 7 1 10 12 1 8 1 10 12 1 1 10 12 1 8 1 10 12 1 8 1 10 12 1 1 3 10 12 1 1 3 10 12 1 1 10 12 1 1 10 7 12 1 1 1 11 7 1 10 12 1 1 11 10 12 1 1 8 1 10 12 1 1 8 1 7 1 10 12 1 1 10 12 1 1 5 0 8 1 10 12 1 10 12 1 10 12 1 10 12 1 1 7 1 9 12 1 1 9 12 1 1 10 12 1 10 7 1 9 12 1 10 12 1 10 12 1 10 12 1 1 10 7 12 1 1 1 100 1 100 1 10 12 1 1 10 12 1 1 8 1 8 1 10 12 1 1 8 1 8 1 8 1 8 1 8 1 8 1 10 12 1 10 12 1 5 0 3 3 3 3 10 12 1 10 12 1 3 10 12 1 10 100 12 1 1 1 10 12 1 1 10 12 1 1 8 1 10 7 12 1 1 1 9 12 1 1 7 1 7 1 7 1 1 1 1 3 1 1 1 3 1 3 1 1 5 0 1 1 1 1 1 1 1 1 1 100 1 1 1 1 1 1 1 1 1 1 1 1 1 1 1 1 1 1 1 1 1 1 1 1 1 1 1 1 1 1 1 1 1 1 1 1 1 1 1 1 3 1 1 1 1 1 1 1 1 1 1 1 1 1 1 1 1 7 1 1 1 1 1 1 1 1 1 1 1 1 1 1 1 1 1 1 1 1 1 1 1 1 1 1 1 1 1 1 1 1 1 1 1 1 1 1 1 1 1 1 1 1 1 1 7 1 1 1 1 1 1 1 1 1 100 1 100 1 1
staticfield java/lang/Integer TYPE Ljava/lang/Class; java/lang/Class
staticfield java/lang/Integer digits [C 36
staticfield java/lang/Integer DigitTens [B 100
staticfield java/lang/Integer DigitOnes [B 100
instanceKlass java/util/concurrent/atomic/AtomicLong
instanceKlass java/util/concurrent/atomic/AtomicInteger
instanceKlass java/lang/Long
instanceKlass java/lang/Integer
instanceKlass java/lang/Short
instanceKlass java/lang/Byte
instanceKlass java/lang/Double
instanceKlass java/lang/Float
ciInstanceKlass java/lang/Number 1 1 37 10 7 12 1 1 1 10 100 12 1 1 1 100 1 1 1 1 5 0 1 1 1 1 1 1 1 1 1 1 1 1 1 1 1 1 1
ciMethod java/lang/StringUTF16 compress ([BII)[B 0 0 1 0 -1
ciMethod java/lang/StringUTF16 coderFromArrayLen ([BI)B 190 0 62789 0 -1
ciMethod java/lang/StringUTF16 newBytesFor (I)[B 0 0 1 0 -1
ciMethod java/lang/StringUTF16 putCharSB ([BII)V 0 0 1 0 -1
ciInstanceKlass java/lang/Thread$FieldHolder 1 1 48 10 7 12 1 1 1 9 7 12 1 1 1 9 12 1 1 9 12 1 1 9 12 1 1 9 12 1 1 1 1 1 1 1 1 1 1 100 1 100 1 1 1 1 100 1 1 1
ciInstanceKlass java/lang/Thread$Constants 0 0 59 7 1 10 7 12 1 1 1 100 1 10 10 7 12 1 1 1 7 1 8 1 10 12 1 9 7 12 1 1 1 7 1 7 1 10 12 1 10 12 1 9 12 1 1 1 1 1 1 1 1 1 1 1 1 1 1 1 1
ciInstanceKlass java/lang/ThreadGroup 1 1 411 10 7 12 1 1 1 9 7 12 1 1 1 8 1 9 12 1 1 7 1 9 12 1 1 9 12 1 1 10 7 12 1 1 1 10 12 1 1 10 12 1 10 12 1 10 12 1 10 12 1 1 10 12 1 1 10 12 1 10 12 1 1 10 12 1 10 12 1 10 100 12 1 1 1 10 12 1 1 18 12 1 1 11 7 12 1 1 1 10 7 12 1 1 1 10 7 12 1 10 12 1 1 10 12 1 1 10 12 1 1 10 100 12 1 1 1 10 12 1 11 12 1 1 11 7 12 1 1 11 12 1 1 10 12 1 1 10 12 1 10 12 1 11 12 1 11 12 1 1 100 1 10 10 12 1 100 1 10 18 12 1 1 11 7 12 1 1 1 11 12 1 1 9 12 1 1 10 12 1 1 8 1 10 7 12 1 1 1 10 100 12 1 1 1 10 12 1 1 11 12 10 12 1 1 10 12 1 1 11 7 1 9 12 1 7 1 10 8 1 10 12 1 1 10 12 1 1 8 1 10 12 1 10 7 12 1 1 1 10 12 1 1 10 7 1 8 1 10 8 1 10 12 1 10 12 1 8 1 9 12 1 1 9 12 1 10 100 12 1 1 1 100 9 12 1 1 7 1 9 12 1 10 12 10 12 1 1 100 10 12 9 12 1 10 12 1 100 1 10 11 12 1 1 7 1 10 10 12 1 10 12 1 1 1 1 1 1 1 1 1 1 1 1 1 1 1 1 1 1 3 1 1 1 1 1 1 1 1 1 1 1 1 100 1 1 1 1 1 1 1 1 1 1 1 1 1 1 1 1 1 1 1 1 1 1 1 1 1 1 1 1 1 1 1 1 1 1 1 1 1 1 1 1 1 1 1 16 15 10 12 16 16 15 10 12 16 15 10 100 12 1 1 1 1 1 100 1 100 1 1
staticfield java/lang/ThreadGroup $assertionsDisabled Z 1
ciInstanceKlass java/lang/Thread$UncaughtExceptionHandler 1 0 16 100 1 100 1 1 1 1 1 1 1 1 100 1 1 1
ciInstanceKlass java/security/AccessControlContext 1 1 374 9 7 12 1 1 1 9 12 1 1 10 100 12 1 1 1 8 1 10 100 12 1 1 1 10 7 12 1 1 1 9 12 1 9 12 1 1 9 12 1 1 10 7 12 1 1 7 1 10 12 1 11 7 12 1 1 1 11 12 1 11 12 1 11 12 1 1 7 1 11 12 1 1 10 12 1 10 7 12 1 1 1 9 100 12 1 1 1 10 7 12 1 1 1 11 100 12 1 1 1 10 7 1 100 1 8 1 10 12 1 10 12 1 1 7 1 10 7 12 1 1 1 9 12 1 9 12 1 9 12 1 9 12 1 1 9 12 1 1 9 12 1 9 12 1 10 7 12 1 1 1 9 12 1 10 12 1 1 10 12 1 1 8 1 10 12 1 1 10 12 1 1 10 7 12 1 1 1 7 1 10 10 12 1 1 10 7 12 1 1 1 10 8 1 10 7 12 1 1 8 1 10 7 12 1 1 8 1 8 1 10 12 1 8 1 10 12 1 8 1 10 12 1 10 12 1 10 12 1 1 8 1 8 1 100 1 10 12 1 10 12 1 1 100 1 10 12 1 8 1 10 12 1 10 12 1 10 8 1 10 12 1 1 10 12 1 1 10 12 1 1 10 12 1 1 10 12 1 10 12 1 11 10 12 1 10 12 1 1 10 10 10 12 1 1 1 1 1 1 1 1 1 1 1 1 1 1 1 1 1 1 1 1 1 1 1 1 100 1 1 1 1 1 1 1 1 1 1 1 1 1 1 1 1 1 1 1 1 1 1 1 1 1 1 1 1 1 1 1 1 1 1 1 1 1 1 1 1 1 1 1 1 1 1 1 1 1 1 1 1 3 1 1
instanceKlass java/lang/ThreadBuilders$BoundVirtualThread
instanceKlass java/lang/VirtualThread
ciInstanceKlass java/lang/BaseVirtualThread 0 0 36 10 100 12 1 1 1 100 1 1 1 1 1 1 1 1 1 1 1 1 1 1 1 1 1 1 1 1 100 1 100 1 1 100 1 1
ciInstanceKlass java/lang/VirtualThread 0 0 907 9 7 12 1 1 1 10 7 12 1 1 1 10 100 12 1 1 1 10 7 12 1 1 1 9 12 1 1 9 12 1 1 100 1 10 12 1 9 12 1 1 18 12 1 1 9 12 1 1 10 12 1 1 100 1 10 12 1 10 12 1 1 10 12 1 1 10 12 1 1 10 12 1 10 7 12 1 10 12 1 10 12 1 10 12 1 10 12 1 11 100 12 1 1 1 100 1 10 12 1 1 10 100 12 1 1 1 10 100 12 1 1 1 10 12 1 100 1 10 10 12 1 10 12 1 1 9 12 1 1 10 12 1 1 9 12 1 1 10 12 1 9 12 1 1 9 12 1 100 1 10 10 12 1 10 100 12 1 1 10 9 10 10 12 1 1 10 12 1 1 10 100 12 1 1 10 100 1 10 9 10 10 12 1 7 1 10 12 1 1 10 12 1 10 12 1 10 12 1 1 9 12 1 10 12 1 10 12 1 9 12 1 1 10 12 1 10 12 1 9 12 1 1 10 12 1 10 12 1 10 12 1 11 100 12 1 1 10 12 1 1 10 12 1 1 10 12 1 1 9 12 1 10 100 1 10 12 1 1 10 12 1 1 10 12 1 10 12 1 10 12 1 10 12 9 12 1 1 10 100 12 1 1 10 12 1 10 12 1 1 10 100 12 1 1 10 12 1 100 1 8 1 10 12 1 10 12 1 1 10 12 1 10 12 1 10 100 12 1 1 10 12 1 10 12 1 1 10 12 1 10 12 1 1 10 7 12 1 1 10 12 1 1 10 12 1 1 100 1 10 10 12 1 7 1 9 12 1 1 10 7 12 1 1 10 9 12 1 1 18 9 100 12 1 1 1 11 100 12 1 1 1 11 100 1 11 12 10 12 1 10 12 1 1 10 12 1 100 1 10 10 12 1 10 12 1 1 10 12 1 1 10 12 1 10 12 1 10 12 1 9 12 1 1 11 100 12 1 1 10 12 9 100 12 1 1 1 9 12 1 10 12 1 1 9 12 1 9 12 1 9 12 1 7 1 10 10 12 1 1 10 12 1 10 12 7 1 7 1 10 8 1 10 12 1 1 10 12 1 10 12 1 10 10 12 1 8 1 10 10 12 1 10 12 1 10 7 12 1 1 8 1 8 1 10 9 100 12 1 1 1 10 12 1 1 10 12 1 10 10 10 12 9 12 1 10 12 1 1 9 12 1 10 12 1 1 9 12 1 10 12 1 1 18 12 1 1 18 12 1 10 7 12 1 1 1 8 1 10 100 12 1 1 1 10 7 12 1 1 1 18 12 1 10 100 12 1 1 1 100 1 10 12 1 8 1 10 12 1 8 1 10 12 1 1 8 1 8 1 10 100 12 1 1 8 1 10 12 1 8 1 8 1 10 100 12 1 1 1 10 12 1 10 12 1 1 10 12 1 18 12 1 1 18 12 1 1 5 0 9 12 1 10 12 1 18 12 1 100 1 10 12 10 7 12 1 1 10 12 1 1 7 1 8 1 10 10 12 1 10 12 1 1 10 12 1 9 12 1 8 10 12 1 1 8 8 9 12 1 8 10 12 1 1 3 1 3 1 3 1 3 1 3 1 3 1 3 1 3 1 3 1 3 1 3 1 3 3 1 3 1 1 1 1 1 1 1 1 1 1 1 1 1 1 7 1 1 1 1 1 1 1 1 1 1 1 1 1 1 7 1 1 1 1 1 1 1 1 1 1 1 7 1 1 1 1 1 1 1 1 1 1 1 1 1 1 1 1 1 1 1 1 1 1 1 1 1 1 1 1 1 1 1 1 1 1 1 1 1 1 1 100 1 1 1 1 1 1 1 1 1 1 1 1 1 1 1 1 1 1 1 1 1 1 1 1 1 1 1 1 1 1 1 1 1 1 1 100 1 1 1 1 1 1 1 1 1 1 1 1 1 1 100 1 1 16 15 10 12 15 16 15 10 12 16 15 10 12 16 16 15 10 12 16 15 10 12 16 15 10 12 16 15 10 12 16 1 15 10 100 12 1 1 1 1 1 1 1 7 1 1 100 1 100 1 1
ciInstanceKlass java/lang/ThreadBuilders$BoundVirtualThread 0 0 132 10 7 12 1 1 1 9 7 12 1 1 1 10 7 12 1 1 1 9 12 1 1 10 12 1 1 10 12 1 1 9 12 1 1 10 7 12 1 1 1 10 12 1 1 7 1 8 1 10 12 1 10 12 1 1 10 12 1 1 10 12 1 1 10 7 12 1 1 1 8 1 10 12 1 8 1 10 12 1 1 10 100 12 1 1 9 100 12 1 1 1 10 12 1 1 10 10 12 1 1 1 1 1 1 1 1 1 1 1 1 1 1 1 1 1 1 1 1 1 1 1 1 1 1 1 1 100 1 1 1 1
ciInstanceKlass jdk/internal/vm/ContinuationScope 0 0 50 10 100 12 1 1 1 10 100 12 1 1 1 100 1 9 100 12 1 1 1 10 12 1 1 10 100 12 1 1 1 10 12 1 1 10 12 1 1 1 1 1 1 1 1 1 1 1 1 1
ciInstanceKlass jdk/internal/vm/StackChunk 0 0 32 10 100 12 1 1 1 9 100 12 1 1 1 9 12 1 1 9 12 1 1 1 1 1 1 1 1 1 1 1 1 1
ciInstanceKlass java/lang/Float 1 1 279 7 1 7 1 10 100 12 1 1 1 10 100 12 1 1 1 4 7 1 10 12 1 1 10 12 1 1 8 1 8 1 10 7 12 1 1 1 10 12 1 1 10 12 1 1 10 100 1 4 10 7 12 1 1 9 12 1 1 10 12 1 1 10 12 1 10 10 12 1 1 10 12 1 10 12 1 3 3 100 1 4 4 4 3 10 12 1 1 9 12 1 1 100 1 10 3 3 4 4 10 12 1 3 3 3 10 12 1 1 10 12 1 1 10 12 1 10 100 12 1 1 1 10 12 1 1 10 12 1 1 10 7 12 1 1 1 8 1 10 12 1 1 9 12 1 1 7 1 7 1 7 1 1 1 1 4 1 4 1 1 1 4 1 1 3 1 3 1 3 1 3 1 3 1 1 1 1 5 0 1 1 1 1 1 1 1 1 1 1 100 1 1 1 1 1 1 1 1 1 1 1 1 1 3 1 1 1 1 1 1 1 1 1 1 1 1 1 1 1 1 1 1 1 1 1 1 1 1 1 1 1 1 1 1 1 1 1 1 1 1 1 1 1 1 1 1 1 1 1 1 1 1 1 1 1 1 1 1 1 1 1 1 1 1 1 7 1 1 1 1 1 1 1 100 1 100 1 1
staticfield java/lang/Float TYPE Ljava/lang/Class; java/lang/Class
staticfield java/lang/Float $assertionsDisabled Z 1
ciInstanceKlass java/lang/Double 1 1 290 7 1 7 1 10 100 12 1 1 1 10 12 1 1 10 7 1 10 12 1 1 10 100 12 1 1 1 6 0 8 1 10 12 1 1 8 1 10 12 1 1 8 1 6 0 10 12 1 1 100 1 5 0 5 0 8 1 8 1 10 7 12 1 1 1 10 7 12 1 1 1 8 1 10 12 1 1 8 1 8 1 8 1 10 12 1 1 10 12 1 10 12 1 1 10 12 1 10 12 1 10 12 1 1 10 12 1 10 7 1 6 0 10 7 12 1 1 9 12 1 1 10 12 1 10 12 1 10 12 1 10 12 1 10 12 1 5 0 10 12 1 1 10 12 1 10 12 1 10 100 12 1 1 1 10 12 1 1 10 12 1 1 8 1 10 7 12 1 1 1 9 12 1 1 7 1 7 1 7 1 1 1 6 0 1 6 0 1 6 0 1 1 1 6 0 1 1 3 1 3 1 3 1 3 1 3 1 1 1 1 5 0 1 1 1 1 1 1 1 1 1 1 1 1 1 1 1 1 100 1 1 1 1 1 1 1 1 1 1 1 1 3 1 1 1 1 1 1 1 1 1 1 1 1 1 1 1 1 1 1 1 1 1 1 1 1 1 1 1 1 1 1 1 1 1 1 7 1 1 1 1 1 1 1 100 1 100 1 1
staticfield java/lang/Double TYPE Ljava/lang/Class; java/lang/Class
ciInstanceKlass java/lang/Byte 1 1 213 7 1 100 1 10 7 12 1 1 1 9 12 1 1 8 1 9 12 1 1 7 1 10 12 1 1 10 12 1 1 10 100 12 1 1 1 10 100 12 1 1 1 9 100 12 1 1 1 10 12 1 1 100 1 7 1 10 12 1 1 8 1 10 12 1 1 8 1 10 12 1 10 12 1 10 12 1 10 12 1 1 10 12 1 10 12 1 10 12 1 1 10 8 1 8 1 10 7 1 9 12 1 1 10 12 1 1 10 12 1 1 10 12 1 1 10 12 1 5 0 10 12 1 1 8 1 10 7 12 1 1 1 9 12 1 1 7 1 7 1 1 1 3 1 3 1 1 1 1 3 1 3 1 1 5 0 1 1 1 1 1 1 1 1 1 1 1 1 1 1 1 1 1 1 1 1 1 1 1 1 1 1 1 1 1 1 1 1 1 1 1 1 1 1 1 1 1 1 1 1 1 1 1 1 1 1 1 1 1 1 1 1
staticfield java/lang/Byte TYPE Ljava/lang/Class; java/lang/Class
ciInstanceKlass java/lang/Short 1 1 222 7 1 7 1 100 1 10 7 12 1 1 1 10 12 1 1 100 1 7 1 10 12 1 1 8 1 10 12 1 1 8 1 10 12 1 10 12 1 10 12 1 10 12 1 1 10 12 1 1 10 12 1 9 12 1 1 8 1 9 12 1 1 7 1 10 12 1 1 10 12 1 10 100 12 1 1 1 10 100 12 1 1 1 9 100 12 1 1 1 10 12 1 10 12 1 1 10 8 1 8 1 10 7 1 9 12 1 1 10 12 1 1 10 12 1 1 10 12 1 1 10 12 1 3 3 5 0 10 12 1 1 8 1 10 7 12 1 1 1 9 12 1 1 7 1 7 1 1 1 3 1 3 1 1 1 1 3 1 3 1 1 5 0 1 1 1 1 1 1 1 1 1 1 1 1 1 1 1 1 1 1 1 1 1 1 1 1 1 1 1 3 1 1 1 1 1 1 1 1 1 1 1 1 1 1 1 1 1 1 1 1 1 1 1 1 1 1 1 1 1 1
staticfield java/lang/Short TYPE Ljava/lang/Class; java/lang/Class
ciInstanceKlass java/lang/Long 1 1 524 7 1 7 1 7 1 7 1 10 12 1 1 9 12 1 1 9 7 12 1 1 1 10 100 12 1 1 1 10 12 1 1 10 100 12 1 1 1 10 10 12 10 12 1 10 12 1 10 12 1 5 0 5 0 7 1 10 12 1 1 10 12 1 1 10 12 1 10 12 1 10 12 1 10 12 1 1 10 100 12 1 1 10 12 1 10 12 1 1 10 12 1 1 10 12 1 1 10 12 1 1 10 100 12 1 1 1 10 12 1 1 10 12 1 10 12 1 10 12 1 10 12 1 1 10 10 12 1 5 0 5 0 9 12 1 1 9 12 1 5 0 100 1 8 1 10 12 1 8 1 10 12 1 8 1 8 1 10 12 1 1 5 0 10 12 1 1 5 0 10 12 1 1 10 12 1 1 10 100 12 1 1 1 11 7 1 10 12 1 1 11 10 12 1 1 8 1 10 12 1 1 8 1 7 1 10 12 1 1 10 12 1 8 1 8 1 11 12 1 1 10 12 1 10 12 1 10 12 1 5 0 5 0 9 7 12 1 1 1 10 12 1 10 12 1 1 8 1 8 1 10 12 1 1 8 1 8 1 8 1 8 1 8 1 8 1 10 12 1 10 7 1 9 12 1 1 10 12 1 10 12 1 1 10 12 1 1 10 7 12 1 1 1 100 1 100 1 10 12 1 1 10 12 1 1 5 0 10 12 1 10 12 1 5 0 5 0 5 0 10 12 1 1 10 12 1 5 0 5 0 10 12 1 10 12 1 10 100 12 1 1 1 10 12 1 1 10 12 1 1 8 1 10 7 12 1 1 1 9 12 1 1 7 1 7 1 7 1 1 1 1 5 0 1 1 1 1 3 1 3 1 5 0 1 1 1 1 1 1 1 1 1 100 1 1 1 1 1 1 1 1 1 1 1 1 1 1 1 1 1 1 1 1 1 1 1 1 1 1 1 1 1 1 1 1 1 1 1 1 1 1 1 1 1 1 1 1 1 1 1 1 1 1 1 1 1 1 1 3 1 1 1 1 1 1 1 1 1 1 1 1 1 1 1 7 1 1 1 1 1 1 1 1 1 1 1 1 1 1 1 1 1 1 1 1 1 1 1 1 1 1 1 1 1 1 1 1 1 1 1 1 1 1 1 1 1 1 1 7 1 1 1 1 1 1 1 1 1 100 1 100 1 1
staticfield java/lang/Long TYPE Ljava/lang/Class; java/lang/Class
ciInstanceKlass jdk/internal/vm/vector/VectorSupport 0 0 573 100 1 10 100 12 1 1 1 9 12 1 1 10 12 1 1 100 1 10 12 1 11 100 12 1 1 1 11 100 12 1 1 1 11 100 12 1 1 11 100 12 1 1 11 100 12 1 1 1 11 100 12 1 1 11 100 12 1 1 11 100 12 1 1 11 100 12 1 1 11 100 12 1 1 11 100 12 1 1 11 100 12 1 1 1 11 100 12 1 1 11 100 12 1 1 1 11 100 12 1 1 1 11 100 12 1 1 11 100 12 1 1 1 11 100 12 1 1 100 1 10 12 1 1 11 100 12 1 1 11 100 12 1 1 11 100 12 1 1 11 100 12 1 1 11 100 12 1 1 11 100 12 1 1 9 12 1 1 10 100 12 1 1 11 100 12 1 1 10 12 1 1 10 100 12 1 1 1 10 12 1 10 12 1 1 10 12 1 1 1 1 1 3 1 3 1 3 1 3 1 3 1 3 1 3 1 3 1 3 1 3 1 3 1 3 1 3 1 3 1 3 1 3 1 3 1 3 1 3 1 3 1 3 1 3 1 3 1 3 1 3 1 3 1 3 1 3 1 3 1 3 1 3 1 3 1 3 1 3 1 3 1 3 1 3 1 3 1 3 1 3 1 3 1 3 1 3 1 3 1 3 1 3 1 3 1 3 1 3 1 3 1 3 1 3 1 3 1 1 1 1 1 1 1 1 1 1 1 1 1 1 1 1 1 1 1 1 1 1 1 1 1 1 1 1 1 1 1 1 1 1 1 1 1 1 1 1 1 1 1 1 1 1 1 1 1 1 1 1 1 1 1 1 1 1 1 1 1 1 1 1 1 1 1 1 1 1 1 1 1 1 1 1 1 1 1 1 1 1 1 1 1 1 1 1 1 1 1 1 1 1 1 1 1 1 1 1 1 1 1 1 1 1 1 1 1 1 1 1 1 1 1 1 1 1 1 1 1 1 1 1 1 1 1 1 1 1 1 1 1 1 1 1 1 1 1 1 1 1 1 1 1 1 1 1 1 1 1 1 1 1 1 1 1 1 1 1 1 1 1 1 1 1 1 1 1 1 1 1 1 1 1 1 1 1 1 1 1 1 1 1 1 1 1 1 1 1 1 1 1 1 1 1 1 1 1 1 1 1 1 1 1 1 1 1 1 1 1 1 1 1 1 1 1 1 1 1 1 1 1 1 1 1 1 1 1 1 1 1 1 1 1 100 1 100 1 100 1 100 1 100 1 1 1 1 1 1 1 1 1 1 1 1 1 1 1 1 1 1 1 1 1 1 1 1 1 1 1 1 1 1 1
instanceKlass jdk/internal/vm/vector/VectorSupport$VectorShuffle
instanceKlass jdk/internal/vm/vector/VectorSupport$VectorMask
instanceKlass jdk/internal/vm/vector/VectorSupport$Vector
ciInstanceKlass jdk/internal/vm/vector/VectorSupport$VectorPayload 0 0 32 10 100 12 1 1 1 9 100 12 1 1 1 10 100 12 1 1 1 1 1 1 1 1 1 1 1 1 1 1 1 1
ciInstanceKlass jdk/internal/vm/vector/VectorSupport$Vector 0 0 28 10 100 12 1 1 1 100 1 1 1 1 1 1 1 1 1 1 1 1 1 1 1 100 1 1 1 1
ciInstanceKlass jdk/internal/vm/vector/VectorSupport$VectorMask 0 0 28 10 100 12 1 1 1 100 1 1 1 1 1 1 1 1 1 1 1 1 1 1 1 100 1 1 1 1
ciInstanceKlass jdk/internal/vm/vector/VectorSupport$VectorShuffle 0 0 28 10 100 12 1 1 1 100 1 1 1 1 1 1 1 1 1 1 1 1 1 1 1 100 1 1 1 1
ciInstanceKlass jdk/internal/vm/FillerObject 0 0 16 10 100 12 1 1 1 100 1 1 1 1 1 1 1 1
instanceKlass java/lang/ref/PhantomReference
instanceKlass java/lang/ref/FinalReference
instanceKlass java/lang/ref/WeakReference
instanceKlass java/lang/ref/SoftReference
ciInstanceKlass java/lang/ref/Reference 1 1 190 9 7 12 1 1 1 9 7 12 1 1 10 12 1 1 10 12 1 1 9 12 1 1 10 12 1 1 9 12 1 1 9 12 1 1 7 1 10 12 1 10 7 12 1 1 10 12 1 10 12 1 1 10 12 1 7 1 8 1 10 12 1 1 7 1 10 12 1 1 10 12 1 1 10 12 1 9 12 1 10 12 1 1 10 12 1 10 12 1 9 12 1 7 1 100 1 10 12 9 12 1 9 12 1 100 1 10 10 12 1 10 10 7 12 1 1 7 1 10 10 7 12 1 1 1 1 1 1 1 1 1 1 1 1 1 1 1 1 1 1 1 7 1 1 1 100 1 1 1 1 1 1 1 1 1 1 1 1 1 1 1 1 1 1 1 1 1 1 1 1 1 1 1 1 1 1 1 1 1 1 1 7 1 7 1 7 1 1 1
staticfield java/lang/ref/Reference processPendingLock Ljava/lang/Object; java/lang/Object
staticfield java/lang/ref/Reference $assertionsDisabled Z 1
instanceKlass java/util/ResourceBundle$BundleReference
instanceKlass sun/util/locale/LocaleObjectCache$CacheEntry
instanceKlass java/lang/invoke/LambdaFormEditor$Transform
ciInstanceKlass java/lang/ref/SoftReference 1 1 47 10 7 12 1 1 1 9 7 12 1 1 1 9 12 1 10 12 1 10 12 1 1 1 1 1 1 1 1 1 1 1 1 1 1 1 1 1 1 1 1 100 1 1 1 1 1
instanceKlass java/lang/ClassValue$Entry
instanceKlass sun/security/provider/FileInputStreamPool$StreamRef
instanceKlass java/lang/ThreadLocal$ThreadLocalMap$Entry
instanceKlass java/util/ResourceBundle$KeyElementReference
instanceKlass jdk/internal/util/WeakReferenceKey
instanceKlass java/util/WeakHashMap$Entry
ciInstanceKlass java/lang/ref/WeakReference 1 1 31 10 7 12 1 1 1 10 12 1 100 1 1 1 1 1 1 1 1 1 1 1 1 1 1 1 1 1 1 1 1
instanceKlass java/lang/ref/Finalizer
ciInstanceKlass java/lang/ref/FinalReference 1 1 50 10 7 12 1 1 1 10 7 12 1 1 1 10 12 1 1 7 1 8 1 10 12 1 1 1 1 1 1 1 1 1 1 1 1 1 1 1 1 1 1 1 1 1 1 1 1 1 7 1
instanceKlass jdk/internal/ref/PhantomCleanable
instanceKlass jdk/internal/ref/Cleaner
ciInstanceKlass java/lang/ref/PhantomReference 1 1 39 10 100 12 1 1 1 10 7 12 1 1 1 1 1 1 1 1 1 1 1 1 1 1 1 1 1 1 1 1 1 1 1 1 1 1 1 1 1
ciInstanceKlass java/lang/ref/Finalizer 1 1 155 9 7 12 1 1 1 10 7 12 1 1 1 9 12 1 1 9 12 1 1 9 12 1 9 12 1 9 12 1 1 10 12 1 7 1 8 1 10 12 1 10 12 1 1 9 12 1 100 1 10 12 1 7 1 11 100 12 1 1 10 12 1 7 1 10 12 1 100 1 10 12 1 10 7 12 1 1 1 10 100 12 1 1 1 100 1 10 10 12 1 7 1 10 12 1 7 1 10 12 1 1 10 12 1 1 10 12 1 10 7 12 1 1 1 7 1 10 7 1 10 10 12 1 1 1 1 1 1 1 1 1 1 1 1 1 1 1 1 1 1 1 1 1 1 1 1 1 1 1 1 1 1 1 1
staticfield java/lang/ref/Finalizer lock Ljava/lang/Object; java/lang/Object
staticfield java/lang/ref/Finalizer ENABLED Z 1
staticfield java/lang/ref/Finalizer $assertionsDisabled Z 1
instanceKlass jdk/internal/util/Architecture
instanceKlass java/util/Locale$Category
instanceKlass java/nio/file/FileVisitResult
instanceKlass java/nio/file/FileTreeWalker$EventType
instanceKlass java/nio/file/FileVisitOption
instanceKlass sun/util/logging/PlatformLogger$Level
instanceKlass java/lang/System$Logger$Level
instanceKlass jdk/internal/logger/BootstrapLogger$LoggingBackend
instanceKlass java/lang/ProcessImpl$LaunchMechanism
instanceKlass java/lang/ProcessBuilder$Redirect$Type
instanceKlass jdk/internal/util/OperatingSystem
instanceKlass java/nio/file/attribute/PosixFilePermission
instanceKlass java/lang/invoke/MethodHandleImpl$ArrayAccess
instanceKlass jdk/internal/classfile/impl/Options$Key
instanceKlass jdk/internal/classfile/Opcode$Kind
instanceKlass jdk/internal/classfile/Opcode
instanceKlass jdk/internal/classfile/TypeKind
instanceKlass java/lang/constant/DirectMethodHandleDesc$Kind
instanceKlass java/util/stream/MatchOps$MatchKind
instanceKlass jdk/internal/classfile/impl/AbstractPoolEntry$Utf8EntryImpl$State
instanceKlass jdk/tools/jlink/internal/Archive$Entry$EntryType
instanceKlass jdk/tools/jlink/plugin/ResourcePoolEntry$Type
instanceKlass java/util/Comparators$NaturalOrderComparator
instanceKlass sun/security/util/KnownOIDs
instanceKlass sun/security/provider/NativePRNG$Variant
instanceKlass java/util/regex/Pattern$Qtype
instanceKlass java/util/zip/ZipCoder$Comparison
instanceKlass jdk/internal/jmod/JmodFile$Section
instanceKlass sun/util/locale/provider/LocaleProviderAdapter$Type
instanceKlass java/nio/file/LinkOption
instanceKlass java/nio/file/AccessMode
instanceKlass jdk/tools/jlink/plugin/Plugin$Category
instanceKlass jdk/tools/jlink/plugin/Plugin$State
instanceKlass java/util/concurrent/TimeUnit
instanceKlass java/io/File$PathStatus
instanceKlass java/nio/file/StandardOpenOption
instanceKlass java/util/stream/Collector$Characteristics
instanceKlass java/util/stream/StreamShape
instanceKlass java/lang/invoke/MethodHandles$Lookup$ClassOption
instanceKlass java/lang/invoke/VarHandle$AccessType
instanceKlass java/lang/invoke/VarHandle$AccessMode
instanceKlass java/lang/invoke/MethodHandleImpl$Intrinsic
instanceKlass java/lang/invoke/LambdaForm$BasicType
instanceKlass java/lang/invoke/LambdaForm$Kind
instanceKlass sun/invoke/util/Wrapper
instanceKlass java/util/stream/StreamOpFlag$Type
instanceKlass java/util/stream/StreamOpFlag
instanceKlass java/lang/reflect/AccessFlag$Location
instanceKlass java/lang/reflect/AccessFlag
instanceKlass java/lang/module/ModuleDescriptor$Modifier
instanceKlass java/lang/reflect/ClassFileFormatVersion
instanceKlass java/lang/Thread$State
instanceKlass java/lang/module/ModuleDescriptor$Requires$Modifier
ciInstanceKlass java/lang/Enum 1 1 204 9 7 12 1 1 1 9 12 1 1 10 7 12 1 1 1 9 12 1 10 7 12 1 1 1 100 1 10 10 12 1 1 10 12 1 7 1 10 10 7 12 1 1 10 12 1 1 18 12 1 1 10 100 12 1 1 1 10 12 1 1 11 7 12 1 1 1 100 1 8 1 10 12 1 100 1 7 1 10 8 1 10 12 1 1 10 12 1 1 8 1 10 12 1 10 100 1 8 1 10 10 12 1 1 10 100 12 1 1 1 7 1 7 1 7 1 1 1 1 1 1 1 1 1 1 1 1 1 1 1 1 1 1 1 1 1 1 1 1 1 1 1 1 1 1 1 1 1 1 1 1 1 1 1 1 1 1 1 1 1 1 1 3 1 1 1 1 100 1 7 1 1 100 1 1 1 1 1 1 1 1 1 1 1 16 15 10 12 16 15 10 100 12 1 1 1 1 1 100 1 100 1 1
ciInstanceKlass java/lang/reflect/Method 1 1 472 9 7 12 1 1 1 10 100 12 1 1 1 10 100 12 1 1 9 12 1 1 10 12 1 1 10 12 1 1 10 100 12 1 1 10 7 12 1 1 1 9 12 1 1 9 12 1 9 12 1 1 9 12 1 9 12 1 9 12 1 1 9 12 1 9 12 1 1 9 12 1 9 12 1 9 12 1 1 100 1 8 1 10 12 1 10 12 1 9 12 1 1 8 1 10 7 12 1 1 10 7 12 1 1 1 10 12 1 1 10 12 1 1 10 12 1 10 12 1 1 10 12 1 1 9 100 12 1 1 1 10 12 1 1 10 12 10 7 12 1 1 10 12 1 1 10 12 1 10 12 1 10 12 1 10 7 12 1 1 1 10 12 1 1 10 7 1 10 7 12 1 1 1 10 100 12 1 1 10 12 1 1 10 12 1 1 10 12 1 10 7 12 1 1 1 10 12 1 10 8 1 10 12 1 10 12 1 100 1 8 1 8 1 8 1 10 12 1 10 12 1 1 10 12 1 1 10 10 12 1 1 10 12 1 11 7 1 10 12 1 9 12 1 1 10 12 1 1 10 12 1 10 12 1 1 10 12 1 1 11 7 12 1 1 1 11 12 1 9 12 1 1 10 12 1 10 12 1 10 12 1 10 12 1 10 12 1 10 12 1 9 12 1 1 10 7 12 1 1 1 10 7 12 1 1 10 12 1 1 10 100 12 1 1 1 10 100 12 1 1 1 10 100 12 1 1 1 11 100 12 1 1 1 10 100 12 1 1 1 100 1 100 1 100 1 10 12 1 10 12 1 1 10 12 1 100 1 8 1 10 12 1 10 10 12 1 1 10 12 1 1 10 12 1 1 10 12 1 1 8 1 10 12 1 1 1 1 1 1 1 1 1 1 1 1 1 1 1 1 1 1 1 1 1 1 1 1 1 1 1 1 1 1 1 1 1 1 1 1 1 1 1 1 1 1 1 1 1 1 1 1 1 1 1 1 1 100 1 100 1 100 1 1 1 1 1 1 1 1 1 1 1 1 1 1 1 1 1 1 1 1 1 1 1 1 1 1 1 1 1 1
ciInstanceKlass java/lang/reflect/Field 1 1 457 9 7 12 1 1 1 10 12 1 1 10 100 12 1 1 1 10 100 12 1 1 9 12 1 1 10 12 1 1 10 12 1 1 10 100 12 1 1 10 7 12 1 1 1 9 12 1 1 9 12 1 9 12 1 9 12 1 1 9 12 1 1 9 12 1 9 12 1 1 9 12 1 1 100 1 8 1 10 12 1 10 12 1 9 12 1 1 9 12 1 10 12 1 10 100 12 1 1 10 12 1 1 10 12 1 1 10 12 1 10 12 1 1 9 100 12 1 1 1 10 100 12 1 1 1 100 1 10 12 1 1 10 12 1 1 10 12 1 1 10 12 1 10 12 1 10 7 1 10 7 12 1 1 7 1 10 8 1 10 12 1 1 10 12 1 1 8 1 10 12 10 12 1 8 1 8 1 10 11 7 1 9 12 1 10 12 1 1 10 12 1 1 11 7 12 1 1 1 10 12 1 11 12 1 1 11 12 1 1 11 12 1 1 11 12 1 1 11 12 1 1 11 12 1 1 11 12 1 1 11 12 1 1 11 12 1 1 11 12 1 1 11 12 1 1 11 12 1 1 11 12 1 1 11 12 1 1 11 12 1 1 11 12 1 1 11 12 1 1 10 12 1 10 7 12 1 1 10 12 1 10 12 1 10 12 1 9 12 1 1 10 100 12 1 1 1 10 12 1 1 10 12 1 10 100 12 1 1 10 12 1 1 11 7 1 10 12 1 7 1 10 100 12 1 1 1 10 100 12 1 1 1 9 12 1 10 100 12 1 1 1 11 100 12 1 1 1 10 12 1 1 10 12 1 1 9 100 12 1 1 10 100 12 1 1 1 10 12 1 1 7 1 1 1 1 1 1 1 1 1 1 1 1 1 1 1 1 1 1 1 1 1 1 1 1 1 1 1 1 1 1 1 1 1 1 1 1 1 1 1 100 1 1 1 1 1 1 1 1 1 1 1 1 1 1 1 1 1 1 1 1 1 1 1 1 1 1 1 1 1 1 1 1 7 1 1 1 1 1 1 1 1 1 100 1 1
ciInstanceKlass java/lang/reflect/Parameter 0 0 243 10 7 12 1 1 1 9 7 12 1 1 1 9 12 1 1 9 12 1 1 9 12 1 10 12 1 1 10 12 1 1 10 7 12 1 1 1 7 1 10 10 12 1 1 11 7 12 1 1 1 10 12 1 10 100 12 1 1 1 10 12 1 1 10 12 1 10 12 1 8 1 8 1 10 7 12 1 1 1 10 12 1 10 12 9 100 12 1 1 1 10 100 12 1 1 1 10 12 1 8 1 10 12 1 9 12 1 1 10 12 1 1 9 12 1 1 10 12 1 1 10 12 1 1 10 12 1 1 10 12 1 10 10 12 1 10 100 12 1 1 1 10 12 1 1 11 7 12 1 1 10 7 12 1 1 7 1 10 100 12 1 1 1 10 12 1 1 10 12 1 1 10 12 1 1 10 12 1 1 9 12 1 100 1 10 11 12 1 1 11 12 1 1 7 1 1 1 1 1 1 1 1 1 1 1 1 1 1 1 1 1 1 1 1 1 1 1 1 1 1 1 1 1 1 1 1 1 1 1 1 1 1 1 1 1 100 1 1 1 1 1 1
ciInstanceKlass java/lang/reflect/RecordComponent 0 0 196 10 7 12 1 1 1 9 7 12 1 1 1 9 12 1 1 9 12 1 10 12 1 1 10 12 1 1 10 100 12 1 1 1 10 12 1 1 9 12 1 1 10 12 1 1 10 12 1 1 10 12 1 10 100 12 1 1 10 100 12 1 1 9 12 1 1 10 100 12 1 1 1 11 100 12 1 1 1 10 9 100 12 1 1 1 10 100 12 1 1 1 9 12 1 1 10 100 12 1 1 1 10 12 1 1 11 7 12 1 1 10 7 12 1 1 7 1 9 12 1 9 12 1 1 9 12 1 10 100 12 1 1 1 10 12 1 1 10 12 1 1 7 1 10 10 12 1 10 12 1 1 8 1 10 12 1 10 12 1 9 12 1 7 1 1 1 1 1 1 1 1 1 1 1 1 1 1 1 1 1 1 1 1 1 1 7 1 1 1 1 1 1 100 1 1
ciInstanceKlass java/lang/StringBuffer 0 0 483 10 7 12 1 1 1 10 12 1 10 12 1 10 12 1 1 9 7 12 1 1 1 10 12 1 1 10 12 1 10 12 1 1 9 12 1 1 10 12 1 10 12 1 1 10 12 1 1 10 12 1 10 12 1 1 10 12 1 10 12 1 1 10 12 1 1 10 7 12 1 1 1 10 12 1 1 10 12 1 10 12 1 10 12 1 10 12 1 10 12 1 10 12 1 10 12 1 10 12 1 10 12 1 10 12 1 10 12 1 10 12 1 10 12 1 10 12 1 1 10 12 1 10 12 1 1 10 12 1 1 10 10 12 1 1 10 12 1 10 12 1 10 12 1 10 12 1 10 12 1 10 12 1 10 12 10 12 1 10 12 1 10 12 1 10 12 1 1 10 12 1 10 12 1 10 10 12 1 1 10 12 1 10 12 1 10 12 1 10 10 100 12 1 1 1 10 10 12 1 1 9 12 1 1 10 100 12 1 1 10 100 1 8 10 100 12 1 1 1 8 10 12 1 8 1 10 12 1 10 12 1 10 100 12 1 1 1 10 100 12 1 1 1 100 1 10 12 100 1 8 1 10 10 12 1 1 10 12 1 1 10 12 1 10 12 1 10 12 1 1 10 12 1 10 12 1 10 12 1 10 12 1 10 12 1 10 12 10 12 1 10 12 1 10 12 1 10 12 1 10 12 1 10 12 1 10 12 1 10 12 1 10 12 1 10 12 1 10 12 10 12 10 12 1 10 12 1 10 12 1 10 12 10 12 1 10 12 1 10 12 1 10 12 1 10 12 1 10 12 1 10 12 1 10 12 1 10 12 1 10 12 1 10 12 1 100 1 10 12 1 9 7 12 1 1 1 9 7 1 9 12 1 1 7 1 7 1 7 1 7 1 1 1 1 5 0 1 1 1 1 1 1 1 1 1 1 1 1 1 1 1 1 1 1 1 1 1 1 1 1 1 1 1 1 1 1 1 1 1 1 1 1 1 1 1 1 1 1 1 1 1 1 1 1 1 1 1 1 1 1 1 1 1 1 1 1 1 100 1 1 1 1 1 7 1 1 1 1 1 1 1 1 1 1 1 1 1 1 1 1 1 1
instanceKlass jdk/internal/loader/BuiltinClassLoader
ciInstanceKlass java/security/SecureClassLoader 1 1 102 10 7 12 1 1 1 7 1 10 12 1 9 7 12 1 1 1 10 12 1 10 12 1 10 12 1 1 10 12 1 1 10 12 1 7 1 10 7 1 10 12 1 7 1 10 12 1 11 7 12 1 1 1 7 1 11 12 1 10 12 1 1 1 1 1 1 1 1 1 1 1 1 1 1 1 1 1 1 1 1 1 1 1 1 1 1 1 1 1 1 1 1 1 1 1 1 100 1 1 1 1
ciInstanceKlass java/util/jar/Manifest 0 0 339 10 7 12 1 1 1 100 1 10 9 7 12 1 1 1 100 1 10 9 12 1 1 9 12 1 1 10 12 1 10 12 1 1 10 12 1 1 10 12 1 1 10 12 1 1 11 7 1 11 12 1 1 10 12 1 1 10 100 12 1 1 1 100 1 7 1 10 8 1 10 12 1 1 10 12 1 1 10 12 1 10 12 1 11 100 1 10 12 1 10 12 1 1 11 12 1 1 10 12 1 11 12 1 1 11 100 12 1 1 1 11 7 12 1 1 11 12 1 1 100 1 10 12 1 8 1 11 12 1 7 1 10 12 1 1 11 12 1 10 12 1 10 12 1 10 7 12 1 1 1 8 1 10 12 1 1 10 9 100 12 1 1 1 10 12 1 1 10 100 12 1 10 12 1 10 12 1 9 100 12 1 1 1 8 1 10 12 1 8 1 8 1 100 1 10 12 1 10 12 1 10 12 1 1 100 1 8 1 10 12 1 1 8 1 10 10 12 1 1 8 1 10 12 1 1 10 7 12 1 1 1 10 12 1 10 11 12 1 1 10 12 1 10 100 12 1 1 1 10 12 1 1 10 12 1 10 12 1 1 11 10 12 1 11 10 12 1 7 1 1 1 1 1 1 1 1 1 1 1 1 1 1 1 1 1 1 1 1 1 1 1 1 1 1 1 1 1 1 1 1 1 1 1 1 1 1 1 1 1 1 1 100 1 1 1 1 1 1 1 1 1 1 1 1 1 1 7 1 1 1 1 1 1 1 1 1 1 1
ciInstanceKlass java/io/ByteArrayInputStream 1 1 117 10 7 12 1 1 1 9 7 12 1 1 1 9 12 1 1 9 12 1 9 12 1 10 100 12 1 1 1 10 7 12 1 1 1 10 7 12 1 1 1 10 7 12 1 1 1 10 12 1 1 3 10 7 1 10 7 12 1 1 1 9 12 1 1 100 1 10 10 7 12 1 1 1 1 1 1 1 1 1 1 1 1 1 1 1 1 1 1 1 1 1 1 1 1 1 1 1 1 1 1 1 100 1 1 1 1 1 1 1 1 1 1 1 1 1 1
staticfield java/io/ByteArrayInputStream $assertionsDisabled Z 1
instanceKlass java/nio/LongBuffer
instanceKlass java/nio/CharBuffer
instanceKlass java/nio/IntBuffer
instanceKlass java/nio/ByteBuffer
ciInstanceKlass java/nio/Buffer 1 1 256 100 1 10 7 12 1 1 1 9 7 12 1 1 1 9 12 1 9 12 1 1 9 12 1 9 12 1 1 10 12 1 1 10 12 1 1 10 12 100 1 7 1 10 8 1 10 12 1 1 10 12 1 8 1 8 1 10 12 1 1 10 12 1 8 1 9 12 1 1 100 1 8 1 10 12 1 8 1 8 1 9 12 10 12 1 8 1 8 1 8 1 10 12 1 8 1 8 1 8 1 100 1 10 100 1 10 100 1 10 9 12 1 1 10 7 12 1 1 1 100 1 10 12 1 1 10 12 1 10 100 12 1 1 10 7 12 1 1 1 10 7 12 1 1 1 9 12 1 1 10 7 12 1 1 1 9 12 1 1 7 1 10 10 12 1 1 7 1 10 10 7 12 1 1 1 1 1 3 1 1 1 1 1 1 1 1 1 1 1 1 1 1 100 1 1 1 1 1 1 1 7 1 1 1 1 1 1 1 1 1 1 1 1 1 1 1 1 1 1 1 1 1 1 1 1 1 1 1 1 1 1 1 1 1 1 1 1 1 1 1 100 1 100 1 100 1 100 1 100 1 100 1 100 1 1
staticfield java/nio/Buffer UNSAFE Ljdk/internal/misc/Unsafe; jdk/internal/misc/Unsafe
staticfield java/nio/Buffer SCOPED_MEMORY_ACCESS Ljdk/internal/misc/ScopedMemoryAccess; jdk/internal/misc/ScopedMemoryAccess
staticfield java/nio/Buffer IOOBE_FORMATTER Ljava/util/function/BiFunction; jdk/internal/util/Preconditions$4
staticfield java/nio/Buffer $assertionsDisabled Z 1
ciMethod java/nio/Buffer position ()I 268 0 134 0 -1
ciMethod java/nio/Buffer capacity ()I 260 0 130 0 -1
instanceKlass java/util/Collections$CopiesList
instanceKlass sun/security/jca/ProviderList$3
instanceKlass java/util/ArrayList$SubList
instanceKlass java/util/Arrays$ArrayList
instanceKlass java/util/Collections$EmptyList
instanceKlass java/util/ArrayList
ciInstanceKlass java/util/AbstractList 1 1 218 10 7 12 1 1 1 9 7 12 1 1 1 10 12 1 1 10 12 1 1 100 1 10 10 12 1 1 11 100 12 1 1 1 11 12 1 1 11 12 1 10 7 12 1 1 1 10 12 1 11 12 1 11 12 1 11 12 1 10 12 1 1 10 12 1 1 11 7 12 1 1 1 11 7 1 11 7 1 10 12 1 100 1 10 12 1 10 12 1 1 7 1 100 1 10 12 1 100 1 10 100 1 7 1 10 8 1 10 12 1 1 10 12 1 10 12 1 1 10 12 1 8 1 100 1 8 1 8 1 8 1 10 7 1 11 10 10 12 1 11 12 1 10 12 1 1 8 1 8 1 1 1 1 1 1 1 1 1 1 1 1 1 1 1 1 1 1 1 1 1 1 1 1 1 1 1 1 1 1 1 1 1 1 1 1 1 1 1 1 1 1 1 1 1 1 1 1 1 1 1 1 1 1 1 1 1 1 100 1 100 1 1 1 1 1 1 1
ciInstanceKlass java/lang/Iterable 1 1 62 10 7 12 1 1 1 11 7 12 1 1 1 11 7 12 1 1 1 11 12 1 1 11 7 12 1 1 1 10 100 12 1 1 1 100 1 1 1 1 1 1 1 1 1 1 1 1 1 1 1 1 1 1 1 1 1 1 1 1 1 1
ciInstanceKlass java/util/Collection 1 1 115 11 100 12 1 1 1 100 1 11 7 12 1 1 1 10 100 12 1 1 1 11 12 1 1 11 100 12 1 1 1 11 12 1 1 11 100 12 1 1 1 11 12 1 1 10 100 12 1 1 1 11 12 1 10 7 12 1 1 1 100 1 100 1 1 1 1 1 1 1 1 1 1 1 1 1 1 1 1 1 1 1 1 1 1 1 1 1 1 1 1 1 1 1 1 1 1 1 1 1 1 1 1 1 1 1 1 1 1 1 1 1 1 1 1
ciInstanceKlass java/util/SequencedCollection 1 1 109 100 1 10 12 1 1 11 7 12 1 1 1 11 7 12 1 1 1 11 12 1 1 11 12 1 7 1 7 1 1 1 1 1 1 1 1 1 1 1 1 1 1 1 1 1 1 1 1 1 1 1 1 1 1 1 1 1 100 1 8 1 1 12 10 1 1 1 8 1 1 1 8 1 1 1 8 1 1 1 8 1 1 8 1 1 1 8 1 1 8 1 1 1 8 1 1 8 1 1 1 8 1 1 8 1 1 8 1
ciInstanceKlass java/util/List 1 1 251 10 100 12 1 1 1 11 100 12 1 1 1 11 100 12 1 1 1 11 12 1 1 11 100 12 1 1 11 12 1 1 11 12 1 1 10 100 12 1 1 1 7 1 7 1 10 12 1 1 100 1 10 100 12 1 1 1 11 12 1 1 11 12 1 11 12 1 100 1 10 12 1 11 12 1 1 11 12 1 1 11 12 1 10 100 12 1 1 1 9 7 12 1 1 1 7 1 10 12 10 12 1 7 1 10 12 1 1 10 12 1 10 12 1 1 11 12 1 1 100 1 1 1 1 1 1 1 1 1 1 1 1 1 1 1 1 1 1 1 1 1 1 1 1 1 1 1 1 1 1 1 1 1 1 1 1 1 1 1 1 1 1 1 1 100 1 100 1 1 1 1 1 1 1 1 1 1 1 1 1 1 1 1 1 1 1 1 1 1 1 1 1 1 1 1 1 1 1 1 1 1 1 1 1 1 1 1 1 1 1 1 1 1 1 1 1 1 1 1 1 1 1 1 1 1 1 1 1 1 1 1 1 1 1 1 1 1 1 1 1 1 1 1 100 1 1 100 1 1 1
instanceKlass java/util/TreeMap$Values
instanceKlass java/util/AbstractQueue
instanceKlass java/util/LinkedHashMap$LinkedValues
instanceKlass java/util/AbstractMap$2
instanceKlass java/util/HashMap$Values
instanceKlass java/util/ArrayDeque
instanceKlass java/util/AbstractSet
instanceKlass java/util/ImmutableCollections$AbstractImmutableCollection
instanceKlass java/util/AbstractList
ciInstanceKlass java/util/AbstractCollection 1 1 160 10 7 12 1 1 1 10 7 12 1 1 1 10 12 1 1 11 7 12 1 1 1 11 12 1 1 10 12 1 1 10 100 12 1 1 1 10 12 1 1 10 12 1 1 10 7 12 1 1 10 7 12 1 1 1 7 1 10 7 12 1 1 1 10 100 12 1 1 1 100 1 10 11 12 1 11 7 1 10 12 1 10 12 1 10 100 12 1 1 1 11 8 1 7 1 10 10 12 1 1 8 1 10 12 1 10 12 1 1 1 1 1 1 1 1 1 1 1 1 1 1 1 1 1 1 1 1 1 1 1 1 1 1 1 1 1 1 1 1 1 1 1 1 1 1 1 1 1 1 1 1 1 1 1 1 1 1 1 1
ciInstanceKlass java/lang/AssertionStatusDirectives 0 0 24 10 100 12 1 1 1 100 1 1 1 1 1 1 1 1 1 1 1 1 1 1 1 1
instanceKlass java/lang/IllegalStateException
instanceKlass java/util/IllformedLocaleException
instanceKlass java/lang/UnsupportedOperationException
instanceKlass java/nio/file/FileSystemAlreadyExistsException
instanceKlass java/nio/file/FileSystemNotFoundException
instanceKlass java/util/MissingResourceException
instanceKlass java/lang/module/ResolutionException
instanceKlass java/io/UncheckedIOException
instanceKlass jdk/tools/jlink/plugin/PluginException
instanceKlass java/lang/module/FindException
instanceKlass java/lang/IllegalArgumentException
instanceKlass java/lang/ArithmeticException
instanceKlass java/lang/NullPointerException
instanceKlass java/lang/IllegalMonitorStateException
instanceKlass java/lang/ArrayStoreException
instanceKlass java/lang/ClassCastException
ciInstanceKlass java/lang/RuntimeException 1 1 40 10 100 12 1 1 1 10 12 1 10 12 1 10 12 1 10 12 1 100 1 1 1 1 5 0 1 1 1 1 1 1 1 1 1 1 1 1 1 1
instanceKlass jdk/tools/jlink/internal/Platform
instanceKlass jdk/internal/classfile/impl/AbstractInstruction$SwitchCaseImpl
instanceKlass jdk/internal/classfile/impl/DirectCodeBuilder$DeferredLabel
instanceKlass jdk/internal/classfile/impl/TransformImpl$ResolvedTransformImpl
instanceKlass jdk/internal/classfile/impl/TransformImpl$ChainedClassTransform
instanceKlass jdk/internal/classfile/impl/TransformImpl$ClassMethodTransform
instanceKlass jdk/internal/classfile/impl/TransformImpl$ChainedMethodTransform
instanceKlass jdk/internal/classfile/impl/TransformImpl$MethodCodeTransform
instanceKlass jdk/internal/classfile/impl/Options$OptionValue
instanceKlass jdk/internal/classfile/impl/StackMapGenerator$Type
instanceKlass jdk/internal/classfile/impl/ClassHierarchyImpl$ClassHierarchyInfoImpl
instanceKlass java/nio/DirectByteBuffer$Deallocator
instanceKlass java/security/SecureClassLoader$CodeSourceKey
instanceKlass jdk/internal/module/ModuleReferenceImpl$CachedHash
instanceKlass java/util/stream/Collectors$CollectorImpl
instanceKlass jdk/internal/reflect/ReflectionFactory$Config
instanceKlass jdk/internal/foreign/abi/UpcallLinker$CallRegs
instanceKlass jdk/internal/foreign/abi/VMStorage
ciInstanceKlass java/lang/Record 1 1 22 10 7 12 1 1 1 100 1 1 1 1 1 1 1 1 1 1 1 1 1 1
ciInstanceKlass java/lang/invoke/MethodType 1 1 780 7 1 10 7 12 1 1 1 9 12 1 1 9 12 1 1 9 12 1 1 10 7 12 1 1 1 9 7 12 1 1 8 1 10 100 12 1 1 1 9 7 1 9 7 1 10 12 1 1 7 1 10 8 1 10 12 1 1 10 12 1 10 12 1 1 7 1 8 1 10 12 1 100 1 10 10 12 1 10 12 1 1 10 12 1 1 11 7 12 1 1 1 9 12 1 11 12 1 1 7 10 12 1 1 10 12 1 1 7 1 7 1 10 7 12 1 1 1 10 12 1 10 12 1 9 12 1 1 10 7 12 1 1 10 12 1 1 10 7 12 1 1 1 10 7 12 1 1 1 10 12 1 9 12 1 1 10 12 1 1 10 12 1 1 10 12 1 1 10 12 1 1 10 12 1 1 10 12 1 10 12 1 10 12 1 1 10 12 1 8 1 8 1 10 12 1 1 9 12 1 1 100 1 10 10 12 1 1 10 12 1 10 12 1 1 10 12 1 1 10 12 1 10 12 1 10 12 1 8 1 10 12 1 1 10 100 12 1 1 1 10 12 1 10 12 1 1 10 12 1 10 12 1 10 12 1 1 10 12 1 10 12 1 9 12 1 10 12 1 10 10 12 1 1 10 12 1 9 12 1 1 10 12 1 1 11 12 1 1 10 12 1 1 10 12 1 10 12 1 100 1 8 1 8 1 8 1 10 12 1 10 12 1 10 12 1 1 10 10 12 1 11 12 1 1 11 12 1 10 100 12 1 1 1 9 12 1 10 12 1 10 12 1 1 10 12 1 1 10 12 1 10 12 1 10 100 12 1 1 1 10 12 1 1 10 12 1 10 12 1 10 12 1 10 9 12 1 1 7 1 10 12 1 10 12 1 1 9 100 12 1 1 1 10 7 12 1 1 1 10 7 12 1 1 1 10 12 1 1 10 7 12 1 1 1 10 12 1 1 8 1 10 7 12 1 1 1 11 12 1 1 9 12 1 1 10 12 1 1 10 12 1 10 12 1 1 10 12 1 1 10 100 12 1 1 100 1 10 12 1 1 11 100 12 1 1 18 12 1 1 11 12 1 1 18 12 1 11 12 1 100 1 11 100 12 1 1 10 12 1 100 1 10 12 1 10 100 12 1 1 10 12 1 1 9 12 1 1 9 100 12 1 1 1 10 7 12 1 1 1 9 12 1 10 100 12 1 1 10 12 1 100 10 12 1 1 10 12 1 7 1 10 10 12 1 1 7 1 7 1 9 12 1 1 7 1 7 1 7 1 1 1 5 0 1 1 1 1 1 1 1 3 1 3 1 3 1 1 1 1 1 1 1 1 1 1 1 1 1 1 1 1 1 1 1 1 1 1 1 1 1 1 1 1 1 1 1 1 1 1 1 1 1 1 1 1 1 1 1 1 1 1 1 1 1 1 1 1 1 1 1 1 1 1 1 1 1 1 1 1 1 1 1 1 1 1 1 1 1 1 1 1 1 1 1 1 1 1 1 1 1 1 1 1 1 1 1 1 1 1 1 1 1 1 1 1 1 1 1 1 1 1 1 1 1 1 1 1 1 1 1 1 1 1 1 1 1 1 1 1 1 1 1 1 1 1 100 1 100 1 1 1 1 1 1 1 1 1 1 1 1 1 100 1 1 1 7 1 1 1 1 1 1 1 1 1 1 1 1 1 1 1 1 1 1 1 1 1 1 16 15 10 12 16 16 15 10 12 16 15 10 100 12 1 1 1 1 1 7 1 1 7 1 1 100 1 100 1 1
staticfield java/lang/invoke/MethodType internTable Ljdk/internal/util/ReferencedKeySet; jdk/internal/util/ReferencedKeySet
staticfield java/lang/invoke/MethodType NO_PTYPES [Ljava/lang/Class; 0 [Ljava/lang/Class;
staticfield java/lang/invoke/MethodType objectOnlyTypes [Ljava/lang/invoke/MethodType; 20 [Ljava/lang/invoke/MethodType;
staticfield java/lang/invoke/MethodType METHOD_HANDLE_ARRAY [Ljava/lang/Class; 1 [Ljava/lang/Class;
staticfield java/lang/invoke/MethodType serialPersistentFields [Ljava/io/ObjectStreamField; 0 [Ljava/io/ObjectStreamField;
staticfield java/lang/invoke/MethodType $assertionsDisabled Z 1
ciInstanceKlass java/lang/invoke/TypeDescriptor$OfMethod 1 0 43 100 1 100 1 100 1 1 1 1 1 1 1 1 1 1 1 1 1 1 1 1 1 1 1 1 1 1 1 1 1 1 1 1 1 1 1 1 1 1 100 1 1
instanceKlass java/lang/NoSuchFieldException
instanceKlass java/lang/NoSuchMethodException
instanceKlass java/lang/ClassNotFoundException
ciInstanceKlass java/lang/ReflectiveOperationException 1 1 34 10 7 12 1 1 1 10 12 1 10 12 1 10 12 1 100 1 1 1 1 5 0 1 1 1 1 1 1 1 1 1 1 1
instanceKlass java/lang/invoke/DelegatingMethodHandle
instanceKlass java/lang/invoke/BoundMethodHandle
instanceKlass java/lang/invoke/DirectMethodHandle
ciInstanceKlass java/lang/invoke/MethodHandle 1 1 733 100 1 9 7 12 1 1 1 10 7 12 1 1 1 10 7 12 1 1 1 7 1 7 1 10 12 1 1 9 12 1 1 10 12 1 10 12 1 1 10 12 1 1 10 100 12 1 1 1 10 12 1 1 10 12 1 1 11 7 12 1 1 1 10 12 1 1 10 12 1 10 12 1 10 12 1 1 9 12 1 1 9 12 1 1 10 7 12 1 1 1 10 12 1 1 10 12 1 10 12 1 100 1 7 1 10 8 1 10 12 1 1 10 12 1 8 1 10 12 1 1 10 12 1 10 7 12 1 1 1 10 12 1 1 10 12 1 1 10 12 1 1 10 7 12 1 1 1 10 12 1 1 10 12 1 1 10 12 1 10 12 1 1 10 7 12 1 1 10 7 12 1 1 10 12 1 10 12 1 10 12 1 1 10 12 1 1 10 12 1 1 10 12 1 1 10 7 12 1 1 1 10 100 12 1 1 1 10 12 1 1 10 12 1 1 10 12 1 1 8 1 10 7 12 1 1 1 8 1 10 12 1 10 12 1 1 10 12 1 1 10 12 1 8 1 10 12 1 1 8 1 10 12 1 8 1 10 7 12 1 1 1 9 12 1 1 100 1 10 9 7 12 1 1 1 9 7 1 8 1 10 12 1 1 10 12 1 10 12 1 1 10 12 1 10 12 1 1 10 12 1 10 12 1 1 10 12 1 10 12 1 1 10 12 1 1 8 1 10 12 1 1 8 1 10 12 1 10 12 1 1 10 12 1 10 12 1 10 12 1 1 9 100 12 1 1 1 10 12 1 1 11 12 1 10 12 1 10 12 1 1 10 100 12 1 1 100 1 11 12 1 10 100 1 11 12 1 7 1 10 12 1 11 12 1 9 100 12 1 1 1 11 12 1 1 11 100 12 1 1 1 10 12 1 1 9 12 1 11 12 1 9 12 1 9 12 1 9 12 1 11 12 1 1 9 12 1 9 12 1 9 12 1 9 12 1 9 12 1 9 12 1 9 12 1 8 1 10 12 1 10 12 1 8 1 10 12 1 10 12 1 10 12 1 1 10 10 10 7 12 1 1 10 12 1 1 100 1 100 1 8 1 8 1 10 10 12 1 1 10 12 1 10 12 1 7 1 10 100 12 1 1 1 10 9 7 12 1 1 1 10 12 1 1 10 12 1 1 8 1 8 1 10 7 12 1 1 9 12 1 9 12 1 1 9 12 1 1 10 12 1 7 1 10 12 1 10 12 1 1 9 12 1 1 9 12 1 1 10 7 12 1 1 1 11 7 12 1 1 9 12 1 10 12 1 1 9 12 1 10 12 1 8 10 12 1 1 8 1 1 1 1 1 1 1 1 7 1 1 1 1 1 1 1 1 1 1 1 1 1 1 1 1 1 1 1 1 1 1 1 1 1 1 1 1 1 1 100 1 1 1 1 1 1 1 1 1 1 1 1 1 1 1 1 1 1 1 1 1 1 1 1 1 1 1 1 1 1 1 1 1 1 1 1 1 1 1 1 1 1 1 1 1 1 1 1 1 1 1 1 1 1 1 1 1 1 1 1 1 1 1 1 1 1 1 1 1 1 1 1 1 1 1 1 1 1 1 1 1 1 1 1 1 1 100 1 1 100 1 7 1 100 1 1 100 1 1 100 1 1 1 1
staticfield java/lang/invoke/MethodHandle FORM_OFFSET J 20
staticfield java/lang/invoke/MethodHandle UPDATE_OFFSET J 13
staticfield java/lang/invoke/MethodHandle $assertionsDisabled Z 1
ciInstanceKlass java/util/concurrent/ConcurrentHashMap 1 1 1210 7 1 7 1 3 10 12 1 1 3 7 1 10 7 12 1 1 1 7 1 10 7 12 1 1 1 100 1 11 12 1 1 11 12 1 11 12 1 1 9 12 1 1 9 12 1 1 9 12 1 10 7 12 1 1 1 7 1 10 12 1 1 10 12 1 1 10 7 12 1 1 1 4 10 12 1 9 12 1 10 12 1 1 100 1 10 5 0 10 12 1 10 12 1 1 5 0 10 12 1 1 10 12 1 9 12 1 1 10 12 1 1 9 12 1 9 12 1 1 10 12 1 1 9 12 1 10 12 1 1 9 12 1 1 10 12 1 1 100 1 10 100 1 10 12 1 10 12 1 1 10 12 1 1 10 12 1 1 10 12 1 10 12 1 1 10 12 1 1 100 1 10 12 1 1 7 1 100 1 8 1 10 12 1 10 12 1 1 10 12 1 1 11 7 12 1 1 10 12 1 1 11 12 1 1 11 7 12 1 1 1 11 7 12 1 1 1 11 12 1 7 1 11 12 1 11 12 1 10 12 1 1 10 12 1 1 9 12 1 1 10 100 12 1 1 1 9 10 12 1 1 9 12 1 10 12 1 1 5 0 9 12 1 1 7 1 10 12 1 9 12 1 1 7 1 10 12 1 9 12 1 7 1 10 7 1 10 10 12 1 1 8 1 10 12 1 10 12 1 1 11 100 1 10 12 1 10 100 12 1 1 1 8 1 10 100 12 1 1 1 8 1 10 12 1 8 1 10 12 1 10 12 1 1 10 100 12 1 1 10 12 1 10 12 1 10 12 1 9 12 1 9 10 12 1 9 12 1 1 11 100 12 1 1 1 11 7 12 1 1 1 100 1 10 12 11 100 12 1 1 10 11 7 12 1 10 12 1 100 1 10 12 1 100 1 10 10 9 7 12 1 1 1 10 12 3 10 7 12 1 1 9 12 1 10 12 1 1 9 12 1 1 9 12 1 10 12 1 1 10 100 12 1 1 9 12 1 9 7 12 1 1 10 12 1 1 10 12 1 3 9 12 1 9 12 1 10 12 1 1 7 1 9 3 9 12 1 7 1 10 12 1 9 12 1 10 12 1 9 12 1 10 12 1 9 12 1 10 100 12 1 1 1 100 10 12 1 7 1 5 0 10 100 12 1 1 100 1 10 12 1 1 10 12 1 10 12 1 100 1 10 12 1 10 100 1 100 1 10 10 12 1 10 100 1 10 12 1 10 100 1 10 12 1 10 7 1 10 12 1 1 100 1 10 12 1 10 10 12 1 100 1 10 12 1 10 10 12 1 100 1 10 12 1 10 100 1 10 12 1 10 100 1 10 12 1 10 100 1 10 12 1 10 100 1 10 12 1 10 100 1 10 12 1 10 100 1 10 12 1 10 100 1 10 12 1 10 100 1 10 10 100 1 10 10 100 1 10 10 100 1 10 12 1 10 100 1 10 12 1 10 100 1 10 12 1 10 100 1 10 12 1 10 100 1 10 12 1 10 100 1 10 10 100 1 10 10 100 1 10 10 100 1 10 12 1 10 100 1 10 12 1 10 100 1 10 12 1 10 100 1 10 12 1 10 100 1 10 12 1 10 10 12 1 10 7 12 1 1 1 10 12 1 7 1 7 1 10 12 1 9 12 1 1 9 12 1 1 10 12 1 1 8 10 12 1 1 8 8 8 8 7 10 12 1 1 10 12 1 100 1 8 1 10 7 1 7 1 7 1 1 1 5 0 1 1 3 1 3 1 1 1 1 3 1 3 1 3 1 1 1 1 1 3 1 3 1 3 1 1 1 1 1 1 1 1 1 1 1 1 1 1 1 1 1 1 1 1 1 1 1 1 1 100 1 1 1 1 1 1 1 1 1 1 1 1 1 1 1 1 1 1 1 1 1 1 1 1 1 1 1 1 1 1 1 1 1 1 1 1 1 1 1 1 1 1 1 1 1 1 1 1 1 1 1 1 1 1 1 1 1 1 1 1 1 1 1 1 1 1 1 1 1 1 1 1 1 1 1 1 1 1 1 1 1 1 1 1 100 1 1 1 1 1 1 1 1 1 1 1 7 1 1 1 1 1 1 1 1 1 1 1 1 1 1 1 1 1 1 1 1 1 1 1 1 1 1 1 1 1 1 1 1 1 1 1 1 1 1 1 1 1 1 1 1 1 1 1 1 1 1 1 1 1 1 1 1 1 1 1 1 1 1 1 1 1 1 1 1 1 1 1 1 1 1 1 1 1 1 1 1 1 1 1 1 1 1 1 1 1 1 1 1 1 1 1 1 1 1 1 1 1 1 1 1 1 1 1 1 1 1 1 1 1 1 1 1 1 1 1 1 1 1 1 1 1 1 1 1 1 1 1 1 1 1 1 1 1 1 1 1 1 1 1 1 1 1 1 1 1 1 1 1 1 1 1 1 1 1 1 1 1 1 1 1 1 1 1 1 1 1 1 1 1 1 1 1 1 1 1 1 1 1 1 1 1 1 1 1 1 1 1 1 1 1 1 1 1 1 1 1 1 1 1 1 1 1 1 1 1 1 1 1 1 1 1 1 1 1 1 1 1 1 1 100 1 100 1 100 1 100 1 100 1 100 1 100 1 100 1 100 1 1 1 1 1 1 1 1 1 1 1 1 1 1 1 1 1 1 1 1 1 1 1 1 1 1 1 1 1 1 1 1 1 1 1 1 1 1 1 1 1 1 1 1 1 1 1 1 1 1 1 1 1 1 1 1 1 1
staticfield java/util/concurrent/ConcurrentHashMap NCPU I 4
staticfield java/util/concurrent/ConcurrentHashMap serialPersistentFields [Ljava/io/ObjectStreamField; 3 [Ljava/io/ObjectStreamField;
staticfield java/util/concurrent/ConcurrentHashMap U Ljdk/internal/misc/Unsafe; jdk/internal/misc/Unsafe
staticfield java/util/concurrent/ConcurrentHashMap SIZECTL J 20
staticfield java/util/concurrent/ConcurrentHashMap TRANSFERINDEX J 32
staticfield java/util/concurrent/ConcurrentHashMap BASECOUNT J 24
staticfield java/util/concurrent/ConcurrentHashMap CELLSBUSY J 36
staticfield java/util/concurrent/ConcurrentHashMap CELLVALUE J 272
staticfield java/util/concurrent/ConcurrentHashMap ABASE I 16
staticfield java/util/concurrent/ConcurrentHashMap ASHIFT I 2
instanceKlass java/lang/ProcessEnvironment$StringEnvironment
instanceKlass java/util/TreeMap
instanceKlass java/util/stream/Collectors$Partition
instanceKlass java/util/Collections$SingletonMap
instanceKlass java/util/IdentityHashMap
instanceKlass java/util/EnumMap
instanceKlass java/util/WeakHashMap
instanceKlass java/util/Collections$EmptyMap
instanceKlass java/util/HashMap
instanceKlass java/util/ImmutableCollections$AbstractImmutableMap
instanceKlass java/util/concurrent/ConcurrentHashMap
ciInstanceKlass java/util/AbstractMap 1 1 196 10 7 12 1 1 1 10 7 12 1 1 1 11 7 12 1 1 1 10 11 12 1 1 11 7 12 1 1 1 11 12 1 1 7 1 11 12 1 10 12 1 1 11 12 1 100 1 10 11 12 1 11 7 1 10 12 1 1 11 12 1 9 12 1 1 100 1 10 12 1 9 12 1 1 7 1 10 11 11 12 1 1 11 12 1 7 1 100 1 11 12 1 8 1 7 1 10 10 12 1 1 8 1 10 12 1 10 12 1 1 10 12 1 1 1 1 1 1 1 1 1 1 1 1 1 1 1 1 1 1 1 1 1 1 1 1 1 1 1 1 1 1 1 1 1 1 1 1 1 1 1 1 7 1 1 1 1 1 1 1 7 1 1 1 1 1 1 1 1 1 100 1 1 1 1 1 1 1 1 1 100 1 100 1 100 1 100 1 100 1 1 1 1 1 1
ciInstanceKlass java/util/concurrent/ConcurrentMap 1 1 208 11 7 12 1 1 1 10 100 12 1 1 11 12 1 1 11 100 12 1 1 1 11 7 12 1 1 1 11 12 1 1 100 1 11 12 1 11 12 1 100 1 11 100 12 1 1 1 18 12 1 11 12 1 1 11 100 12 1 1 11 12 1 1 11 100 12 1 11 12 1 1 11 12 1 1 7 1 7 1 1 1 1 1 1 1 1 1 1 1 1 1 1 1 1 1 1 1 1 1 1 1 1 1 1 1 1 1 1 1 1 1 1 1 1 1 1 1 1 1 1 1 1 1 1 1 1 1 1 1 1 1 1 1 1 1 1 1 1 16 15 11 12 15 10 100 12 1 1 1 1 1 100 1 100 1 1 1 100 1 8 1 1 12 10 1 1 1 8 1 1 1 8 1 1 8 1 1 1 8 1 1 1 8 1 1 1 8 1 1 1 8 1 1 1 8 1 1 1 8 1 1 1 8 1 1 8 1
ciInstanceKlass jdk/internal/loader/ClassLoaders 1 1 183 10 7 12 1 1 1 10 7 12 1 1 1 10 12 1 1 10 100 12 1 1 1 9 7 12 1 1 1 9 12 1 1 9 12 1 1 7 1 11 100 12 1 1 1 100 1 11 12 1 1 11 12 1 1 10 100 12 1 1 1 10 100 12 1 1 1 100 1 100 1 10 7 12 1 1 1 9 12 1 1 10 12 1 1 7 1 10 12 1 1 10 12 1 7 1 8 1 10 7 12 1 1 1 10 12 1 1 7 1 10 12 1 10 12 1 10 12 1 8 1 10 7 12 1 1 8 1 8 1 10 12 1 7 1 10 12 1 10 12 1 10 12 1 1 1 1 1 1 1 1 1 1 1 1 1 1 1 1 1 1 1 1 7 1 1 1 1 1 1 1 1 1 1 1 1 1 1 1 1 1 1 1
staticfield jdk/internal/loader/ClassLoaders JLA Ljdk/internal/access/JavaLangAccess; java/lang/System$2
staticfield jdk/internal/loader/ClassLoaders BOOT_LOADER Ljdk/internal/loader/ClassLoaders$BootClassLoader; jdk/internal/loader/ClassLoaders$BootClassLoader
staticfield jdk/internal/loader/ClassLoaders PLATFORM_LOADER Ljdk/internal/loader/ClassLoaders$PlatformClassLoader; jdk/internal/loader/ClassLoaders$PlatformClassLoader
staticfield jdk/internal/loader/ClassLoaders APP_LOADER Ljdk/internal/loader/ClassLoaders$AppClassLoader; jdk/internal/loader/ClassLoaders$AppClassLoader
instanceKlass jdk/internal/loader/ClassLoaders$BootClassLoader
instanceKlass jdk/internal/loader/ClassLoaders$PlatformClassLoader
instanceKlass jdk/internal/loader/ClassLoaders$AppClassLoader
ciInstanceKlass jdk/internal/loader/BuiltinClassLoader 1 1 737 9 7 12 1 1 1 10 7 12 1 1 1 10 7 12 1 1 1 9 12 1 1 9 12 1 1 7 1 10 12 1 9 12 1 10 12 1 9 12 1 10 7 12 1 1 1 10 7 12 1 1 1 10 7 12 1 1 1 11 7 12 1 1 1 7 1 7 1 10 10 12 1 1 8 1 10 12 1 10 12 7 1 10 12 1 10 12 1 1 11 7 12 1 1 1 11 7 12 1 1 1 11 12 1 1 7 1 8 1 8 1 10 9 12 1 1 10 7 12 1 1 11 12 1 1 10 12 1 1 10 12 1 1 10 12 1 1 10 7 12 1 1 1 10 12 1 10 7 12 1 1 1 10 12 1 1 11 7 12 1 1 1 10 7 12 1 1 7 1 10 7 12 1 1 1 10 12 1 100 1 8 1 10 12 1 1 10 8 1 10 12 1 1 10 12 1 1 10 12 1 1 11 7 12 1 1 11 12 1 7 1 10 11 12 1 1 11 10 12 1 1 7 1 10 12 1 10 7 12 1 10 12 1 7 1 10 12 1 10 7 12 1 1 1 100 1 10 12 1 1 11 12 1 100 1 100 1 10 12 1 10 12 1 1 100 1 100 1 10 12 1 10 12 1 18 12 1 1 10 12 1 10 12 1 1 18 100 1 10 7 12 1 1 1 7 1 10 10 12 1 1 10 12 1 1 10 12 1 1 10 12 1 9 12 1 1 100 1 10 10 12 1 1 10 12 1 1 10 12 1 10 12 10 12 1 1 10 12 1 1 10 12 1 1 10 12 1 10 12 1 1 18 12 1 7 1 10 12 1 1 10 12 1 10 12 1 1 10 12 1 100 1 10 12 1 7 1 10 12 1 10 100 12 1 1 1 10 12 1 11 12 1 7 1 10 12 1 7 1 100 1 10 12 1 10 12 1 11 12 1 1 10 12 1 1 10 12 1 1 10 12 1 1 10 12 1 1 10 12 1 10 12 1 10 12 1 10 12 1 8 1 10 12 1 1 10 100 12 1 1 10 12 1 100 1 8 1 8 1 10 10 12 1 8 1 8 1 10 100 12 1 1 1 11 100 12 1 1 1 9 100 12 1 1 1 10 100 12 1 1 1 9 12 1 9 12 1 9 12 1 9 12 1 9 12 1 9 12 1 10 7 12 1 1 1 8 1 10 12 1 7 1 10 12 1 1 10 12 1 7 1 10 11 12 1 1 10 12 10 12 1 10 12 1 100 1 10 12 1 10 12 1 10 10 12 1 10 7 12 1 1 8 1 10 7 12 1 1 10 12 1 1 1 1 1 1 1 1 1 1 1 1 1 1 1 1 1 1 1 1 1 1 1 1 1 1 1 1 1 1 1 1 1 1 1 1 1 1 1 1 1 1 1 1 1 1 1 1 1 1 1 1 1 1 1 1 7 1 1 1 1 1 1 1 1 1 1 1 1 1 1 1 1 1 1 7 1 7 1 1 1 1 1 1 1 1 1 1 1 1 1 1 1 1 1 1 1 1 1 1 1 1 1 1 1 1 1 1 1 1 1 1 1 1 1 1 1 1 1 1 1 1 1 1 1 1 1 1 1 100 1 1 16 15 10 12 16 15 10 12 16 15 10 12 16 1 15 10 100 12 1 1 1 1 1 100 1 1 1 1 1 100 1 100 1 1
staticfield jdk/internal/loader/BuiltinClassLoader packageToModule Ljava/util/Map; java/util/concurrent/ConcurrentHashMap
staticfield jdk/internal/loader/BuiltinClassLoader $assertionsDisabled Z 1
ciInstanceKlass jdk/internal/loader/ClassLoaders$AppClassLoader 1 1 119 8 1 10 7 12 1 1 1 10 7 12 1 1 1 10 7 12 1 1 1 10 12 1 1 10 7 12 1 1 1 10 12 1 1 10 12 1 1 7 1 8 1 10 12 10 7 12 1 1 1 10 7 12 1 1 10 12 1 1 10 12 1 1 10 7 12 1 1 1 7 1 10 12 1 1 1 1 1 1 1 1 1 1 1 1 1 1 1 1 1 1 1 1 1 7 1 1 1 1 1 1 1 1 1 1 1 1 1 1 1 1 1 1 1 7 1 1 1
ciInstanceKlass jdk/internal/loader/ClassLoaders$PlatformClassLoader 1 1 42 8 1 10 7 12 1 1 1 10 7 12 1 1 1 7 1 10 12 1 7 1 1 1 1 1 1 1 1 1 1 1 1 1 1 7 1 1 1 100 1 1
ciInstanceKlass java/lang/ArithmeticException 1 1 26 10 100 12 1 1 1 10 12 1 100 1 1 1 1 5 0 1 1 1 1 1 1 1 1 1
ciInstanceKlass java/lang/ArrayStoreException 1 1 26 10 100 12 1 1 1 10 12 1 100 1 1 1 1 5 0 1 1 1 1 1 1 1 1 1
ciInstanceKlass java/lang/ClassCastException 1 1 26 10 100 12 1 1 1 10 12 1 100 1 1 1 1 5 0 1 1 1 1 1 1 1 1 1
ciInstanceKlass java/lang/ClassNotFoundException 1 1 96 7 1 10 7 12 1 1 1 10 12 1 10 12 1 1 10 100 12 1 1 1 8 1 10 100 12 1 1 1 10 7 12 1 1 10 100 12 1 1 1 10 100 12 1 1 1 10 12 1 1 7 1 10 12 1 9 12 1 1 1 1 1 5 0 1 1 1 1 1 1 1 1 1 1 1 1 1 1 1 1 1 1 100 1 1 1 1 1 1 1 1 1 1 1 1
staticfield java/lang/ClassNotFoundException serialPersistentFields [Ljava/io/ObjectStreamField; 1 [Ljava/io/ObjectStreamField;
instanceKlass java/nio/file/InvalidPathException
instanceKlass java/lang/NumberFormatException
instanceKlass java/nio/file/ProviderMismatchException
ciInstanceKlass java/lang/IllegalArgumentException 1 1 35 10 100 12 1 1 1 10 12 1 10 12 1 10 12 1 100 1 1 1 1 5 0 1 1 1 1 1 1 1 1 1 1 1 1
ciInstanceKlass java/lang/IllegalMonitorStateException 1 1 26 10 100 12 1 1 1 10 12 1 100 1 1 1 1 5 0 1 1 1 1 1 1 1 1 1
ciInstanceKlass java/lang/BootstrapMethodError 0 0 45 10 100 12 1 1 1 10 12 1 10 12 1 10 100 12 1 1 1 10 100 12 1 1 1 1 1 1 5 0 1 1 1 1 1 1 1 1 1 1 1 100 1 1 1
instanceKlass java/lang/IncompatibleClassChangeError
instanceKlass java/lang/BootstrapMethodError
instanceKlass java/lang/NoClassDefFoundError
ciInstanceKlass java/lang/LinkageError 1 1 31 10 7 12 1 1 1 10 12 1 10 12 1 100 1 1 1 1 5 0 1 1 1 1 1 1 1 1 1 1 1
ciInstanceKlass java/lang/NullPointerException 1 1 52 10 100 12 1 1 1 10 12 1 9 100 12 1 1 1 10 12 1 1 9 12 1 1 10 12 1 1 10 12 1 1 1 1 5 0 1 1 1 1 1 1 1 1 100 1 100 1 100 1 1 1
ciInstanceKlass java/lang/NoClassDefFoundError 0 0 26 10 100 12 1 1 1 10 12 1 100 1 1 1 1 5 0 1 1 1 1 1 1 1 1 1
ciInstanceKlass java/lang/StackOverflowError 1 1 26 10 100 12 1 1 1 10 12 1 100 1 1 1 1 5 0 1 1 1 1 1 1 1 1 1
ciInstanceKlass java/lang/StackTraceElement 0 0 235 10 7 12 1 1 1 10 7 12 1 1 9 12 1 1 9 12 1 1 9 12 1 9 12 1 8 1 10 100 12 1 1 1 7 1 9 12 1 8 1 9 12 1 9 12 1 9 12 1 1 10 12 1 1 10 12 1 8 1 10 100 12 1 1 1 7 1 10 12 1 10 12 1 1 10 12 1 10 12 1 1 10 12 1 10 12 1 10 10 12 1 8 1 10 12 1 10 12 1 1 10 12 1 1 10 12 1 10 12 1 10 12 1 9 12 1 1 10 7 12 1 1 1 10 12 1 1 7 1 10 12 1 1 10 100 12 1 1 10 100 12 1 1 1 10 7 12 1 1 10 100 12 1 1 10 10 12 1 1 10 12 1 1 10 12 1 1 10 12 1 7 1 1 1 1 1 1 1 3 1 3 1 1 5 0 1 1 1 1 1 1 1 1 1 1 1 1 1 1 1 1 1 1 1 1 1 1 1 1 1 1 1 1 1 7 1 7 1 1 1 1 1 1 1 100 1 1 1 1 1 1 1 1 1
instanceKlass java/util/concurrent/locks/AbstractQueuedSynchronizer
ciInstanceKlass java/util/concurrent/locks/AbstractOwnableSynchronizer 1 1 32 10 7 12 1 1 1 9 7 12 1 1 1 100 1 1 1 1 5 0 1 1 1 1 1 1 1 1 1 1 1 1
ciInstanceKlass jdk/internal/vm/Continuation 0 0 549 9 100 12 1 1 1 9 12 1 9 12 1 100 1 7 1 10 12 1 1 8 1 10 12 1 1 10 12 1 10 12 1 1 10 12 1 9 7 12 1 1 1 11 100 12 1 1 1 10 7 1 9 12 1 1 9 12 1 1 10 8 1 10 12 1 9 12 1 1 10 11 12 1 1 100 1 10 100 12 1 1 1 10 12 1 1 10 12 1 10 12 1 1 11 12 1 1 9 12 1 1 10 12 1 1 18 12 1 1 10 7 12 1 1 1 100 1 10 12 1 11 100 12 1 1 1 10 12 1 9 12 1 10 12 1 1 100 1 8 1 10 12 1 10 12 1 1 9 12 1 1 11 12 1 1 9 12 1 1 8 1 10 11 12 1 1 11 12 1 1 10 12 1 1 10 12 1 1 9 12 1 10 12 1 10 10 12 1 8 1 10 12 1 8 1 8 1 10 7 12 1 1 1 10 7 12 1 1 1 10 12 1 9 12 1 11 12 1 7 1 10 12 1 10 12 1 1 9 12 1 1 7 1 10 12 1 1 9 12 1 1 10 12 1 10 12 1 11 7 12 1 1 10 7 1 10 12 1 8 1 9 12 1 10 12 1 1 9 12 1 1 10 7 12 1 1 8 1 8 1 8 1 8 1 10 12 1 1 10 12 1 10 12 1 10 12 1 10 12 1 1 10 12 1 1 8 1 10 12 1 1 9 12 1 1 10 12 1 1 9 12 1 8 1 10 7 12 1 1 1 10 12 1 8 1 100 1 8 1 10 9 12 1 1 8 1 10 7 12 1 1 10 100 12 1 1 8 1 8 1 10 12 10 100 12 1 1 1 10 7 1 10 7 12 1 1 1 18 11 100 12 1 1 1 18 12 1 11 12 1 1 7 1 10 7 12 1 1 10 12 1 1 8 10 12 1 1 10 100 12 1 1 1 10 100 12 1 1 10 12 1 8 1 10 12 1 7 1 7 1 10 12 1 1 1 1 1 1 1 1 1 1 1 1 1 1 1 1 1 1 1 1 1 1 1 1 1 1 1 1 1 1 1 1 1 1 1 1 1 1 1 1 1 1 1 1 1 1 1 1 1 1 1 1 1 1 1 1 1 1 1 1 1 1 1 1 1 1 1 1 1 1 1 1 1 1 1 100 1 1 16 1 15 10 12 16 15 11 7 12 1 1 1 16 1 16 1 15 10 12 16 15 10 100 12 1 1 1 1 1 1 1 1 100 1 100 1 1
ciInstanceKlass jdk/internal/misc/UnsafeConstants 1 1 34 10 100 12 1 1 1 9 7 12 1 1 1 9 12 1 9 12 1 1 9 12 1 9 12 1 1 1 1 1 1 1 1 1
staticfield jdk/internal/misc/UnsafeConstants ADDRESS_SIZE0 I 8
staticfield jdk/internal/misc/UnsafeConstants PAGE_SIZE I 4096
staticfield jdk/internal/misc/UnsafeConstants BIG_ENDIAN Z 1
staticfield jdk/internal/misc/UnsafeConstants UNALIGNED_ACCESS Z 1
staticfield jdk/internal/misc/UnsafeConstants DATA_CACHE_LINE_FLUSH_SIZE I 0
ciInstanceKlass java/lang/Void 1 1 31 10 7 12 1 1 1 8 1 10 7 12 1 1 1 9 7 12 1 1 1 1 1 1 1 1 1 1 1 1 1
staticfield java/lang/Void TYPE Ljava/lang/Class; java/lang/Class
ciInstanceKlass java/lang/invoke/LambdaForm 1 1 1059 7 1 100 1 10 7 12 1 1 1 9 12 1 1 9 12 1 9 12 1 9 12 1 1 9 12 1 1 9 12 1 1 9 12 1 1 9 12 1 1 9 12 1 10 7 12 1 1 9 12 1 10 12 1 1 100 1 10 10 12 1 1 10 12 1 10 12 1 10 12 1 1 10 12 1 9 12 1 9 12 1 10 12 1 1 10 7 12 1 1 1 10 12 1 1 9 100 12 1 1 1 10 12 1 1 9 7 12 1 1 10 12 1 10 12 1 1 10 12 1 1 10 12 1 1 7 1 10 7 12 1 1 1 10 12 1 1 10 12 1 10 12 1 1 9 12 1 1 9 12 1 9 12 1 1 10 12 1 9 12 1 10 100 12 1 1 1 10 12 1 1 7 1 10 12 1 9 12 1 1 10 7 12 1 1 1 10 12 1 10 12 1 7 1 10 12 1 10 12 1 10 12 1 1 10 12 1 1 10 12 1 10 12 1 10 12 1 10 12 1 1 8 1 10 12 1 10 12 1 10 10 12 1 8 1 8 1 9 12 1 9 12 1 1 10 12 1 1 10 12 1 9 12 1 10 12 1 1 10 7 12 1 1 1 10 12 1 1 10 12 1 10 12 1 10 100 12 1 1 1 9 12 1 10 12 1 8 1 8 1 8 1 8 1 8 1 8 1 8 1 8 1 10 12 1 9 12 1 7 1 10 12 1 1 9 12 1 10 12 1 10 12 1 1 10 12 10 12 1 10 12 1 1 10 12 1 1 10 10 12 1 1 10 12 1 1 7 1 8 1 10 12 1 1 10 12 1 10 12 1 1 10 8 1 10 12 1 1 8 1 8 1 8 1 10 12 1 10 12 1 10 12 1 1 100 1 10 12 1 1 10 12 1 1 10 7 12 1 1 1 10 12 1 1 9 12 1 1 8 1 10 100 12 1 1 1 10 7 12 1 1 10 12 10 12 1 1 10 12 1 1 9 12 1 8 10 12 1 1 100 1 10 12 1 1 10 12 1 9 7 12 1 1 9 7 12 1 1 1 8 1 10 100 12 1 1 10 12 1 1 7 1 7 1 10 10 12 1 1 10 12 1 1 8 1 8 1 7 1 8 1 10 12 10 12 1 10 12 1 10 12 1 1 8 1 8 1 10 12 1 10 12 1 1 8 1 8 1 8 1 7 1 8 1 7 1 8 1 7 1 8 1 10 12 1 8 1 9 10 7 12 1 1 1 10 12 1 9 12 1 1 10 12 1 10 10 12 1 10 12 1 10 12 1 10 12 1 1 10 12 1 10 12 1 1 10 12 1 1 10 12 1 1 10 12 1 1 8 1 100 10 12 1 10 12 1 9 12 1 1 10 7 12 1 1 8 1 8 1 7 1 8 1 8 1 8 1 8 1 8 1 8 1 8 1 8 1 10 12 1 1 10 12 1 1 10 12 1 10 12 1 10 12 1 10 12 1 8 1 8 1 8 1 10 12 1 8 1 10 12 1 8 1 8 1 8 1 8 1 8 1 10 12 1 10 12 1 10 12 1 1 10 7 12 1 1 1 10 12 1 10 12 1 10 12 1 10 12 1 10 12 1 10 12 1 10 12 1 9 12 1 1 8 1 10 12 1 1 9 12 1 1 10 12 1 1 9 12 1 9 12 1 1 9 12 1 9 12 1 1 7 1 10 7 12 1 1 1 9 12 1 10 12 1 10 12 1 8 1 10 12 1 9 12 1 1 7 1 10 7 12 1 1 1 8 1 100 1 10 12 1 9 12 1 9 12 1 10 12 1 10 12 1 10 7 12 1 1 1 10 12 1 9 7 12 1 1 10 12 1 1 10 12 1 10 12 1 10 12 1 9 12 10 12 1 10 10 12 1 9 12 1 9 9 12 1 7 9 12 1 1 10 12 1 1 9 12 1 10 12 1 10 7 1 9 1 1 1 1 3 1 3 1 1 3 1 3 1 1 1 1 1 1 1 1 1 1 1 1 1 1 1 1 1 1 1 1 1 1 1 1 1 1 1 1 1 1 1 1 1 1 1 1 1 1 1 1 1 1 1 1 1 1 1 1 1 1 1 100 1 1 1 1 1 1 1 1 1 1 1 1 1 1 1 1 1 1 1 1 1 1 1 1 1 1 1 1 1 1 1 1 1 1 1 1 1 1 1 1 1 1 1 1 1 1 1 1 1 1 1 1 1 1 1 1 1 1 1 1 1 1 100 1 1 1 1 1 1 1 1 1 1 1 1 1 1 1 1 1 1 1 1 1 1 1 1 1 1 1 1 1 1 1 1 1 1 7 1 1 1 1 1 1 1 1 1 1 1 1 1 1 1 1 1 1 1 1 1 1 100 1 1 1 100 1 1 7 1 1 1 1 1 1 1 1 1 1 1
staticfield java/lang/invoke/LambdaForm DEFAULT_CUSTOMIZED Ljava/lang/invoke/MethodHandle; 
staticfield java/lang/invoke/LambdaForm DEFAULT_KIND Ljava/lang/invoke/LambdaForm$Kind; java/lang/invoke/LambdaForm$Kind
staticfield java/lang/invoke/LambdaForm COMPILE_THRESHOLD I 0
staticfield java/lang/invoke/LambdaForm INTERNED_ARGUMENTS [[Ljava/lang/invoke/LambdaForm$Name; 5 [[Ljava/lang/invoke/LambdaForm$Name;
staticfield java/lang/invoke/LambdaForm IMPL_NAMES Ljava/lang/invoke/MemberName$Factory; java/lang/invoke/MemberName$Factory
staticfield java/lang/invoke/LambdaForm LF_identity [Ljava/lang/invoke/LambdaForm; 6 [Ljava/lang/invoke/LambdaForm;
staticfield java/lang/invoke/LambdaForm LF_zero [Ljava/lang/invoke/LambdaForm; 6 [Ljava/lang/invoke/LambdaForm;
staticfield java/lang/invoke/LambdaForm NF_identity [Ljava/lang/invoke/LambdaForm$NamedFunction; 6 [Ljava/lang/invoke/LambdaForm$NamedFunction;
staticfield java/lang/invoke/LambdaForm NF_zero [Ljava/lang/invoke/LambdaForm$NamedFunction; 6 [Ljava/lang/invoke/LambdaForm$NamedFunction;
staticfield java/lang/invoke/LambdaForm createFormsLock Ljava/lang/Object; java/lang/Object
staticfield java/lang/invoke/LambdaForm DEBUG_NAME_COUNTERS Ljava/util/HashMap; 
staticfield java/lang/invoke/LambdaForm DEBUG_NAMES Ljava/util/HashMap; 
staticfield java/lang/invoke/LambdaForm TRACE_INTERPRETER Z 0
staticfield java/lang/invoke/LambdaForm $assertionsDisabled Z 1
ciInstanceKlass java/lang/invoke/MemberName 1 1 724 7 1 7 1 100 1 9 12 1 1 10 7 12 1 1 1 9 12 1 1 10 12 1 1 10 12 1 1 10 12 1 1 10 12 1 10 12 1 1 10 7 12 1 1 1 10 12 1 9 7 12 1 1 10 12 1 7 1 7 1 10 12 1 8 1 10 12 1 1 10 12 1 10 12 1 1 10 12 1 9 12 1 1 8 1 10 100 12 1 1 1 7 1 10 10 12 1 1 7 1 7 1 10 12 1 9 12 1 1 100 1 8 1 10 12 1 10 12 1 10 12 1 10 12 1 10 12 1 1 10 12 1 10 12 1 10 12 1 1 8 1 8 1 10 12 1 8 1 9 12 1 1 3 10 12 1 10 12 1 10 12 1 10 10 7 12 1 1 1 10 12 1 10 12 1 10 12 1 10 12 1 7 1 8 10 12 1 1 10 12 1 1 8 1 9 7 1 8 9 7 1 10 12 1 1 10 12 1 10 12 1 8 1 10 12 1 1 10 12 1 10 12 1 10 12 1 10 12 1 1 7 1 10 12 1 1 10 12 1 8 1 10 12 1 10 12 1 8 1 10 12 1 1 10 12 1 1 7 1 10 12 1 1 10 12 8 1 8 1 7 1 10 12 1 10 100 12 1 1 1 100 1 10 12 10 12 1 10 12 1 10 12 1 10 12 1 10 10 12 1 10 12 1 10 12 1 3 10 12 1 3 10 12 1 3 3 3 3 3 3 10 12 1 3 9 12 1 10 12 1 1 3 10 12 1 10 10 7 12 1 1 1 10 12 1 1 10 7 12 1 1 10 10 12 1 10 12 1 1 10 12 1 10 10 12 1 1 10 12 1 10 12 1 10 12 1 7 1 10 10 10 12 100 1 10 10 10 12 1 1 10 12 1 1 10 10 12 1 8 10 7 1 10 12 1 10 7 1 10 12 1 10 12 1 10 12 1 10 10 12 1 10 12 1 1 10 12 1 1 10 12 1 10 12 1 10 12 1 100 1 10 12 1 1 100 1 8 1 10 7 1 10 12 1 10 12 10 12 1 1 10 12 1 10 12 1 8 1 8 1 8 1 8 1 10 12 1 10 12 1 10 7 12 1 1 1 8 1 8 1 10 12 1 8 1 10 10 10 12 1 10 12 1 8 1 8 1 10 10 12 1 8 1 10 100 12 1 1 1 8 1 100 1 10 12 1 10 12 1 1 10 12 1 8 1 8 1 8 1 8 1 100 1 10 8 1 8 1 8 1 8 1 10 12 1 100 1 100 1 100 1 10 100 1 10 7 1 10 7 12 1 1 1 9 7 12 1 1 1 7 1 7 1 1 1 1 1 1 1 3 1 3 1 3 1 3 1 3 1 3 1 1 1 1 1 1 1 1 3 1 3 1 1 1 1 1 1 1 1 1 1 1 1 1 1 1 1 1 1 1 1 1 1 1 1 1 1 1 1 1 1 1 1 1 1 1 1 1 1 1 1 1 1 1 1 1 1 1 1 1 1 1 1 1 1 1 1 1 1 1 1 1 1 1 1 1 1 1 1 1 1 1 1 1 1 1 1 1 1 1 1 1 1 1 1 1 1 1 1 1 1 1 1 1 1 1 1 7 1 1 1 1 1 1 1 1 1 1 1 1 1 1 1
staticfield java/lang/invoke/MemberName $assertionsDisabled Z 1
instanceKlass java/lang/invoke/VarHandleBooleans$FieldInstanceReadOnly
instanceKlass java/lang/invoke/VarHandleInts$FieldInstanceReadOnly
instanceKlass java/lang/invoke/VarHandleReferences$FieldInstanceReadOnly
instanceKlass java/lang/invoke/VarHandleByteArrayAsDoubles$ByteArrayViewVarHandle
instanceKlass java/lang/invoke/VarHandleByteArrayAsLongs$ByteArrayViewVarHandle
instanceKlass java/lang/invoke/VarHandleByteArrayAsFloats$ByteArrayViewVarHandle
instanceKlass java/lang/invoke/VarHandleByteArrayAsInts$ByteArrayViewVarHandle
instanceKlass java/lang/invoke/VarHandleByteArrayAsChars$ByteArrayViewVarHandle
instanceKlass java/lang/invoke/VarHandleByteArrayAsShorts$ByteArrayViewVarHandle
ciInstanceKlass java/lang/invoke/VarHandle 1 1 474 10 7 12 1 1 1 10 7 12 1 1 9 12 1 1 9 12 1 1 100 1 10 8 1 10 12 1 1 10 7 12 1 1 1 10 12 1 1 10 7 12 1 1 1 9 100 12 1 1 1 10 12 1 1 10 7 12 1 1 1 10 12 1 1 9 12 1 10 12 1 9 12 1 1 10 100 12 1 1 10 12 1 9 100 12 1 1 1 9 12 1 1 10 12 1 1 100 1 7 1 10 8 1 10 12 1 1 10 12 1 8 1 10 12 1 10 12 1 9 12 1 1 9 12 1 10 12 1 10 12 1 1 10 12 1 10 10 100 12 1 1 1 10 12 1 1 10 12 1 1 10 7 12 1 1 1 10 100 12 1 1 1 10 100 12 1 1 1 9 12 1 1 9 10 12 1 10 12 1 1 10 12 1 1 10 12 1 10 7 12 1 1 1 9 12 1 1 10 12 1 1 9 12 1 10 12 1 10 12 1 10 7 12 1 1 100 1 10 9 7 12 1 1 1 9 12 1 1 10 7 12 1 1 1 10 12 1 10 12 1 10 12 1 10 12 1 10 12 1 10 12 1 1 8 10 12 1 1 7 1 10 12 1 1 7 1 1 1 1 1 1 1 1 1 1 1 1 1 1 1 1 1 1 1 1 1 1 1 1 1 1 1 1 1 1 1 1 1 1 1 1 1 1 1 1 1 1 1 1 1 1 1 1 1 1 1 1 1 1 1 1 1 1 1 1 1 1 1 1 1 1 1 1 100 1 1 1 1 1 1 1 1 100 1 1 1 1 1 1 1 1 1 1 1 1 100 1 100 1 1 100 1 100 1 100 1 100 1 100 1 100 1 100 1 100 1 100 1 100 1 100 1 100 1 100 1 100 1 100 1 100 1 100 1 100 1 100 1 100 1 100 1 100 1 100 1 100 1 100 1 100 1 100 1 100 1 100 1 100 1 100 1 100 1 100 1 100 1 100 1 1 1 1 1 1 100 1 1 1 100 1 1 100 1 100 1 100 1 100 1 100 1 100 1 1 1 1 100 1 100 1 100 1 100 1 100 1 100 1 100 1 100 1
staticfield java/lang/invoke/VarHandle VFORM_OFFSET J 16
staticfield java/lang/invoke/VarHandle $assertionsDisabled Z 1
instanceKlass jdk/internal/reflect/FieldAccessorImpl
instanceKlass jdk/internal/reflect/ConstructorAccessorImpl
instanceKlass jdk/internal/reflect/MethodAccessorImpl
ciInstanceKlass jdk/internal/reflect/MagicAccessorImpl 1 1 16 10 7 12 1 1 1 100 1 1 1 1 1 1 1 1
instanceKlass jdk/internal/reflect/DirectMethodHandleAccessor
ciInstanceKlass jdk/internal/reflect/MethodAccessorImpl 1 1 38 10 7 12 1 1 1 10 100 12 1 1 1 100 1 1 1 1 1 1 1 100 1 100 1 1 1 1 1 1 1 1 1 1 1 1 1 1
ciInstanceKlass jdk/internal/reflect/MethodAccessor 1 0 17 100 1 100 1 1 1 1 100 1 100 1 1 1 1 1 1
instanceKlass jdk/internal/reflect/DirectConstructorHandleAccessor
instanceKlass jdk/internal/reflect/NativeConstructorAccessorImpl
ciInstanceKlass jdk/internal/reflect/ConstructorAccessorImpl 1 1 27 10 7 12 1 1 1 100 1 100 1 1 1 1 1 1 1 1 1 100 1 100 1 100 1 1 1
ciInstanceKlass jdk/internal/reflect/ConstructorAccessor 1 0 16 100 1 100 1 1 1 1 100 1 100 1 100 1 1 1
ciInstanceKlass jdk/internal/reflect/DelegatingClassLoader 0 0 18 10 100 12 1 1 1 100 1 1 1 1 1 1 1 1 1 1
ciInstanceKlass jdk/internal/reflect/CallerSensitive 0 0 17 100 1 100 1 100 1 1 1 1 1 1 1 1 1 1 1
ciInstanceKlass jdk/internal/reflect/NativeConstructorAccessorImpl 0 0 125 10 7 12 1 1 1 9 7 12 1 1 1 100 1 10 12 1 9 12 1 1 9 12 1 1 10 100 12 1 1 1 10 7 12 1 1 1 10 7 12 1 1 1 9 12 1 9 12 1 1 9 12 1 1 10 7 12 1 1 1 100 1 10 10 12 1 1 10 12 1 10 12 1 1 10 12 1 7 1 10 12 1 1 10 12 1 1 8 10 12 1 1 1 1 1 1 1 1 1 1 1 1 1 1 1 1 1 1 1 1 1 1 100 1 100 1 100 1 1 1 1 1 1 1
ciInstanceKlass jdk/internal/reflect/ConstantPool 1 1 142 10 7 12 1 1 1 9 7 12 1 1 1 10 12 1 1 10 12 1 1 10 12 1 10 12 1 1 10 12 1 1 10 12 1 10 12 1 1 10 12 1 10 12 1 1 10 12 1 10 12 1 10 12 1 10 12 1 1 10 12 1 1 10 12 1 1 10 12 1 1 10 12 1 10 12 1 1 10 100 12 1 1 1 8 11 7 12 1 1 1 10 7 12 1 1 1 1 1 1 1 1 1 1 1 1 1 1 1 1 1 1 1 1 1 1 1 1 1 1 1 1 1 1 1 1 1 1 1 1 1 1 1 1 1 1 1 1 1 1 1 1
ciInstanceKlass jdk/internal/reflect/UnsafeStaticFieldAccessorImpl 0 0 47 10 7 12 1 1 1 9 7 12 1 1 1 10 7 12 1 1 1 9 12 1 1 8 11 100 12 1 1 1 10 100 12 1 1 1 1 1 1 1 1 1 1 1 1 1 1
ciInstanceKlass jdk/internal/reflect/FieldAccessor 0 0 48 100 1 100 1 1 1 1 100 1 1 1 1 1 1 1 1 1 1 1 1 1 1 1 1 1 1 1 100 1 1 1 1 1 1 1 1 1 1 1 1 1 1 1 1 1 1 1
instanceKlass jdk/internal/reflect/UnsafeFieldAccessorImpl
ciInstanceKlass jdk/internal/reflect/FieldAccessorImpl 0 0 269 10 7 12 1 1 1 9 7 12 1 1 1 10 7 12 1 1 1 10 7 12 1 1 10 7 12 1 1 1 10 12 1 1 7 1 10 10 12 1 1 10 12 1 1 8 1 10 10 12 1 100 1 8 1 10 12 1 8 1 10 12 1 8 1 10 12 1 100 1 10 12 1 1 10 8 1 10 12 1 1 8 1 10 7 12 1 1 8 1 10 7 12 1 1 8 1 10 7 12 1 1 8 1 10 7 12 1 1 8 1 10 7 12 1 1 8 1 10 7 12 1 1 8 1 10 7 12 1 1 8 1 10 7 12 1 1 10 12 1 1 8 1 10 12 1 1 10 100 12 1 1 1 8 1 10 12 1 8 1 8 1 8 1 8 1 10 7 12 1 1 1 8 1 8 1 8 1 10 12 7 1 1 1 1 1 1 1 1 1 1 1 1 1 1 1 1 1 1 1 1 1 1 1 1 1 1 1 1 1 1 1 1 1 1 1 1 1 1 1 1 1 1 1 1 1 1 1 1 1 1 1 1 1 1 1 1 1 1 1 1 1 1 1 1 1 1 1 1 1 1 1 1 1 1 1 1 1 1 1 1 1 1 1 1 1 1 1 1
instanceKlass jdk/internal/reflect/UnsafeStaticFieldAccessorImpl
ciInstanceKlass jdk/internal/reflect/UnsafeFieldAccessorImpl 0 0 62 10 100 12 1 1 1 10 100 12 1 1 1 10 100 12 1 1 1 9 100 12 1 1 10 12 1 9 12 1 1 10 100 12 1 1 1 9 12 1 1 10 12 1 10 12 1 1 1 1 1 1 1 1 1 1 1 1 1 1 1 1
instanceKlass java/lang/invoke/VolatileCallSite
instanceKlass java/lang/invoke/MutableCallSite
instanceKlass java/lang/invoke/ConstantCallSite
ciInstanceKlass java/lang/invoke/CallSite 1 1 296 10 7 12 1 1 1 10 7 12 1 1 1 9 12 1 1 10 7 12 1 1 1 10 12 1 7 1 10 12 1 1 10 12 1 1 9 100 12 1 1 1 10 7 12 1 1 10 12 1 1 100 1 7 1 10 10 7 12 1 1 1 10 12 1 1 8 1 10 12 1 10 12 1 1 10 12 1 10 12 1 1 10 12 1 1 10 10 100 12 1 1 10 12 1 1 9 12 1 9 100 12 1 1 1 8 1 10 7 12 1 1 1 10 12 1 1 7 1 10 12 1 1 9 12 1 8 1 100 1 10 12 1 10 12 1 100 1 8 1 10 10 12 1 10 12 1 1 100 1 10 12 1 1 10 12 1 10 12 1 10 12 1 1 10 12 1 1 9 12 1 1 8 10 12 1 1 9 12 1 1 100 1 10 10 12 1 10 7 12 1 1 1 10 12 1 1 10 12 1 1 10 12 1 10 7 12 1 1 1 7 1 8 1 10 10 12 10 12 1 1 7 1 7 1 7 1 8 1 10 12 1 10 7 12 1 1 1 1 1 1 1 1 1 1 1 1 1 1 1 1 1 1 1 1 1 1 1 1 1 1 1 1 1 1 1 1 1 1 1 1 1 1 1 1 1 1 1 1 1 1 1 1 1 1 1 1 1 1 1 7 1 7 1 1 1
staticfield java/lang/invoke/CallSite $assertionsDisabled Z 1
ciInstanceKlass java/lang/invoke/ConstantCallSite 1 1 65 10 7 12 1 1 1 9 7 12 1 1 1 9 12 1 1 10 7 12 1 1 1 10 12 1 100 1 10 12 9 12 1 1 100 1 10 10 12 1 1 10 12 1 1 1 1 1 1 1 1 1 1 1 1 1 100 1 1 1 1 1 1 1 1
staticfield java/lang/invoke/ConstantCallSite UNSAFE Ljdk/internal/misc/Unsafe; jdk/internal/misc/Unsafe
instanceKlass java/lang/invoke/DirectMethodHandle$Interface
instanceKlass java/lang/invoke/DirectMethodHandle$Constructor
instanceKlass java/lang/invoke/DirectMethodHandle$Accessor
ciInstanceKlass java/lang/invoke/DirectMethodHandle 1 1 923 7 1 7 1 100 1 7 1 7 1 10 7 12 1 1 1 10 7 12 1 1 1 7 1 10 12 1 10 12 1 1 10 7 12 1 1 10 12 1 1 10 12 1 10 12 1 7 1 10 12 1 1 10 12 1 1 10 12 1 10 12 1 1 10 7 12 1 1 1 10 12 1 9 12 1 1 100 1 10 9 12 1 1 9 12 1 10 12 1 10 12 1 10 12 1 1 10 12 1 10 12 1 10 12 1 10 7 12 1 1 1 10 12 1 10 12 1 1 8 1 10 12 1 1 100 1 10 12 1 7 1 10 10 12 1 10 12 1 10 12 1 10 7 12 1 1 1 10 12 1 1 100 1 10 12 1 10 12 1 7 1 10 12 1 10 12 1 1 10 12 1 1 10 12 1 8 10 7 12 1 1 1 10 12 1 10 12 1 10 12 1 1 10 12 1 9 7 12 1 1 1 7 1 10 12 1 10 7 12 1 1 1 10 12 1 10 12 1 1 9 12 1 1 7 1 10 8 1 10 12 1 1 10 12 1 1 8 1 10 12 1 10 12 1 10 10 12 1 10 12 1 10 12 1 10 12 1 10 12 1 1 10 12 1 10 12 1 1 10 12 1 10 12 1 1 10 10 7 12 1 1 1 10 12 1 10 12 1 1 10 12 1 10 12 1 1 8 1 9 7 12 1 1 1 8 1 9 12 1 9 12 1 8 1 9 12 1 9 12 1 8 1 9 12 1 9 12 1 8 1 10 12 1 10 12 1 1 9 12 1 1 7 1 10 12 1 1 7 1 10 7 12 1 1 1 10 12 1 1 10 12 1 10 12 1 1 7 1 10 12 1 1 10 12 1 10 12 1 1 7 1 10 12 1 1 10 12 1 10 7 12 1 1 1 10 12 1 10 12 1 1 10 12 1 9 12 1 1 10 7 1 9 12 9 12 1 10 7 12 1 1 1 10 12 1 7 1 7 1 7 1 9 12 1 1 10 7 12 1 1 1 10 12 10 12 1 7 1 10 12 1 10 12 1 1 8 1 9 12 1 9 12 1 10 12 1 1 9 12 1 1 10 100 12 1 1 1 9 12 1 1 9 12 1 1 10 12 1 10 12 1 10 12 1 10 12 1 1 10 12 1 9 12 1 10 12 1 10 12 1 10 12 1 10 12 1 1 10 12 1 1 9 12 1 1 10 12 1 1 9 7 12 1 1 1 9 12 1 9 12 1 9 12 1 9 12 1 9 12 1 9 12 1 9 12 1 9 12 1 9 12 1 9 12 1 9 12 1 9 12 1 9 12 1 9 12 1 9 12 1 9 12 1 9 12 1 9 12 1 9 12 1 9 12 1 9 12 1 9 12 1 9 12 1 9 12 1 9 12 1 9 12 1 9 12 1 9 12 1 9 12 1 9 12 1 9 12 1 9 12 1 9 12 1 9 12 1 9 12 1 9 12 1 8 1 9 12 1 1 9 12 1 1 10 12 1 10 12 1 1 9 7 1 10 12 1 9 12 1 1 10 12 10 12 1 10 12 1 10 12 1 10 12 1 10 8 1 8 1 8 1 8 1 10 12 1 1 9 12 1 1 10 12 1 10 100 12 1 1 1 8 9 12 1 1 10 12 1 1 8 1 8 8 9 12 1 8 1 8 8 8 8 8 1 8 10 12 1 7 1 10 12 1 8 1 8 1 10 12 1 10 12 1 10 12 1 10 12 1 1 7 1 1 1 1 3 1 3 1 3 1 3 1 3 1 3 1 3 1 3 1 3 1 3 1 1 1 1 1 1 1 1 1 1 3 1 3 1 1 1 1 3 1 1 1 1 1 1 1 1 1 1 1 1 1 1 1 1 1 1 1 1 1 1 1 1 1 1 1 1 1 1 1 1 1 1 1 1 1 1 1 1 1 1 1 1 1 1 1 1 1 1 1 1 1 1 1 1 1 100 1 1 1 1 1 1 1 1 1 100 1 1 1 1 1 1 1 1 1 1 1 1 1 1 1 1 1 1 1 1 1 1 1 1 1 1 1 1 1 1 1 1 1 1 1 1 1 1 1 1 1 1 1 1 1 1 1 1 1 1 1 1
staticfield java/lang/invoke/DirectMethodHandle IMPL_NAMES Ljava/lang/invoke/MemberName$Factory; java/lang/invoke/MemberName$Factory
staticfield java/lang/invoke/DirectMethodHandle FT_UNCHECKED_REF I 8
staticfield java/lang/invoke/DirectMethodHandle ACCESSOR_FORMS [Ljava/lang/invoke/LambdaForm; 132 [Ljava/lang/invoke/LambdaForm;
staticfield java/lang/invoke/DirectMethodHandle ALL_WRAPPERS [Lsun/invoke/util/Wrapper; 10 [Lsun/invoke/util/Wrapper;
staticfield java/lang/invoke/DirectMethodHandle NFS [Ljava/lang/invoke/LambdaForm$NamedFunction; 12 [Ljava/lang/invoke/LambdaForm$NamedFunction;
staticfield java/lang/invoke/DirectMethodHandle OBJ_OBJ_TYPE Ljava/lang/invoke/MethodType; java/lang/invoke/MethodType
staticfield java/lang/invoke/DirectMethodHandle LONG_OBJ_TYPE Ljava/lang/invoke/MethodType; java/lang/invoke/MethodType
staticfield java/lang/invoke/DirectMethodHandle $assertionsDisabled Z 1
ciInstanceKlass java/lang/invoke/MutableCallSite 0 0 63 10 100 12 1 1 1 10 12 1 9 100 12 1 1 1 10 12 1 10 12 1 1 9 12 1 1 10 100 12 1 1 1 10 100 12 1 1 1 10 12 1 1 1 1 1 1 1 1 1 1 1 1 1 1 1 1 1 1 100 1 1 1
ciInstanceKlass java/lang/invoke/VolatileCallSite 0 0 37 10 100 12 1 1 1 10 12 1 10 100 12 1 1 1 10 12 1 10 12 1 1 1 1 1 1 1 1 1 1 1 1 1 1 1 1
ciInstanceKlass java/lang/invoke/ResolvedMethodName 1 1 16 10 100 12 1 1 1 100 1 1 1 1 1 1 1 1
ciInstanceKlass java/lang/invoke/MethodHandleNatives 1 1 685 100 1 10 7 12 1 1 1 9 7 12 1 1 1 10 12 1 1 100 1 10 10 12 1 1 10 12 1 10 12 1 8 1 8 1 8 1 8 1 8 1 8 1 8 1 8 1 8 1 8 1 10 12 1 1 7 1 10 7 12 1 1 1 10 7 12 1 1 1 7 1 10 10 12 1 1 8 1 10 12 1 8 1 10 12 1 1 8 1 10 12 1 1 9 7 12 1 1 1 8 1 10 100 12 1 1 1 7 1 10 12 100 1 100 1 8 1 7 1 10 10 12 1 7 1 9 7 12 1 1 10 12 1 1 10 12 1 10 7 12 1 1 1 10 12 1 1 9 12 1 8 1 10 12 1 1 10 12 1 8 1 10 12 1 1 7 1 10 12 1 10 7 12 1 1 1 10 12 1 10 12 1 1 10 12 1 1 8 1 10 12 1 1 8 1 10 12 1 8 1 8 1 8 1 7 1 10 12 1 8 1 10 7 12 1 1 1 10 12 1 1 10 7 12 1 1 10 10 12 1 1 10 12 1 10 100 12 1 1 1 100 1 8 1 10 100 12 1 1 1 7 1 8 1 10 12 1 8 1 8 1 8 1 8 1 8 1 10 12 1 1 10 12 1 1 10 12 1 10 12 1 1 10 12 1 1 7 1 10 12 1 7 1 7 1 10 12 1 10 12 1 8 1 8 1 10 10 12 1 1 10 12 1 1 8 1 10 7 12 1 1 8 1 8 1 10 12 1 1 10 7 12 1 1 1 100 1 10 12 1 1 7 1 9 12 1 1 10 7 12 1 1 1 10 10 12 1 9 12 1 10 12 1 9 12 1 9 12 1 10 12 1 1 10 12 1 10 12 1 1 7 1 7 1 10 12 1 1 10 12 1 10 12 1 1 10 7 12 1 1 1 10 12 1 8 1 10 12 1 10 12 1 10 12 1 1 10 12 1 10 7 12 1 1 1 10 12 1 1 100 1 8 1 10 9 7 12 1 1 1 10 12 1 1 10 12 1 1 7 1 10 12 1 1 10 12 1 1 100 1 100 1 10 10 100 1 100 1 10 100 1 10 10 12 1 1 10 7 1 10 12 1 10 12 1 1 10 12 1 1 10 12 1 1 10 12 1 10 12 1 1 10 8 1 10 12 1 10 12 1 10 12 1 10 12 1 10 12 1 1 10 12 1 10 12 1 10 12 1 10 10 7 12 1 1 10 12 1 1 1 1 1 1 1 1 1 1 1 1 1 7 1 1 1 1 1 1 1 1 1 1 1 1 1 1 1 1 1 1 1 1 1 1 1 1 1 1 1 1 1 1 1 1 1 1 1 1 1 1 1 1 1 1 1 1 1 1 1 1 1 1 1 1 1 1 1 1 1 1 1 1 1 1 1 100 1 1 1 1 1 1 1 1 1 1 1 1 1 1 1 1 1 1 1 1 1 1 1 1 1 1 1 1 1 1 1 1 1 100 1 1 1 1 1 1 1 1 1 1 1 1 1 1 1 1 1 1 1 1 1 1 1 1 1 1 1 1 1 1 1 1 100 1 1
staticfield java/lang/invoke/MethodHandleNatives $assertionsDisabled Z 1
ciInstanceKlass jdk/internal/foreign/abi/NativeEntryPoint 0 0 194 10 7 12 1 1 1 9 7 12 1 1 1 9 12 1 1 100 1 8 1 10 12 1 10 12 1 1 100 1 10 100 12 1 1 1 10 12 1 9 12 1 1 18 12 1 1 10 100 12 1 1 1 10 7 12 1 1 1 9 7 12 1 1 1 7 1 10 8 1 10 12 1 1 10 12 1 10 12 1 1 8 1 10 12 1 1 7 1 8 1 10 12 1 10 12 1 1 10 12 1 9 12 1 1 18 12 1 1 10 100 12 1 1 1 10 12 1 1 10 12 1 10 100 12 1 1 1 10 1 1 1 1 1 1 1 1 1 1 1 1 1 1 1 1 1 1 1 1 1 1 1 1 1 1 1 1 1 1 1 1 1 1 1 1 1 16 1 15 10 12 16 1 16 15 10 12 15 10 100 12 1 1 1 1 1 100 1 1 100 1 100 1 1
ciInstanceKlass jdk/internal/foreign/abi/ABIDescriptor 0 0 55 10 100 12 1 1 1 9 100 12 1 1 1 9 12 1 1 9 12 1 9 12 1 9 12 1 1 9 12 1 9 12 1 1 9 12 1 9 12 1 9 12 1 9 12 1 1 1 1 1 1 1 1 1 1
ciInstanceKlass jdk/internal/foreign/abi/VMStorage 0 0 91 10 7 12 1 1 1 9 7 12 1 1 1 9 12 1 1 9 12 1 1 9 12 1 1 7 1 10 8 1 10 12 1 1 10 12 1 10 12 1 1 10 12 1 18 12 1 18 12 1 1 18 12 1 1 1 1 1 1 1 1 1 1 1 1 1 1 1 1 1 1 1 8 1 15 15 15 15 15 10 100 12 1 1 1 1 100 1 100 1 1
ciInstanceKlass jdk/internal/foreign/abi/UpcallLinker$CallRegs 0 0 66 10 7 12 1 1 1 9 7 12 1 1 1 9 12 1 18 12 1 1 18 12 1 1 18 12 1 1 1 1 1 1 1 1 1 1 1 1 1 1 1 1 1 1 100 1 1 1 8 1 15 15 15 10 100 12 1 1 1 1 1 100 1 100 1 1
ciInstanceKlass java/lang/StackWalker 0 0 271 9 7 12 1 1 1 100 1 10 100 12 1 1 1 10 12 1 1 10 100 12 1 1 1 10 12 1 1 10 12 1 11 100 12 1 1 1 10 12 1 1 10 12 1 1 10 12 1 1 100 1 8 1 10 12 1 10 12 1 10 12 1 10 7 12 1 1 9 12 1 1 9 12 1 1 9 12 1 1 9 12 1 1 10 12 1 1 9 12 1 1 9 12 1 1 9 12 1 1 10 7 12 1 1 1 11 12 1 1 100 1 8 1 10 10 7 12 1 1 9 12 1 1 10 12 1 1 10 100 12 1 1 1 10 100 12 1 1 1 18 12 1 1 100 1 8 1 10 8 1 10 12 1 1 10 100 12 1 1 1 10 12 1 1 9 100 12 1 1 11 100 12 1 1 1 10 12 1 1 1 1 1 1 1 1 1 1 1 1 1 1 1 1 1 1 1 1 1 1 1 1 1 1 1 1 1 1 1 1 1 1 1 1 1 1 1 1 1 1 1 1 1 1 1 1 1 1 1 1 1 1 1 1 1 1 1 1 1 1 1 1 1 1 7 1 1 16 15 10 12 16 1 15 10 100 12 1 1 1 1 1 1 1 1 1 100 1 100 1 1
ciInstanceKlass java/lang/StackWalker$StackFrame 0 0 41 100 1 10 12 1 1 100 1 100 1 1 1 1 1 1 1 1 1 1 1 1 1 1 1 1 1 1 1 1 1 1 1 1 1 1 1 100 1 1 1
instanceKlass java/lang/LiveStackFrameInfo
ciInstanceKlass java/lang/StackFrameInfo 0 0 142 10 7 12 1 1 1 9 7 12 1 1 1 9 7 1 9 12 1 1 11 100 12 1 1 1 9 12 1 1 11 12 1 1 10 12 1 1 10 7 12 1 1 1 10 12 1 11 12 1 11 12 1 1 11 12 1 10 12 1 1 9 12 1 1 10 12 1 1 10 7 12 1 1 10 12 1 1 11 12 1 1 9 12 1 1 10 7 1 10 12 1 9 12 1 1 10 12 1 1 100 1 8 1 10 12 1 10 100 12 1 1 1 7 1 1 1 1 1 1 1 1 1 1 1 1 1 1 1 1 1 1 7 1 1 7 1 1 1 1 1 1
ciInstanceKlass java/lang/LiveStackFrameInfo 0 0 97 10 7 12 1 1 1 9 7 12 1 1 1 9 12 1 9 12 1 9 12 1 9 12 1 1 7 1 10 12 1 1 10 12 1 8 1 10 12 1 1 8 1 8 1 8 1 10 100 1 10 12 1 100 1 10 12 1 7 1 7 1 1 1 3 1 3 1 1 1 1 1 1 1 1 1 1 1 1 1 1 1 1 1 1 1 1 1 1 1 1 1 1 1 100 1 1
ciInstanceKlass java/lang/LiveStackFrame 0 0 135 100 1 10 100 12 1 1 1 11 7 12 1 1 1 11 12 1 10 7 12 1 1 1 100 1 8 1 10 12 1 1 10 7 12 1 1 1 9 100 12 1 1 1 10 7 12 1 1 1 10 7 12 1 1 1 11 12 1 10 12 1 7 1 7 1 1 1 1 1 1 1 1 1 1 1 1 1 1 1 1 1 1 1 1 1 1 1 1 1 1 1 1 100 1 1 1 1 1 1 1 100 1 8 1 1 12 10 1 1 1 8 1 1 1 8 1 1 1 8 1 1 1 8 1 1 8 1 1 1 8 1 1 8 1
ciInstanceKlass java/lang/StackStreamFactory$AbstractStackWalker 1 0 375 100 1 7 1 3 10 7 12 1 1 1 10 7 12 1 1 10 7 12 1 1 1 9 12 1 1 10 12 1 1 9 12 1 1 9 12 1 1 9 12 1 1 9 12 1 10 7 12 1 1 1 10 12 1 1 10 7 12 1 1 9 12 1 1 9 12 1 1 10 12 1 1 9 100 12 1 1 1 10 12 1 1 10 12 1 9 12 1 1 10 100 12 1 1 1 10 12 1 1 9 12 1 1 9 7 12 1 1 1 7 1 10 8 1 10 12 1 1 10 12 1 8 1 10 12 1 1 10 100 12 1 1 1 100 1 8 1 10 12 1 8 1 10 12 10 100 12 1 1 9 12 1 8 1 5 0 8 1 8 1 9 12 1 1 10 12 1 1 18 12 1 1 10 7 12 1 1 1 10 12 1 1 10 12 1 10 12 1 9 12 1 10 12 1 10 12 1 10 12 1 10 12 1 10 12 1 10 12 1 1 8 1 10 12 1 10 12 1 10 12 1 10 12 1 1 8 1 10 12 1 1 10 12 1 1 10 12 1 1 10 12 1 10 12 1 10 100 12 1 1 1 10 12 1 10 12 1 9 12 1 8 1 10 12 1 10 12 1 10 12 1 1 10 12 1 10 12 1 10 12 1 1 10 12 1 10 12 1 10 12 1 10 12 1 10 12 1 10 12 1 1 10 12 1 1 10 12 1 8 1 1 1 1 1 1 1 1 1 1 1 1 1 7 1 1 1 1 1 1 1 7 1 1 1 1 7 1 1 1 1 1 1 1 1 1 1 1 1 1 1 1 1 1 1 1 16 15 15 10 100 12 1 1 1 1 1 1 1 1 100 1 100 1 1
ciInstanceKlass jdk/internal/module/Modules 1 1 504 10 7 12 1 1 1 9 7 12 1 1 1 11 7 12 1 1 1 11 12 1 1 11 12 1 1 11 12 1 1 11 12 1 11 12 1 11 12 1 11 12 1 11 12 1 1 10 7 12 1 1 1 10 100 12 1 1 1 18 12 1 1 10 7 12 1 1 1 7 1 10 7 12 1 1 1 10 100 12 1 1 1 10 100 12 1 1 10 12 1 1 11 12 1 9 12 1 1 11 7 12 1 1 1 10 12 1 1 10 10 12 1 10 9 12 1 1 10 100 12 1 1 10 12 1 1 10 100 12 1 1 100 1 11 100 12 1 1 1 10 100 12 1 1 1 11 100 12 1 1 10 12 1 1 10 100 12 1 1 10 100 12 1 1 1 10 12 1 1 10 12 1 1 11 12 1 1 18 12 1 1 11 100 12 1 1 10 100 12 1 1 1 11 100 12 1 1 1 7 1 11 12 1 1 11 7 12 1 1 1 11 12 1 1 10 12 1 1 10 100 12 1 1 18 12 1 1 11 12 1 1 18 12 1 1 11 12 1 1 10 12 1 18 18 10 12 1 1 9 12 1 1 11 7 12 1 1 1 100 1 10 11 12 1 11 12 1 1 11 12 1 1 10 100 1 10 12 1 1 10 100 12 1 1 10 12 1 1 11 12 10 12 1 1 7 1 10 18 12 1 10 12 1 1 7 1 8 1 10 12 1 10 100 12 1 1 18 12 1 11 11 12 10 12 1 10 10 100 1 18 12 1 10 10 10 7 12 1 1 10 7 12 1 1 1 10 12 1 1 1 1 1 1 1 1 1 1 1 1 1 1 1 1 1 1 1 1 1 1 1 1 1 1 1 1 1 1 1 1 1 100 1 1 1 1 1 1 1 1 1 1 1 1 1 1 1 1 1 1 1 1 1 1 1 1 1 1 1 1 1 1 1 1 1 1 1 7 1 1 1 1 1 1 1 1 1 1 1 1 1 1 1 1 1 1 1 1 1 1 1 16 15 10 12 1 16 16 15 10 12 1 16 1 16 1 15 10 12 1 16 1 16 1 15 10 12 16 1 15 10 16 1 15 10 12 16 1 15 10 12 16 15 10 12 16 15 10 12 15 10 100 12 1 1 1 1 1 1 100 1 100 1 1
staticfield jdk/internal/module/Modules JLA Ljdk/internal/access/JavaLangAccess; java/lang/System$2
staticfield jdk/internal/module/Modules JLMA Ljdk/internal/access/JavaLangModuleAccess; java/lang/module/ModuleDescriptor$1
staticfield jdk/internal/module/Modules $assertionsDisabled Z 1
ciInstanceKlass java/util/ArrayList 1 1 509 10 7 12 1 1 1 7 1 9 7 12 1 1 1 9 12 1 100 1 7 1 10 8 1 10 12 1 1 10 12 1 10 12 1 1 10 12 1 9 12 1 11 7 12 1 1 1 9 12 1 1 11 12 1 1 7 10 7 12 1 1 1 9 12 1 10 12 1 10 12 1 1 10 7 12 1 1 1 10 7 12 1 1 1 10 12 1 1 10 12 1 1 10 12 1 1 10 12 1 10 12 1 1 100 1 7 1 10 12 1 10 10 7 12 1 1 1 10 7 12 1 1 10 12 1 100 1 10 10 12 10 12 1 1 10 12 1 1 10 12 1 10 12 10 12 1 1 7 1 10 12 1 1 10 12 1 1 10 12 1 100 1 10 11 12 1 1 11 7 12 1 1 1 11 12 1 10 12 1 10 12 1 10 12 1 1 100 1 10 12 1 1 10 10 12 1 1 10 12 1 8 1 8 1 8 1 8 1 10 12 1 1 10 12 1 1 11 12 1 7 1 10 100 12 1 1 10 12 1 10 12 1 1 10 100 12 1 1 10 12 1 10 100 12 1 1 1 11 100 12 1 1 1 10 12 1 100 1 8 1 10 100 1 10 12 1 7 1 10 12 1 10 12 1 1 7 1 10 12 1 10 12 1 1 11 7 12 1 1 7 1 10 12 1 10 12 1 1 11 100 12 1 1 10 12 1 1 10 12 1 1 10 12 1 1 10 12 1 1 11 100 12 1 1 10 12 1 1 7 1 7 1 7 1 1 1 1 5 0 1 3 1 1 1 1 1 1 1 1 1 1 1 1 1 1 1 1 1 1 1 1 1 1 1 1 1 1 1 1 1 1 1 1 1 1 1 1 1 1 1 1 1 1 1 1 1 1 1 1 1 1 1 1 1 1 1 1 1 1 1 1 1 1 1 1 1 1 1 1 1 1 1 1 1 1 1 1 1 1 1 1 1 1 1 1 1 1 1 1 1 1 1 1 1 1 1 1 1 1 1 1 1 1 1 1 100 1 1 1 1 7 1 1 1 1 1 1 1 1 1 1 1 1 1 1 1 1 1 1 1 1 1 1 1 1 1 1 1 1 1 100 1 1 1 1 1 1 1 1 1 1 1 1 1 1 1 1 1 1 100 1 100 1 1 1 1 1 1
staticfield java/util/ArrayList EMPTY_ELEMENTDATA [Ljava/lang/Object; 0 [Ljava/lang/Object;
staticfield java/util/ArrayList DEFAULTCAPACITY_EMPTY_ELEMENTDATA [Ljava/lang/Object; 0 [Ljava/lang/Object;
ciInstanceKlass java/util/RandomAccess 1 0 7 100 1 100 1 1 1
instanceKlass java/nio/MappedByteBuffer
instanceKlass java/nio/HeapByteBuffer
ciInstanceKlass java/nio/ByteBuffer 1 1 446 10 7 12 1 1 1 9 7 12 1 1 1 10 7 12 1 1 1 9 12 1 1 9 12 1 9 12 1 1 9 12 1 1 10 12 1 10 12 1 7 1 10 12 1 10 12 1 1 7 1 10 12 1 10 12 1 100 1 100 1 10 12 1 10 12 1 1 10 7 12 1 1 1 10 12 1 1 10 12 1 100 1 10 10 12 1 1 10 12 1 10 12 1 10 12 100 1 5 0 9 12 1 1 9 12 1 9 12 1 1 10 12 1 1 10 12 1 1 10 7 12 1 1 1 10 7 12 1 1 1 10 12 1 10 12 1 1 10 12 1 1 100 1 10 100 1 10 10 12 1 1 9 12 1 10 12 1 100 1 10 10 12 1 10 12 1 10 12 10 12 1 9 12 100 1 10 10 12 1 10 12 10 12 1 1 10 12 1 10 12 1 10 12 1 10 12 1 7 1 10 10 7 12 1 1 1 10 7 12 1 1 1 10 12 1 1 8 1 10 12 1 8 1 8 1 10 12 1 8 1 10 12 1 10 100 12 1 1 1 10 100 12 1 1 1 10 12 1 1 10 7 1 9 12 1 8 1 10 12 1 8 1 8 1 10 10 12 1 10 12 1 1 10 12 1 1 10 12 10 12 1 1 10 12 10 12 10 12 10 12 10 12 10 12 10 12 1 1 10 12 1 9 12 1 1 7 10 7 12 1 1 1 7 1 1 1 1 1 1 1 1 1 1 1 1 100 1 1 1 1 1 1 1 1 1 1 1 1 1 1 1 1 1 1 1 1 1 7 1 1 1 1 1 1 1 1 1 1 1 1 1 1 1 1 1 1 1 1 1 1 1 1 1 1 1 1 1 1 1 1 1 1 1 1 1 1 1 1 1 1 1 1 1 1 1 1 1 1 1 1 1 1 1 1 1 1 1 1 1 1 1 1 1 1 1 1 1 1 1 1 1 1 1 1 1 1 1 1 1 1 1 1 1 1 1 1 1 1 1 1 1 1 1 100 1
staticfield java/nio/ByteBuffer ARRAY_BASE_OFFSET J 16
staticfield java/nio/ByteBuffer $assertionsDisabled Z 1
ciMethod java/nio/ByteBuffer get ([B)Ljava/nio/ByteBuffer; 362 0 54770 0 -1
ciMethod java/nio/ByteBuffer get (I)B 0 0 1 0 -1
ciMethod java/nio/ByteBuffer position (I)Ljava/nio/ByteBuffer; 520 0 127913 0 -1
ciInstanceKlass java/lang/annotation/Annotation 0 0 17 100 1 100 1 1 1 1 1 1 1 1 1 1 1 1 1
ciInstanceKlass java/nio/HeapByteBuffer 1 1 360 10 7 12 1 1 1 9 7 12 1 1 1 9 12 1 9 12 1 10 12 1 1 10 12 1 9 12 1 1 9 12 1 1 9 12 1 1 10 12 1 10 7 12 1 1 1 10 12 1 10 12 1 100 1 10 10 12 1 10 12 1 1 10 12 1 10 12 1 1 100 1 10 12 10 7 12 1 1 1 10 12 1 10 12 1 100 1 10 10 12 1 1 10 12 1 9 12 1 1 100 1 10 10 12 10 12 1 9 12 1 1 10 12 1 1 10 12 10 12 1 1 9 12 1 10 7 12 1 1 1 10 12 1 10 12 10 12 1 1 100 1 10 12 1 100 1 10 10 12 1 1 10 12 1 1 100 1 10 100 1 10 10 12 1 1 10 12 1 1 100 1 10 100 1 10 10 12 1 1 10 12 1 1 100 1 10 100 1 10 10 100 12 1 1 1 10 12 1 1 100 1 10 100 1 10 10 100 12 1 1 1 10 12 1 1 100 1 10 100 1 10 10 12 1 1 10 12 1 1 10 12 10 7 12 1 1 1 9 12 1 1 7 10 7 12 1 1 1 10 12 1 1 1 1 1 1 1 1 1 1 1 1 1 1 1 1 1 1 1 1 1 1 1 1 1 1 1 1 1 1 1 1 1 1 1 1 1 1 1 1 1 1 1 1 1 1 1 1 1 1 1 100 1 1 1 1 1 1 1 1 1 1 100 1 1 1 1 1 100 1 1 1 1 1 1 1 1 1 100 1 1 1 1 1 1 1 1 1 1 100 1 1 1 1 1 1 1 1 1 1 100 1 1 1 1 1 1 1 1
staticfield java/nio/HeapByteBuffer ARRAY_BASE_OFFSET J 16
staticfield java/nio/HeapByteBuffer ARRAY_INDEX_SCALE J 1
staticfield java/nio/HeapByteBuffer $assertionsDisabled Z 1
instanceKlass jdk/tools/jlink/internal/ImageLocationWriter
ciInstanceKlass jdk/internal/jimage/ImageLocation 1 1 242 10 7 12 1 1 1 10 7 12 1 1 1 7 1 9 7 12 1 1 7 1 9 12 1 1 10 7 12 1 1 1 10 12 1 1 7 1 7 1 10 8 1 10 12 1 1 10 12 1 10 12 1 1 10 12 1 10 12 1 1 7 1 10 12 1 10 7 12 1 1 1 10 12 1 1 10 12 1 1 10 12 1 1 10 7 12 1 1 11 12 1 1 10 12 1 1 10 12 1 1 8 1 10 12 1 1 11 12 1 10 12 1 10 12 1 1 10 12 1 1 10 12 1 8 1 10 12 1 10 12 1 10 12 1 10 12 1 10 12 1 10 12 1 10 12 1 8 1 10 100 12 1 1 1 10 12 1 10 12 1 1 1 1 3 1 3 1 3 1 3 1 3 1 3 1 3 1 3 1 3 1 1 1 1 1 1 1 1 1 1 1 1 1 1 1 1 1 1 1 1 1 1 1 1 1 1 1 1 1 1 1 1 1 1 1 1 1 1 1 1 1 1 1 1 1 1 1 1 1 1 1 1 1 1 1 1 1 1 1 1 1
ciMethod jdk/internal/jimage/ImageLocation getModule ()Ljava/lang/String; 1024 0 32095 0 0
ciMethod jdk/internal/jimage/ImageLocation getParent ()Ljava/lang/String; 1024 0 30011 0 0
ciMethod jdk/internal/jimage/ImageLocation getAttribute (I)J 9036 0 51567 0 196
ciMethod jdk/internal/jimage/ImageLocation getExtension ()Ljava/lang/String; 1024 0 30023 0 0
ciMethod jdk/internal/jimage/ImageLocation getFullName (Z)Ljava/lang/String; 4636 0 34136 0 -1
ciMethod jdk/internal/jimage/ImageLocation getStrings ()Ljdk/internal/jimage/ImageStrings; 282 0 141 0 0
ciMethod jdk/internal/jimage/ImageLocation getAttributeString (I)Ljava/lang/String; 7826 0 66188 0 300
ciMethod jdk/internal/jimage/ImageLocation getModuleOffset ()I 1256 0 32099 0 0
ciMethod jdk/internal/jimage/ImageLocation getParentOffset ()I 1024 0 32099 0 0
ciMethod jdk/internal/jimage/ImageLocation getBase ()Ljava/lang/String; 1024 0 32099 0 0
ciMethod jdk/internal/jimage/ImageLocation getExtensionOffset ()I 1024 0 32099 0 0
ciInstanceKlass jdk/internal/jimage/ImageStringsReader 1 1 205 10 7 12 1 1 1 10 7 12 1 1 1 7 1 9 7 12 1 1 1 10 12 1 1 10 12 1 1 7 1 8 1 10 12 1 3 10 12 1 1 10 12 1 3 10 12 1 10 7 12 1 1 1 10 12 1 1 100 1 7 1 10 8 1 10 12 1 1 10 7 12 1 1 10 12 1 1 10 3 8 1 10 12 1 1 10 12 1 1 8 1 10 12 1 10 12 1 10 12 1 1 10 7 12 1 1 10 12 1 1 8 1 8 1 10 12 1 8 1 10 12 1 1 10 12 1 1 9 100 12 1 1 1 10 12 1 10 12 1 1 10 12 1 1 10 12 1 1 7 1 1 1 1 1 1 1 1 1 1 1 1 1 1 1 1 1 1 1 1 1 1 1 1 1 1 1 1 1 100 1 1 1 1 1 1 1 1 1 100 1 1 1 1 1 1 1 1 1 1 1 1 1 1 1
ciInstanceKlass jdk/internal/jimage/ImageStrings 1 1 29 100 1 10 12 1 1 100 1 100 1 1 1 1 1 1 1 1 1 1 1 1 1 1 1 1 1 1 1
ciMethod jdk/internal/jimage/ImageStrings get (I)Ljava/lang/String; 0 0 1 0 -1
ciMethod jdk/internal/jimage/ImageStringsReader stringFromMUTF8 ([B)Ljava/lang/String; 368 0 54768 0 -1
ciMethod java/lang/OutOfMemoryError <init> (Ljava/lang/String;)V 0 0 1 0 -1
ciMethod java/util/Arrays checkLength (II)V 708 0 75739 0 -1
ciMethod java/util/Arrays copyOfRangeByte ([BII)[B 708 0 75739 0 -1
ciMethod java/util/Arrays copyOfRange ([BII)[B 770 0 83466 0 928
ciMethod java/util/Arrays copyOf ([BI)[B 152 0 18401 0 0
ciMethod jdk/internal/util/ArraysSupport newLength (III)I 372 0 9331 0 -1
ciMethod java/lang/Math min (II)I 570 0 173902 0 -1
ciMethod java/lang/InternalError <init> (Ljava/lang/String;)V 0 0 1 0 -1
ciMethod java/lang/String getBytes ([BIB)V 548 0 5468 0 308
ciMethod java/lang/String coder ()B 676 0 1206336 0 84
ciMethod java/lang/String <init> (Ljava/lang/AbstractStringBuilder;Ljava/lang/Void;)V 98 0 8587 0 1284
ciMethod java/lang/String <init> (Ljava/lang/StringBuilder;)V 98 0 63299 0 0
ciMethod java/lang/StringBuilder append (I)Ljava/lang/StringBuilder; 16 0 963 0 -1
ciMethod java/lang/StringBuilder append (C)Ljava/lang/StringBuilder; 788 0 170766 0 1444
ciMethod java/lang/StringBuilder append (Ljava/lang/String;)Ljava/lang/StringBuilder; 162 0 170413 0 1676
ciMethod java/lang/StringBuilder <init> ()V 78 0 61849 0 500
ciMethod java/lang/AbstractStringBuilder length ()I 256 0 128 0 0
ciMethod java/lang/AbstractStringBuilder <init> (I)V 98 0 8645 0 604
ciMethod java/lang/AbstractStringBuilder append (Ljava/lang/String;)Ljava/lang/AbstractStringBuilder; 162 0 5859 0 1676
ciMethod java/lang/AbstractStringBuilder append (C)Ljava/lang/AbstractStringBuilder; 788 0 9158 0 1444
ciMethod java/lang/AbstractStringBuilder inflate ()V 0 0 1 0 -1
ciMethod java/lang/AbstractStringBuilder isLatin1 ()Z 522 0 79035 0 0
ciMethod java/lang/AbstractStringBuilder getValue ()[B 256 0 128 0 0
ciMethod java/lang/AbstractStringBuilder newCapacity (I)I 148 0 8517 0 252
ciMethod java/lang/AbstractStringBuilder ensureCapacityInternal (I)V 522 0 7669 0 1228
ciMethod java/lang/AbstractStringBuilder appendNull ()Ljava/lang/AbstractStringBuilder; 0 0 1 0 -1
ciMethod java/lang/AbstractStringBuilder putStringAt (ILjava/lang/String;)V 512 0 5859 0 0
ciMethod java/lang/AbstractStringBuilder inflateIfNeededFor (Ljava/lang/String;)V 512 0 5859 0 0
ciMethod java/lang/Object <init> ()V 806 0 2634772 0 156
ciInstanceKlass jdk/tools/jlink/internal/ImageStringsWriter 1 1 146 10 7 12 1 1 1 7 1 10 9 7 12 1 1 1 7 1 10 9 12 1 1 8 1 10 12 1 1 100 1 8 1 10 12 1 8 1 8 1 10 12 1 1 10 7 12 1 1 1 10 12 1 1 10 12 1 10 7 12 1 1 1 10 12 1 10 12 1 10 12 1 1 10 12 1 10 12 1 1 10 7 12 1 1 8 1 10 12 1 8 1 10 12 1 10 12 1 10 12 1 10 12 1 1 10 12 1 10 12 1 100 1 1 1 1 3 1 3 1 1 1 1 1 1 1 1 1 1 1 1 1 1 1 1 1 1 1 1 1 1 1 1 1 1 1
ciInstanceKlass jdk/internal/jimage/ImageStream 1 1 187 10 7 12 1 1 1 10 7 12 1 1 1 10 12 1 10 7 12 1 1 10 7 12 1 1 1 9 12 1 1 10 7 12 1 1 1 10 12 1 1 100 1 10 12 1 1 10 12 1 1 10 12 1 1 100 1 100 1 10 8 1 10 12 1 1 10 12 1 10 12 1 1 10 12 1 10 12 1 10 12 1 1 10 12 10 12 1 10 12 1 8 1 10 12 10 12 1 1 10 12 10 12 1 1 10 12 1 10 12 1 1 10 12 1 1 10 12 1 10 12 1 10 12 1 1 10 12 1 10 12 1 10 12 1 1 10 7 12 1 1 1 1 1 1 1 1 1 1 1 1 1 1 1 1 1 1 1 1 1 1 1 1 1 1 1 1 1 1 1 1 1 1 1 1 1 1 1 1 1 1 1 1 1 1 1 1
ciInstanceKlass jdk/tools/jlink/internal/ImageLocationWriter 1 1 188 7 1 10 12 1 1 9 7 12 1 1 1 10 12 1 1 10 7 12 1 1 1 9 12 1 1 10 12 1 1 9 12 1 1 100 1 8 1 10 12 1 9 12 1 1 11 7 12 1 1 1 10 12 1 1 8 1 8 1 10 7 12 1 1 1 8 1 10 12 1 10 12 1 1 8 1 8 1 10 12 1 1 10 12 1 1 10 12 1 10 12 1 1 10 12 1 10 12 1 100 1 3 10 12 1 10 12 1 8 1 10 12 1 1 10 12 1 1 10 12 1 10 12 1 10 12 1 10 12 1 8 1 10 12 1 3 10 12 1 10 7 12 1 1 1 1 1 1 1 1 1 1 1 1 1 1 1 1 1 1 1 1 1 1 1 1 1 1 1 1 1 1 1 100 1 1 1 1 1 1 1 1 1 1 1 1 1
staticfield jdk/tools/jlink/internal/ImageLocationWriter $assertionsDisabled Z 1
compile jdk/internal/jimage/ImageLocation getFullName (Z)Ljava/lang/String; -1 4 inline 101 0 -1 0 jdk/internal/jimage/ImageLocation getFullName (Z)Ljava/lang/String; 1 4 0 java/lang/StringBuilder <init> ()V 2 3 0 java/lang/AbstractStringBuilder <init> (I)V 3 1 0 java/lang/Object <init> ()V 1 9 0 jdk/internal/jimage/ImageLocation getModuleOffset ()I 2 2 0 jdk/internal/jimage/ImageLocation getAttribute (I)J 1 29 0 java/lang/StringBuilder append (C)Ljava/lang/StringBuilder; 2 2 0 java/lang/AbstractStringBuilder append (C)Ljava/lang/AbstractStringBuilder; 3 7 0 java/lang/AbstractStringBuilder ensureCapacityInternal (I)V 4 32 0 java/util/Arrays copyOf ([BI)[B 3 11 0 java/lang/AbstractStringBuilder isLatin1 ()Z 3 18 0 java/lang/StringLatin1 canEncode (C)Z 1 35 0 jdk/internal/jimage/ImageLocation getModule ()Ljava/lang/String; 2 2 0 jdk/internal/jimage/ImageLocation getAttributeString (I)Ljava/lang/String; 3 38 0 jdk/internal/jimage/ImageLocation getStrings ()Ljdk/internal/jimage/ImageStrings; 1 38 0 java/lang/StringBuilder append (Ljava/lang/String;)Ljava/lang/StringBuilder; 2 2 0 java/lang/AbstractStringBuilder append (Ljava/lang/String;)Ljava/lang/AbstractStringBuilder; 3 10 0 java/lang/String length ()I 4 6 0 java/lang/String coder ()B 3 21 0 java/lang/AbstractStringBuilder ensureCapacityInternal (I)V 4 32 0 java/util/Arrays copyOf ([BI)[B 3 30 0 java/lang/AbstractStringBuilder putStringAt (ILjava/lang/String;)V 4 2 0 java/lang/AbstractStringBuilder inflateIfNeededFor (Ljava/lang/String;)V 5 11 0 java/lang/String coder ()B 4 15 0 java/lang/String getBytes ([BIB)V 5 1 0 java/lang/String coder ()B 1 45 0 java/lang/StringBuilder append (C)Ljava/lang/StringBuilder; 2 2 0 java/lang/AbstractStringBuilder append (C)Ljava/lang/AbstractStringBuilder; 3 7 0 java/lang/AbstractStringBuilder ensureCapacityInternal (I)V 4 32 0 java/util/Arrays copyOf ([BI)[B 3 11 0 java/lang/AbstractStringBuilder isLatin1 ()Z 3 18 0 java/lang/StringLatin1 canEncode (C)Z 1 50 0 jdk/internal/jimage/ImageLocation getParentOffset ()I 2 2 0 jdk/internal/jimage/ImageLocation getAttribute (I)J 1 58 0 jdk/internal/jimage/ImageLocation getParent ()Ljava/lang/String; 2 2 0 jdk/internal/jimage/ImageLocation getAttributeString (I)Ljava/lang/String; 3 38 0 jdk/internal/jimage/ImageLocation getStrings ()Ljdk/internal/jimage/ImageStrings; 1 61 0 java/lang/StringBuilder append (Ljava/lang/String;)Ljava/lang/StringBuilder; 2 2 0 java/lang/AbstractStringBuilder append (Ljava/lang/String;)Ljava/lang/AbstractStringBuilder; 3 10 0 java/lang/String length ()I 4 6 0 java/lang/String coder ()B 3 21 0 java/lang/AbstractStringBuilder ensureCapacityInternal (I)V 4 32 0 java/util/Arrays copyOf ([BI)[B 3 30 0 java/lang/AbstractStringBuilder putStringAt (ILjava/lang/String;)V 4 2 0 java/lang/AbstractStringBuilder inflateIfNeededFor (Ljava/lang/String;)V 5 11 0 java/lang/String coder ()B 4 15 0 java/lang/String getBytes ([BIB)V 5 1 0 java/lang/String coder ()B 1 68 0 java/lang/StringBuilder append (C)Ljava/lang/StringBuilder; 2 2 0 java/lang/AbstractStringBuilder append (C)Ljava/lang/AbstractStringBuilder; 3 7 0 java/lang/AbstractStringBuilder ensureCapacityInternal (I)V 4 32 0 java/util/Arrays copyOf ([BI)[B 3 11 0 java/lang/AbstractStringBuilder isLatin1 ()Z 3 18 0 java/lang/StringLatin1 canEncode (C)Z 1 74 0 jdk/internal/jimage/ImageLocation getBase ()Ljava/lang/String; 2 2 0 jdk/internal/jimage/ImageLocation getAttributeString (I)Ljava/lang/String; 3 38 0 jdk/internal/jimage/ImageLocation getStrings ()Ljdk/internal/jimage/ImageStrings; 1 77 0 java/lang/StringBuilder append (Ljava/lang/String;)Ljava/lang/StringBuilder; 2 2 0 java/lang/AbstractStringBuilder append (Ljava/lang/String;)Ljava/lang/AbstractStringBuilder; 3 10 0 java/lang/String length ()I 4 6 0 java/lang/String coder ()B 3 21 0 java/lang/AbstractStringBuilder ensureCapacityInternal (I)V 4 32 0 java/util/Arrays copyOf ([BI)[B 3 30 0 java/lang/AbstractStringBuilder putStringAt (ILjava/lang/String;)V 4 2 0 java/lang/AbstractStringBuilder inflateIfNeededFor (Ljava/lang/String;)V 5 11 0 java/lang/String coder ()B 4 15 0 java/lang/String getBytes ([BIB)V 5 1 0 java/lang/String coder ()B 1 82 0 jdk/internal/jimage/ImageLocation getExtensionOffset ()I 2 2 0 jdk/internal/jimage/ImageLocation getAttribute (I)J 1 91 0 java/lang/StringBuilder append (C)Ljava/lang/StringBuilder; 2 2 0 java/lang/AbstractStringBuilder append (C)Ljava/lang/AbstractStringBuilder; 3 7 0 java/lang/AbstractStringBuilder ensureCapacityInternal (I)V 4 32 0 java/util/Arrays copyOf ([BI)[B 3 11 0 java/lang/AbstractStringBuilder isLatin1 ()Z 3 18 0 java/lang/StringLatin1 canEncode (C)Z 1 97 0 jdk/internal/jimage/ImageLocation getExtension ()Ljava/lang/String; 2 2 0 jdk/internal/jimage/ImageLocation getAttributeString (I)Ljava/lang/String; 3 38 0 jdk/internal/jimage/ImageLocation getStrings ()Ljdk/internal/jimage/ImageStrings; 1 100 0 java/lang/StringBuilder append (Ljava/lang/String;)Ljava/lang/StringBuilder; 2 2 0 java/lang/AbstractStringBuilder append (Ljava/lang/String;)Ljava/lang/AbstractStringBuilder; 3 10 0 java/lang/String length ()I 4 6 0 java/lang/String coder ()B 3 21 0 java/lang/AbstractStringBuilder ensureCapacityInternal (I)V 4 32 0 java/util/Arrays copyOf ([BI)[B 3 30 0 java/lang/AbstractStringBuilder putStringAt (ILjava/lang/String;)V 4 2 0 java/lang/AbstractStringBuilder inflateIfNeededFor (Ljava/lang/String;)V 5 11 0 java/lang/String coder ()B 4 15 0 java/lang/String getBytes ([BIB)V 5 1 0 java/lang/String coder ()B 1 105 0 java/lang/StringBuilder toString ()Ljava/lang/String; 2 5 0 java/lang/String <init> (Ljava/lang/StringBuilder;)V 3 3 0 java/lang/String <init> (Ljava/lang/AbstractStringBuilder;Ljava/lang/Void;)V 4 1 0 java/lang/Object <init> ()V 4 5 0 java/lang/AbstractStringBuilder getValue ()[B 4 10 0 java/lang/StringBuilder length ()I 5 1 0 java/lang/AbstractStringBuilder length ()I 4 16 0 java/lang/AbstractStringBuilder isLatin1 ()Z 4 32 0 java/util/Arrays copyOfRange ([BII)[B 5 13 0 java/util/Arrays copyOfRangeByte ([BII)[B 6 2 0 java/util/Arrays checkLength (II)V
